ISO-10303-21;
HEADER;
FILE_DESCRIPTION(('STEP AP242'),'1');
FILE_NAME('0430451012.stp','2024-11-07T18:52:46',('TraceParts'),('TraceParts S.A.'),'Spatial InterOp 3D',' ',' ');
FILE_SCHEMA(('AP242_MANAGED_MODEL_BASED_3D_ENGINEERING_MIM_LF  {1 0 10303 442 1 1 4}'));
ENDSEC;
DATA;
#1=PRODUCT_DEFINITION_CONTEXT('',#10,'design');
#2=APPLICATION_PROTOCOL_DEFINITION('INTERNATIONAL STANDARD','ap242_managed_model_based_3d_engineering',2014,#10);
#3=PRODUCT_CATEGORY_RELATIONSHIP('NONE','NONE',#11,#12);
#4=SHAPE_DEFINITION_REPRESENTATION(#13,#14);
#5=SHAPE_DEFINITION_REPRESENTATION(#13,#15);
#6= (GEOMETRIC_REPRESENTATION_CONTEXT(3)GLOBAL_UNCERTAINTY_ASSIGNED_CONTEXT((#18))GLOBAL_UNIT_ASSIGNED_CONTEXT((#20,#21,#22))REPRESENTATION_CONTEXT('NONE','WORKSPACE'));
#10=APPLICATION_CONTEXT('managed model based 3d engineering');
#11=PRODUCT_CATEGORY('part','NONE');
#12=PRODUCT_RELATED_PRODUCT_CATEGORY('detail',' ',(#24));
#13=PRODUCT_DEFINITION_SHAPE('NONE','NONE',#25);
#14=ADVANCED_BREP_SHAPE_REPRESENTATION('0430451012_1',(#26,#27),#6);
#15=GEOMETRICALLY_BOUNDED_SURFACE_SHAPE_REPRESENTATION('1',(#28,#29),#6);
#18=UNCERTAINTY_MEASURE_WITH_UNIT(LENGTH_MEASURE(1.0E-06),#20,'','');
#20= (CONVERSION_BASED_UNIT('MILLIMETRE',#32)LENGTH_UNIT()NAMED_UNIT(#35));
#21= (NAMED_UNIT(#37)PLANE_ANGLE_UNIT()SI_UNIT($,.RADIAN.));
#22= (NAMED_UNIT(#37)SOLID_ANGLE_UNIT()SI_UNIT($,.STERADIAN.));
#24=PRODUCT('0430451012_1','0430451012_1','PART-0430451012_1-DESC',(#43));
#25=PRODUCT_DEFINITION('','NONE',#44,#1);
#26=MANIFOLD_SOLID_BREP('0430451012_1',#45);
#27=AXIS2_PLACEMENT_3D('',#46,#47,#48);
#28=GEOMETRIC_SET('1',(#49,#50,#51,#52,#53,#54,#55,#56,#57,#58,#59,#60,#61,#62,#63,#64,#65,#66,#67,#68,#69,#70,#71,#72,#73,#74,#75,#76));
#29=AXIS2_PLACEMENT_3D('',#77,#78,#79);
#32=LENGTH_MEASURE_WITH_UNIT(LENGTH_MEASURE(1.0),#80);
#35=DIMENSIONAL_EXPONENTS(1.0,0.0,0.0,0.0,0.0,0.0,0.0);
#37=DIMENSIONAL_EXPONENTS(0.0,0.0,0.0,0.0,0.0,0.0,0.0);
#43=PRODUCT_CONTEXT('',#10,'mechanical');
#44=PRODUCT_DEFINITION_FORMATION_WITH_SPECIFIED_SOURCE(' ','NONE',#24,.NOT_KNOWN.);
#45=CLOSED_SHELL('',(#81,#82,#83,#84,#85,#86,#87,#88,#89,#90,#91,#92,#93,#94,#95,#96,#97,#98,#99,#100,#101,#102,#103,#104,#105,#106,#107,#108,#109,#110,#111,#112,#113,#114,#115,#116,#117,#118,#119,#120,#121,#122,#123,#124,#125,#126,#127,#128,#129,#130,#131,#132,#133,#134,#135,#136,#137,#138,#139,#140,#141,#142,#143,#144,#145,#146,#147,#148,#149,#150,#151,#152,#153,#154,#155,#156,#157,#158,#159,#160,#161,#162,#163,#164,#165,#166,#167,#168,#169,#170,#171,#172,#173,#174,#175,#176,#177,#178,#179,#180,#181,#182,#183,#184,#185,#186,#187,#188,#189,#190,#191,#192,#193,#194,#195,#196,#197,#198,#199,#200,#201,#202,#203,#204,#205,#206,#207,#208,#209,#210,#211,#212,#213,#214,#215,#216,#217,#218,#219,#220,#221,#222,#223,#224,#225,#226,#227,#228,#229,#230,#231,#232,#233,#234,#235,#236,#237,#238,#239,#240,#241,#242,#243,#244,#245,#246,#247,#248,#249,#250,#251,#252,#253,#254,#255,#256,#257,#258,#259,#260,#261,#262,#263,#264,#265,#266,#267,#268,#269,#270,#271,#272,#273,#274,#275,#276,#277,#278,#279,#280,#281,#282,#283,#284,#285,#286,#287,#288,#289,#290,#291,#292,#293,#294,#295,#296,#297,#298,#299,#300,#301,#302,#303,#304,#305,#306,#307,#308,#309,#310,#311,#312,#313,#314,#315,#316,#317,#318,#319,#320,#321,#322,#323,#324,#325,#326,#327,#328,#329,#330,#331,#332,#333,#334,#335,#336,#337,#338,#339,#340,#341,#342,#343,#344,#345,#346,#347,#348,#349,#350,#351,#352,#353,#354,#355,#356,#357,#358,#359,#360,#361,#362,#363,#364,#365,#366,#367,#368,#369,#370,#371,#372,#373,#374,#375,#376,#377,#378,#379,#380,#381,#382,#383,#384,#385,#386,#387,#388,#389,#390,#391,#392,#393,#394,#395,#396,#397,#398,#399,#400,#401,#402,#403,#404,#405,#406,#407,#408,#409,#410,#411,#412,#413,#414,#415,#416,#417,#418,#419,#420,#421,#422,#423,#424,#425,#426,#427,#428,#429,#430,#431,#432,#433,#434,#435,#436,#437,#438,#439,#440,#441,#442,#443,#444,#445,#446,#447,#448,#449,#450,#451,#452,#453,#454,#455,#456,#457,#458,#459,#460,#461,#462,#463,#464,#465,#466,#467,#468,#469,#470,#471,#472,#473,#474,#475,#476,#477,#478,#479,#480,#481,#482,#483,#484,#485,#486,#487,#488,#489,#490,#491,#492,#493,#494,#495,#496,#497,#498,#499,#500,#501,#502,#503,#504,#505,#506,#507,#508));
#46=CARTESIAN_POINT('',(0.0,0.0,0.0));
#47=DIRECTION('',(0.0,0.0,1.0));
#48=DIRECTION('',(1.0,0.0,0.0));
#49=COMPOSITE_CURVE('0430451012_2',(#509),.U.);
#50=COMPOSITE_CURVE('0430451012_3',(#510),.U.);
#51=COMPOSITE_CURVE('0430451012_4',(#511),.U.);
#52=COMPOSITE_CURVE('0430451012_5',(#512),.U.);
#53=COMPOSITE_CURVE('0430451012_6',(#513),.U.);
#54=COMPOSITE_CURVE('0430451012_7',(#514),.U.);
#55=COMPOSITE_CURVE('0430451012_8',(#515),.U.);
#56=COMPOSITE_CURVE('0430451012_9',(#516),.U.);
#57=COMPOSITE_CURVE('0430451012_10',(#517),.U.);
#58=COMPOSITE_CURVE('0430451012_11',(#518),.U.);
#59=COMPOSITE_CURVE('0430451012_12',(#519),.U.);
#60=COMPOSITE_CURVE('0430451012_13',(#520),.U.);
#61=COMPOSITE_CURVE('0430451012_14',(#521),.U.);
#62=COMPOSITE_CURVE('0430451012_15',(#522),.U.);
#63=COMPOSITE_CURVE('0430451012_16',(#523),.U.);
#64=COMPOSITE_CURVE('0430451012_17',(#524),.U.);
#65=COMPOSITE_CURVE('0430451012_18',(#525),.U.);
#66=COMPOSITE_CURVE('0430451012_19',(#526),.U.);
#67=COMPOSITE_CURVE('0430451012_20',(#527),.U.);
#68=COMPOSITE_CURVE('0430451012_21',(#528),.U.);
#69=COMPOSITE_CURVE('0430451012_22',(#529),.U.);
#70=COMPOSITE_CURVE('0430451012_23',(#530),.U.);
#71=COMPOSITE_CURVE('0430451012_24',(#531),.U.);
#72=COMPOSITE_CURVE('0430451012_25',(#532),.U.);
#73=COMPOSITE_CURVE('0430451012_26',(#533),.U.);
#74=COMPOSITE_CURVE('0430451012_27',(#534),.U.);
#75=COMPOSITE_CURVE('0430451012_28',(#535),.U.);
#76=COMPOSITE_CURVE('0430451012_29',(#536),.U.);
#77=CARTESIAN_POINT('',(0.0,0.0,0.0));
#78=DIRECTION('',(0.0,0.0,1.0));
#79=DIRECTION('',(1.0,0.0,0.0));
#80= (NAMED_UNIT(#35)LENGTH_UNIT()SI_UNIT(.MILLI.,.METRE.));
#81=ADVANCED_FACE('',(#538),#539,.T.);
#82=ADVANCED_FACE('',(#540),#541,.T.);
#83=ADVANCED_FACE('',(#542),#543,.T.);
#84=ADVANCED_FACE('',(#544),#545,.T.);
#85=ADVANCED_FACE('',(#546),#547,.F.);
#86=ADVANCED_FACE('',(#548),#549,.F.);
#87=ADVANCED_FACE('',(#550),#551,.T.);
#88=ADVANCED_FACE('',(#552),#553,.F.);
#89=ADVANCED_FACE('',(#554),#555,.F.);
#90=ADVANCED_FACE('',(#556),#557,.F.);
#91=ADVANCED_FACE('',(#558),#559,.T.);
#92=ADVANCED_FACE('',(#560),#561,.T.);
#93=ADVANCED_FACE('',(#562),#563,.F.);
#94=ADVANCED_FACE('',(#564),#565,.F.);
#95=ADVANCED_FACE('',(#566),#567,.F.);
#96=ADVANCED_FACE('',(#568),#569,.F.);
#97=ADVANCED_FACE('',(#570),#571,.F.);
#98=ADVANCED_FACE('',(#572),#573,.F.);
#99=ADVANCED_FACE('',(#574),#575,.F.);
#100=ADVANCED_FACE('',(#576,#577),#578,.T.);
#101=ADVANCED_FACE('',(#579),#580,.F.);
#102=ADVANCED_FACE('',(#581),#582,.F.);
#103=ADVANCED_FACE('',(#583),#584,.F.);
#104=ADVANCED_FACE('',(#585),#586,.F.);
#105=ADVANCED_FACE('',(#587),#588,.F.);
#106=ADVANCED_FACE('',(#589),#590,.F.);
#107=ADVANCED_FACE('',(#591),#592,.F.);
#108=ADVANCED_FACE('',(#593,#594,#595,#596,#597,#598,#599,#600,#601,#602,#603),#604,.T.);
#109=ADVANCED_FACE('',(#605,#606,#607),#608,.T.);
#110=ADVANCED_FACE('',(#609),#610,.T.);
#111=ADVANCED_FACE('',(#611),#612,.T.);
#112=ADVANCED_FACE('',(#613),#614,.T.);
#113=ADVANCED_FACE('',(#615),#616,.F.);
#114=ADVANCED_FACE('',(#617),#618,.F.);
#115=ADVANCED_FACE('',(#619),#620,.T.);
#116=ADVANCED_FACE('',(#621),#622,.T.);
#117=ADVANCED_FACE('',(#623),#624,.T.);
#118=ADVANCED_FACE('',(#625),#626,.T.);
#119=ADVANCED_FACE('',(#627),#628,.T.);
#120=ADVANCED_FACE('',(#629),#630,.F.);
#121=ADVANCED_FACE('',(#631),#632,.F.);
#122=ADVANCED_FACE('',(#633),#634,.F.);
#123=ADVANCED_FACE('',(#635),#636,.F.);
#124=ADVANCED_FACE('',(#637),#638,.T.);
#125=ADVANCED_FACE('',(#639),#640,.T.);
#126=ADVANCED_FACE('',(#641),#642,.T.);
#127=ADVANCED_FACE('',(#643),#644,.T.);
#128=ADVANCED_FACE('',(#645),#646,.T.);
#129=ADVANCED_FACE('',(#647),#648,.T.);
#130=ADVANCED_FACE('',(#649),#650,.F.);
#131=ADVANCED_FACE('',(#651),#652,.F.);
#132=ADVANCED_FACE('',(#653),#654,.F.);
#133=ADVANCED_FACE('',(#655),#656,.F.);
#134=ADVANCED_FACE('',(#657),#658,.F.);
#135=ADVANCED_FACE('',(#659),#660,.F.);
#136=ADVANCED_FACE('',(#661),#662,.F.);
#137=ADVANCED_FACE('',(#663),#664,.F.);
#138=ADVANCED_FACE('',(#665),#666,.F.);
#139=ADVANCED_FACE('',(#667),#668,.F.);
#140=ADVANCED_FACE('',(#669),#670,.F.);
#141=ADVANCED_FACE('',(#671),#672,.F.);
#142=ADVANCED_FACE('',(#673),#674,.T.);
#143=ADVANCED_FACE('',(#675),#676,.F.);
#144=ADVANCED_FACE('',(#677),#678,.F.);
#145=ADVANCED_FACE('',(#679),#680,.F.);
#146=ADVANCED_FACE('',(#681),#682,.F.);
#147=ADVANCED_FACE('',(#683),#684,.T.);
#148=ADVANCED_FACE('',(#685),#686,.T.);
#149=ADVANCED_FACE('',(#687),#688,.T.);
#150=ADVANCED_FACE('',(#689),#690,.T.);
#151=ADVANCED_FACE('',(#691),#692,.T.);
#152=ADVANCED_FACE('',(#693),#694,.T.);
#153=ADVANCED_FACE('',(#695),#696,.T.);
#154=ADVANCED_FACE('',(#697),#698,.T.);
#155=ADVANCED_FACE('',(#699),#700,.F.);
#156=ADVANCED_FACE('',(#701),#702,.F.);
#157=ADVANCED_FACE('',(#703),#704,.F.);
#158=ADVANCED_FACE('',(#705),#706,.F.);
#159=ADVANCED_FACE('',(#707),#708,.T.);
#160=ADVANCED_FACE('',(#709),#710,.T.);
#161=ADVANCED_FACE('',(#711,#712),#713,.T.);
#162=ADVANCED_FACE('',(#714,#715),#716,.T.);
#163=ADVANCED_FACE('',(#717,#718),#719,.T.);
#164=ADVANCED_FACE('',(#720,#721),#722,.T.);
#165=ADVANCED_FACE('',(#723,#724),#725,.T.);
#166=ADVANCED_FACE('',(#726,#727),#728,.T.);
#167=ADVANCED_FACE('',(#729,#730),#731,.T.);
#168=ADVANCED_FACE('',(#732,#733),#734,.T.);
#169=ADVANCED_FACE('',(#735,#736),#737,.T.);
#170=ADVANCED_FACE('',(#738,#739),#740,.T.);
#171=ADVANCED_FACE('',(#741),#742,.F.);
#172=ADVANCED_FACE('',(#743),#744,.F.);
#173=ADVANCED_FACE('',(#745),#746,.F.);
#174=ADVANCED_FACE('',(#747),#748,.F.);
#175=ADVANCED_FACE('',(#749),#750,.F.);
#176=ADVANCED_FACE('',(#751),#752,.F.);
#177=ADVANCED_FACE('',(#753),#754,.F.);
#178=ADVANCED_FACE('',(#755),#756,.F.);
#179=ADVANCED_FACE('',(#757),#758,.F.);
#180=ADVANCED_FACE('',(#759),#760,.F.);
#181=ADVANCED_FACE('',(#761),#762,.F.);
#182=ADVANCED_FACE('',(#763),#764,.F.);
#183=ADVANCED_FACE('',(#765),#766,.F.);
#184=ADVANCED_FACE('',(#767),#768,.F.);
#185=ADVANCED_FACE('',(#769),#770,.F.);
#186=ADVANCED_FACE('',(#771),#772,.F.);
#187=ADVANCED_FACE('',(#773),#774,.F.);
#188=ADVANCED_FACE('',(#775),#776,.F.);
#189=ADVANCED_FACE('',(#777),#778,.F.);
#190=ADVANCED_FACE('',(#779),#780,.F.);
#191=ADVANCED_FACE('',(#781),#782,.F.);
#192=ADVANCED_FACE('',(#783),#784,.F.);
#193=ADVANCED_FACE('',(#785),#786,.F.);
#194=ADVANCED_FACE('',(#787),#788,.F.);
#195=ADVANCED_FACE('',(#789),#790,.F.);
#196=ADVANCED_FACE('',(#791),#792,.F.);
#197=ADVANCED_FACE('',(#793),#794,.F.);
#198=ADVANCED_FACE('',(#795),#796,.F.);
#199=ADVANCED_FACE('',(#797),#798,.F.);
#200=ADVANCED_FACE('',(#799),#800,.F.);
#201=ADVANCED_FACE('',(#801),#802,.F.);
#202=ADVANCED_FACE('',(#803),#804,.F.);
#203=ADVANCED_FACE('',(#805),#806,.F.);
#204=ADVANCED_FACE('',(#807),#808,.F.);
#205=ADVANCED_FACE('',(#809),#810,.F.);
#206=ADVANCED_FACE('',(#811),#812,.F.);
#207=ADVANCED_FACE('',(#813),#814,.F.);
#208=ADVANCED_FACE('',(#815),#816,.F.);
#209=ADVANCED_FACE('',(#817),#818,.F.);
#210=ADVANCED_FACE('',(#819),#820,.F.);
#211=ADVANCED_FACE('',(#821),#822,.F.);
#212=ADVANCED_FACE('',(#823),#824,.F.);
#213=ADVANCED_FACE('',(#825),#826,.F.);
#214=ADVANCED_FACE('',(#827),#828,.F.);
#215=ADVANCED_FACE('',(#829),#830,.F.);
#216=ADVANCED_FACE('',(#831),#832,.F.);
#217=ADVANCED_FACE('',(#833),#834,.F.);
#218=ADVANCED_FACE('',(#835),#836,.F.);
#219=ADVANCED_FACE('',(#837),#838,.F.);
#220=ADVANCED_FACE('',(#839),#840,.T.);
#221=ADVANCED_FACE('',(#841),#842,.T.);
#222=ADVANCED_FACE('',(#843),#844,.T.);
#223=ADVANCED_FACE('',(#845),#846,.T.);
#224=ADVANCED_FACE('',(#847),#848,.T.);
#225=ADVANCED_FACE('',(#849),#850,.T.);
#226=ADVANCED_FACE('',(#851),#852,.F.);
#227=ADVANCED_FACE('',(#853),#854,.F.);
#228=ADVANCED_FACE('',(#855),#856,.F.);
#229=ADVANCED_FACE('',(#857),#858,.F.);
#230=ADVANCED_FACE('',(#859),#860,.F.);
#231=ADVANCED_FACE('',(#861),#862,.T.);
#232=ADVANCED_FACE('',(#863),#864,.T.);
#233=ADVANCED_FACE('',(#865),#866,.T.);
#234=ADVANCED_FACE('',(#867),#868,.T.);
#235=ADVANCED_FACE('',(#869),#870,.T.);
#236=ADVANCED_FACE('',(#871,#872),#873,.T.);
#237=ADVANCED_FACE('',(#874),#875,.T.);
#238=ADVANCED_FACE('',(#876),#877,.T.);
#239=ADVANCED_FACE('',(#878),#879,.T.);
#240=ADVANCED_FACE('',(#880,#881),#882,.T.);
#241=ADVANCED_FACE('',(#883),#884,.T.);
#242=ADVANCED_FACE('',(#885),#886,.T.);
#243=ADVANCED_FACE('',(#887),#888,.T.);
#244=ADVANCED_FACE('',(#889),#890,.T.);
#245=ADVANCED_FACE('',(#891),#892,.T.);
#246=ADVANCED_FACE('',(#893),#894,.T.);
#247=ADVANCED_FACE('',(#895),#896,.T.);
#248=ADVANCED_FACE('',(#897),#898,.T.);
#249=ADVANCED_FACE('',(#899),#900,.F.);
#250=ADVANCED_FACE('',(#901),#902,.T.);
#251=ADVANCED_FACE('',(#903),#904,.F.);
#252=ADVANCED_FACE('',(#905),#906,.F.);
#253=ADVANCED_FACE('',(#907),#908,.T.);
#254=ADVANCED_FACE('',(#909),#910,.T.);
#255=ADVANCED_FACE('',(#911),#912,.T.);
#256=ADVANCED_FACE('',(#913),#914,.T.);
#257=ADVANCED_FACE('',(#915),#916,.T.);
#258=ADVANCED_FACE('',(#917),#918,.T.);
#259=ADVANCED_FACE('',(#919),#920,.T.);
#260=ADVANCED_FACE('',(#921),#922,.T.);
#261=ADVANCED_FACE('',(#923),#924,.T.);
#262=ADVANCED_FACE('',(#925),#926,.T.);
#263=ADVANCED_FACE('',(#927),#928,.T.);
#264=ADVANCED_FACE('',(#929),#930,.T.);
#265=ADVANCED_FACE('',(#931),#932,.F.);
#266=ADVANCED_FACE('',(#933),#934,.T.);
#267=ADVANCED_FACE('',(#935),#936,.T.);
#268=ADVANCED_FACE('',(#937),#938,.F.);
#269=ADVANCED_FACE('',(#939,#940),#941,.T.);
#270=ADVANCED_FACE('',(#942),#943,.F.);
#271=ADVANCED_FACE('',(#944),#945,.F.);
#272=ADVANCED_FACE('',(#946),#947,.T.);
#273=ADVANCED_FACE('',(#948),#949,.T.);
#274=ADVANCED_FACE('',(#950),#951,.T.);
#275=ADVANCED_FACE('',(#952),#953,.T.);
#276=ADVANCED_FACE('',(#954),#955,.F.);
#277=ADVANCED_FACE('',(#956),#957,.F.);
#278=ADVANCED_FACE('',(#958),#959,.F.);
#279=ADVANCED_FACE('',(#960),#961,.F.);
#280=ADVANCED_FACE('',(#962),#963,.F.);
#281=ADVANCED_FACE('',(#964),#965,.F.);
#282=ADVANCED_FACE('',(#966),#967,.T.);
#283=ADVANCED_FACE('',(#968),#969,.T.);
#284=ADVANCED_FACE('',(#970),#971,.T.);
#285=ADVANCED_FACE('',(#972),#973,.T.);
#286=ADVANCED_FACE('',(#974),#975,.F.);
#287=ADVANCED_FACE('',(#976),#977,.T.);
#288=ADVANCED_FACE('',(#978),#979,.T.);
#289=ADVANCED_FACE('',(#980),#981,.F.);
#290=ADVANCED_FACE('',(#982),#983,.F.);
#291=ADVANCED_FACE('',(#984),#985,.F.);
#292=ADVANCED_FACE('',(#986),#987,.F.);
#293=ADVANCED_FACE('',(#988),#989,.F.);
#294=ADVANCED_FACE('',(#990),#991,.T.);
#295=ADVANCED_FACE('',(#992),#993,.T.);
#296=ADVANCED_FACE('',(#994),#995,.T.);
#297=ADVANCED_FACE('',(#996),#997,.T.);
#298=ADVANCED_FACE('',(#998),#999,.T.);
#299=ADVANCED_FACE('',(#1000),#1001,.T.);
#300=ADVANCED_FACE('',(#1002),#1003,.T.);
#301=ADVANCED_FACE('',(#1004),#1005,.T.);
#302=ADVANCED_FACE('',(#1006),#1007,.F.);
#303=ADVANCED_FACE('',(#1008),#1009,.F.);
#304=ADVANCED_FACE('',(#1010),#1011,.F.);
#305=ADVANCED_FACE('',(#1012),#1013,.F.);
#306=ADVANCED_FACE('',(#1014),#1015,.F.);
#307=ADVANCED_FACE('',(#1016),#1017,.F.);
#308=ADVANCED_FACE('',(#1018),#1019,.F.);
#309=ADVANCED_FACE('',(#1020),#1021,.F.);
#310=ADVANCED_FACE('',(#1022),#1023,.T.);
#311=ADVANCED_FACE('',(#1024),#1025,.T.);
#312=ADVANCED_FACE('',(#1026),#1027,.F.);
#313=ADVANCED_FACE('',(#1028),#1029,.F.);
#314=ADVANCED_FACE('',(#1030),#1031,.F.);
#315=ADVANCED_FACE('',(#1032),#1033,.F.);
#316=ADVANCED_FACE('',(#1034),#1035,.F.);
#317=ADVANCED_FACE('',(#1036),#1037,.T.);
#318=ADVANCED_FACE('',(#1038),#1039,.T.);
#319=ADVANCED_FACE('',(#1040),#1041,.T.);
#320=ADVANCED_FACE('',(#1042),#1043,.T.);
#321=ADVANCED_FACE('',(#1044),#1045,.T.);
#322=ADVANCED_FACE('',(#1046),#1047,.F.);
#323=ADVANCED_FACE('',(#1048),#1049,.T.);
#324=ADVANCED_FACE('',(#1050),#1051,.T.);
#325=ADVANCED_FACE('',(#1052),#1053,.T.);
#326=ADVANCED_FACE('',(#1054),#1055,.T.);
#327=ADVANCED_FACE('',(#1056),#1057,.T.);
#328=ADVANCED_FACE('',(#1058),#1059,.T.);
#329=ADVANCED_FACE('',(#1060),#1061,.T.);
#330=ADVANCED_FACE('',(#1062),#1063,.T.);
#331=ADVANCED_FACE('',(#1064),#1065,.F.);
#332=ADVANCED_FACE('',(#1066),#1067,.T.);
#333=ADVANCED_FACE('',(#1068),#1069,.T.);
#334=ADVANCED_FACE('',(#1070),#1071,.T.);
#335=ADVANCED_FACE('',(#1072),#1073,.T.);
#336=ADVANCED_FACE('',(#1074),#1075,.T.);
#337=ADVANCED_FACE('',(#1076),#1077,.T.);
#338=ADVANCED_FACE('',(#1078),#1079,.T.);
#339=ADVANCED_FACE('',(#1080),#1081,.F.);
#340=ADVANCED_FACE('',(#1082),#1083,.F.);
#341=ADVANCED_FACE('',(#1084),#1085,.F.);
#342=ADVANCED_FACE('',(#1086),#1087,.F.);
#343=ADVANCED_FACE('',(#1088),#1089,.T.);
#344=ADVANCED_FACE('',(#1090),#1091,.T.);
#345=ADVANCED_FACE('',(#1092),#1093,.T.);
#346=ADVANCED_FACE('',(#1094),#1095,.T.);
#347=ADVANCED_FACE('',(#1096),#1097,.T.);
#348=ADVANCED_FACE('',(#1098),#1099,.T.);
#349=ADVANCED_FACE('',(#1100),#1101,.T.);
#350=ADVANCED_FACE('',(#1102),#1103,.T.);
#351=ADVANCED_FACE('',(#1104),#1105,.F.);
#352=ADVANCED_FACE('',(#1106),#1107,.F.);
#353=ADVANCED_FACE('',(#1108),#1109,.F.);
#354=ADVANCED_FACE('',(#1110),#1111,.F.);
#355=ADVANCED_FACE('',(#1112),#1113,.F.);
#356=ADVANCED_FACE('',(#1114),#1115,.F.);
#357=ADVANCED_FACE('',(#1116),#1117,.F.);
#358=ADVANCED_FACE('',(#1118),#1119,.F.);
#359=ADVANCED_FACE('',(#1120),#1121,.T.);
#360=ADVANCED_FACE('',(#1122),#1123,.T.);
#361=ADVANCED_FACE('',(#1124),#1125,.F.);
#362=ADVANCED_FACE('',(#1126),#1127,.F.);
#363=ADVANCED_FACE('',(#1128),#1129,.F.);
#364=ADVANCED_FACE('',(#1130),#1131,.F.);
#365=ADVANCED_FACE('',(#1132),#1133,.F.);
#366=ADVANCED_FACE('',(#1134),#1135,.T.);
#367=ADVANCED_FACE('',(#1136),#1137,.T.);
#368=ADVANCED_FACE('',(#1138),#1139,.T.);
#369=ADVANCED_FACE('',(#1140),#1141,.T.);
#370=ADVANCED_FACE('',(#1142),#1143,.T.);
#371=ADVANCED_FACE('',(#1144),#1145,.F.);
#372=ADVANCED_FACE('',(#1146),#1147,.T.);
#373=ADVANCED_FACE('',(#1148),#1149,.T.);
#374=ADVANCED_FACE('',(#1150),#1151,.T.);
#375=ADVANCED_FACE('',(#1152),#1153,.T.);
#376=ADVANCED_FACE('',(#1154),#1155,.T.);
#377=ADVANCED_FACE('',(#1156),#1157,.T.);
#378=ADVANCED_FACE('',(#1158),#1159,.T.);
#379=ADVANCED_FACE('',(#1160),#1161,.T.);
#380=ADVANCED_FACE('',(#1162),#1163,.F.);
#381=ADVANCED_FACE('',(#1164),#1165,.T.);
#382=ADVANCED_FACE('',(#1166),#1167,.T.);
#383=ADVANCED_FACE('',(#1168),#1169,.T.);
#384=ADVANCED_FACE('',(#1170),#1171,.T.);
#385=ADVANCED_FACE('',(#1172),#1173,.T.);
#386=ADVANCED_FACE('',(#1174),#1175,.T.);
#387=ADVANCED_FACE('',(#1176),#1177,.T.);
#388=ADVANCED_FACE('',(#1178),#1179,.F.);
#389=ADVANCED_FACE('',(#1180),#1181,.F.);
#390=ADVANCED_FACE('',(#1182),#1183,.F.);
#391=ADVANCED_FACE('',(#1184),#1185,.F.);
#392=ADVANCED_FACE('',(#1186),#1187,.T.);
#393=ADVANCED_FACE('',(#1188),#1189,.T.);
#394=ADVANCED_FACE('',(#1190),#1191,.T.);
#395=ADVANCED_FACE('',(#1192),#1193,.T.);
#396=ADVANCED_FACE('',(#1194),#1195,.T.);
#397=ADVANCED_FACE('',(#1196),#1197,.T.);
#398=ADVANCED_FACE('',(#1198),#1199,.T.);
#399=ADVANCED_FACE('',(#1200),#1201,.T.);
#400=ADVANCED_FACE('',(#1202),#1203,.F.);
#401=ADVANCED_FACE('',(#1204),#1205,.F.);
#402=ADVANCED_FACE('',(#1206),#1207,.F.);
#403=ADVANCED_FACE('',(#1208),#1209,.F.);
#404=ADVANCED_FACE('',(#1210),#1211,.F.);
#405=ADVANCED_FACE('',(#1212),#1213,.F.);
#406=ADVANCED_FACE('',(#1214),#1215,.F.);
#407=ADVANCED_FACE('',(#1216),#1217,.F.);
#408=ADVANCED_FACE('',(#1218),#1219,.T.);
#409=ADVANCED_FACE('',(#1220),#1221,.T.);
#410=ADVANCED_FACE('',(#1222),#1223,.F.);
#411=ADVANCED_FACE('',(#1224),#1225,.F.);
#412=ADVANCED_FACE('',(#1226),#1227,.F.);
#413=ADVANCED_FACE('',(#1228),#1229,.F.);
#414=ADVANCED_FACE('',(#1230),#1231,.F.);
#415=ADVANCED_FACE('',(#1232),#1233,.T.);
#416=ADVANCED_FACE('',(#1234),#1235,.T.);
#417=ADVANCED_FACE('',(#1236),#1237,.T.);
#418=ADVANCED_FACE('',(#1238),#1239,.T.);
#419=ADVANCED_FACE('',(#1240),#1241,.T.);
#420=ADVANCED_FACE('',(#1242),#1243,.F.);
#421=ADVANCED_FACE('',(#1244),#1245,.T.);
#422=ADVANCED_FACE('',(#1246),#1247,.T.);
#423=ADVANCED_FACE('',(#1248),#1249,.T.);
#424=ADVANCED_FACE('',(#1250),#1251,.T.);
#425=ADVANCED_FACE('',(#1252),#1253,.T.);
#426=ADVANCED_FACE('',(#1254),#1255,.T.);
#427=ADVANCED_FACE('',(#1256),#1257,.T.);
#428=ADVANCED_FACE('',(#1258),#1259,.T.);
#429=ADVANCED_FACE('',(#1260),#1261,.F.);
#430=ADVANCED_FACE('',(#1262),#1263,.T.);
#431=ADVANCED_FACE('',(#1264),#1265,.T.);
#432=ADVANCED_FACE('',(#1266),#1267,.T.);
#433=ADVANCED_FACE('',(#1268),#1269,.T.);
#434=ADVANCED_FACE('',(#1270),#1271,.T.);
#435=ADVANCED_FACE('',(#1272),#1273,.T.);
#436=ADVANCED_FACE('',(#1274),#1275,.T.);
#437=ADVANCED_FACE('',(#1276),#1277,.F.);
#438=ADVANCED_FACE('',(#1278),#1279,.F.);
#439=ADVANCED_FACE('',(#1280),#1281,.F.);
#440=ADVANCED_FACE('',(#1282),#1283,.F.);
#441=ADVANCED_FACE('',(#1284),#1285,.F.);
#442=ADVANCED_FACE('',(#1286),#1287,.T.);
#443=ADVANCED_FACE('',(#1288),#1289,.T.);
#444=ADVANCED_FACE('',(#1290),#1291,.T.);
#445=ADVANCED_FACE('',(#1292),#1293,.T.);
#446=ADVANCED_FACE('',(#1294),#1295,.T.);
#447=ADVANCED_FACE('',(#1296),#1297,.F.);
#448=ADVANCED_FACE('',(#1298),#1299,.T.);
#449=ADVANCED_FACE('',(#1300),#1301,.T.);
#450=ADVANCED_FACE('',(#1302),#1303,.T.);
#451=ADVANCED_FACE('',(#1304),#1305,.T.);
#452=ADVANCED_FACE('',(#1306),#1307,.T.);
#453=ADVANCED_FACE('',(#1308),#1309,.T.);
#454=ADVANCED_FACE('',(#1310),#1311,.T.);
#455=ADVANCED_FACE('',(#1312),#1313,.T.);
#456=ADVANCED_FACE('',(#1314),#1315,.F.);
#457=ADVANCED_FACE('',(#1316),#1317,.T.);
#458=ADVANCED_FACE('',(#1318),#1319,.T.);
#459=ADVANCED_FACE('',(#1320),#1321,.T.);
#460=ADVANCED_FACE('',(#1322),#1323,.T.);
#461=ADVANCED_FACE('',(#1324),#1325,.T.);
#462=ADVANCED_FACE('',(#1326),#1327,.T.);
#463=ADVANCED_FACE('',(#1328),#1329,.T.);
#464=ADVANCED_FACE('',(#1330),#1331,.T.);
#465=ADVANCED_FACE('',(#1332),#1333,.T.);
#466=ADVANCED_FACE('',(#1334),#1335,.T.);
#467=ADVANCED_FACE('',(#1336),#1337,.T.);
#468=ADVANCED_FACE('',(#1338),#1339,.T.);
#469=ADVANCED_FACE('',(#1340),#1341,.T.);
#470=ADVANCED_FACE('',(#1342),#1343,.T.);
#471=ADVANCED_FACE('',(#1344),#1345,.T.);
#472=ADVANCED_FACE('',(#1346),#1347,.T.);
#473=ADVANCED_FACE('',(#1348),#1349,.T.);
#474=ADVANCED_FACE('',(#1350),#1351,.T.);
#475=ADVANCED_FACE('',(#1352),#1353,.T.);
#476=ADVANCED_FACE('',(#1354),#1355,.T.);
#477=ADVANCED_FACE('',(#1356),#1357,.T.);
#478=ADVANCED_FACE('',(#1358),#1359,.T.);
#479=ADVANCED_FACE('',(#1360),#1361,.T.);
#480=ADVANCED_FACE('',(#1362),#1363,.F.);
#481=ADVANCED_FACE('',(#1364),#1365,.T.);
#482=ADVANCED_FACE('',(#1366),#1367,.T.);
#483=ADVANCED_FACE('',(#1368),#1369,.T.);
#484=ADVANCED_FACE('',(#1370),#1371,.T.);
#485=ADVANCED_FACE('',(#1372),#1373,.T.);
#486=ADVANCED_FACE('',(#1374),#1375,.T.);
#487=ADVANCED_FACE('',(#1376),#1377,.T.);
#488=ADVANCED_FACE('',(#1378),#1379,.F.);
#489=ADVANCED_FACE('',(#1380),#1381,.T.);
#490=ADVANCED_FACE('',(#1382),#1383,.T.);
#491=ADVANCED_FACE('',(#1384),#1385,.T.);
#492=ADVANCED_FACE('',(#1386),#1387,.T.);
#493=ADVANCED_FACE('',(#1388),#1389,.T.);
#494=ADVANCED_FACE('',(#1390),#1391,.T.);
#495=ADVANCED_FACE('',(#1392),#1393,.F.);
#496=ADVANCED_FACE('',(#1394),#1395,.F.);
#497=ADVANCED_FACE('',(#1396),#1397,.F.);
#498=ADVANCED_FACE('',(#1398),#1399,.F.);
#499=ADVANCED_FACE('',(#1400),#1401,.F.);
#500=ADVANCED_FACE('',(#1402),#1403,.F.);
#501=ADVANCED_FACE('',(#1404),#1405,.F.);
#502=ADVANCED_FACE('',(#1406),#1407,.T.);
#503=ADVANCED_FACE('',(#1408),#1409,.T.);
#504=ADVANCED_FACE('',(#1410),#1411,.T.);
#505=ADVANCED_FACE('',(#1412),#1413,.T.);
#506=ADVANCED_FACE('',(#1414),#1415,.T.);
#507=ADVANCED_FACE('',(#1416),#1417,.T.);
#508=ADVANCED_FACE('',(#1418),#1419,.T.);
#509=COMPOSITE_CURVE_SEGMENT(.CONTINUOUS.,.T.,#1420);
#510=COMPOSITE_CURVE_SEGMENT(.CONTINUOUS.,.T.,#1421);
#511=COMPOSITE_CURVE_SEGMENT(.CONTINUOUS.,.T.,#1422);
#512=COMPOSITE_CURVE_SEGMENT(.CONTINUOUS.,.T.,#1423);
#513=COMPOSITE_CURVE_SEGMENT(.CONTINUOUS.,.T.,#1424);
#514=COMPOSITE_CURVE_SEGMENT(.CONTINUOUS.,.T.,#1425);
#515=COMPOSITE_CURVE_SEGMENT(.CONTINUOUS.,.T.,#1426);
#516=COMPOSITE_CURVE_SEGMENT(.CONTINUOUS.,.T.,#1427);
#517=COMPOSITE_CURVE_SEGMENT(.CONTINUOUS.,.T.,#1428);
#518=COMPOSITE_CURVE_SEGMENT(.CONTINUOUS.,.T.,#1429);
#519=COMPOSITE_CURVE_SEGMENT(.CONTINUOUS.,.T.,#1430);
#520=COMPOSITE_CURVE_SEGMENT(.CONTINUOUS.,.T.,#1431);
#521=COMPOSITE_CURVE_SEGMENT(.CONTINUOUS.,.T.,#1432);
#522=COMPOSITE_CURVE_SEGMENT(.CONTINUOUS.,.T.,#1433);
#523=COMPOSITE_CURVE_SEGMENT(.CONTINUOUS.,.T.,#1434);
#524=COMPOSITE_CURVE_SEGMENT(.CONTINUOUS.,.T.,#1435);
#525=COMPOSITE_CURVE_SEGMENT(.CONTINUOUS.,.T.,#1436);
#526=COMPOSITE_CURVE_SEGMENT(.CONTINUOUS.,.T.,#1437);
#527=COMPOSITE_CURVE_SEGMENT(.CONTINUOUS.,.T.,#1438);
#528=COMPOSITE_CURVE_SEGMENT(.CONTINUOUS.,.T.,#1439);
#529=COMPOSITE_CURVE_SEGMENT(.CONTINUOUS.,.T.,#1440);
#530=COMPOSITE_CURVE_SEGMENT(.CONTINUOUS.,.T.,#1441);
#531=COMPOSITE_CURVE_SEGMENT(.CONTINUOUS.,.T.,#1442);
#532=COMPOSITE_CURVE_SEGMENT(.CONTINUOUS.,.T.,#1443);
#533=COMPOSITE_CURVE_SEGMENT(.CONTINUOUS.,.T.,#1444);
#534=COMPOSITE_CURVE_SEGMENT(.CONTINUOUS.,.T.,#1445);
#535=COMPOSITE_CURVE_SEGMENT(.CONTINUOUS.,.T.,#1446);
#536=COMPOSITE_CURVE_SEGMENT(.CONTINUOUS.,.T.,#1447);
#538=FACE_OUTER_BOUND('',#1448,.T.);
#539=CONICAL_SURFACE('',#1449,0.2650007244689,0.785398064539059);
#540=FACE_OUTER_BOUND('',#1450,.T.);
#541=CONICAL_SURFACE('',#1451,0.2650007244688,0.785398064539059);
#542=FACE_OUTER_BOUND('',#1452,.T.);
#543=CONICAL_SURFACE('',#1453,0.2650007244688,0.785398064539059);
#544=FACE_OUTER_BOUND('',#1454,.T.);
#545=CONICAL_SURFACE('',#1455,0.2650007244688,0.785398064539059);
#546=FACE_OUTER_BOUND('',#1456,.T.);
#547=CYLINDRICAL_SURFACE('',#1457,0.75);
#548=FACE_OUTER_BOUND('',#1458,.T.);
#549=PLANE('',#1459);
#550=FACE_OUTER_BOUND('',#1460,.T.);
#551=PLANE('',#1461);
#552=FACE_OUTER_BOUND('',#1462,.T.);
#553=PLANE('',#1463);
#554=FACE_OUTER_BOUND('',#1464,.T.);
#555=PLANE('',#1465);
#556=FACE_OUTER_BOUND('',#1466,.T.);
#557=PLANE('',#1467);
#558=FACE_OUTER_BOUND('',#1468,.T.);
#559=PLANE('',#1469);
#560=FACE_OUTER_BOUND('',#1470,.T.);
#561=PLANE('',#1471);
#562=FACE_OUTER_BOUND('',#1472,.T.);
#563=PLANE('',#1473);
#564=FACE_OUTER_BOUND('',#1474,.T.);
#565=PLANE('',#1475);
#566=FACE_OUTER_BOUND('',#1476,.T.);
#567=PLANE('',#1477);
#568=FACE_OUTER_BOUND('',#1478,.T.);
#569=PLANE('',#1479);
#570=FACE_OUTER_BOUND('',#1480,.T.);
#571=PLANE('',#1481);
#572=FACE_OUTER_BOUND('',#1482,.T.);
#573=PLANE('',#1483);
#574=FACE_OUTER_BOUND('',#1484,.T.);
#575=PLANE('',#1485);
#576=FACE_OUTER_BOUND('',#1486,.T.);
#577=FACE_BOUND('',#1487,.T.);
#578=PLANE('',#1488);
#579=FACE_OUTER_BOUND('',#1489,.T.);
#580=PLANE('',#1490);
#581=FACE_OUTER_BOUND('',#1491,.T.);
#582=PLANE('',#1492);
#583=FACE_OUTER_BOUND('',#1493,.T.);
#584=PLANE('',#1494);
#585=FACE_OUTER_BOUND('',#1495,.T.);
#586=PLANE('',#1496);
#587=FACE_OUTER_BOUND('',#1497,.T.);
#588=PLANE('',#1498);
#589=FACE_OUTER_BOUND('',#1499,.T.);
#590=PLANE('',#1500);
#591=FACE_OUTER_BOUND('',#1501,.T.);
#592=PLANE('',#1502);
#593=FACE_OUTER_BOUND('',#1503,.T.);
#594=FACE_BOUND('',#1504,.T.);
#595=FACE_BOUND('',#1505,.T.);
#596=FACE_BOUND('',#1506,.T.);
#597=FACE_BOUND('',#1507,.T.);
#598=FACE_BOUND('',#1508,.T.);
#599=FACE_BOUND('',#1509,.T.);
#600=FACE_BOUND('',#1510,.T.);
#601=FACE_BOUND('',#1511,.T.);
#602=FACE_BOUND('',#1512,.T.);
#603=FACE_BOUND('',#1513,.T.);
#604=PLANE('',#1514);
#605=FACE_OUTER_BOUND('',#1515,.T.);
#606=FACE_BOUND('',#1516,.T.);
#607=FACE_BOUND('',#1517,.T.);
#608=PLANE('',#1518);
#609=FACE_OUTER_BOUND('',#1519,.T.);
#610=PLANE('',#1520);
#611=FACE_OUTER_BOUND('',#1521,.T.);
#612=PLANE('',#1522);
#613=FACE_OUTER_BOUND('',#1523,.T.);
#614=PLANE('',#1524);
#615=FACE_OUTER_BOUND('',#1525,.T.);
#616=PLANE('',#1526);
#617=FACE_OUTER_BOUND('',#1527,.T.);
#618=PLANE('',#1528);
#619=FACE_OUTER_BOUND('',#1529,.T.);
#620=PLANE('',#1530);
#621=FACE_OUTER_BOUND('',#1531,.T.);
#622=PLANE('',#1532);
#623=FACE_OUTER_BOUND('',#1533,.T.);
#624=PLANE('',#1534);
#625=FACE_OUTER_BOUND('',#1535,.T.);
#626=PLANE('',#1536);
#627=FACE_OUTER_BOUND('',#1537,.T.);
#628=PLANE('',#1538);
#629=FACE_OUTER_BOUND('',#1539,.T.);
#630=PLANE('',#1540);
#631=FACE_OUTER_BOUND('',#1541,.T.);
#632=PLANE('',#1542);
#633=FACE_OUTER_BOUND('',#1543,.T.);
#634=PLANE('',#1544);
#635=FACE_OUTER_BOUND('',#1545,.T.);
#636=PLANE('',#1546);
#637=FACE_OUTER_BOUND('',#1547,.T.);
#638=PLANE('',#1548);
#639=FACE_OUTER_BOUND('',#1549,.T.);
#640=PLANE('',#1550);
#641=FACE_OUTER_BOUND('',#1551,.T.);
#642=PLANE('',#1552);
#643=FACE_OUTER_BOUND('',#1553,.T.);
#644=PLANE('',#1554);
#645=FACE_OUTER_BOUND('',#1555,.T.);
#646=PLANE('',#1556);
#647=FACE_OUTER_BOUND('',#1557,.T.);
#648=PLANE('',#1558);
#649=FACE_OUTER_BOUND('',#1559,.T.);
#650=PLANE('',#1560);
#651=FACE_OUTER_BOUND('',#1561,.T.);
#652=PLANE('',#1562);
#653=FACE_OUTER_BOUND('',#1563,.T.);
#654=PLANE('',#1564);
#655=FACE_OUTER_BOUND('',#1565,.T.);
#656=PLANE('',#1566);
#657=FACE_OUTER_BOUND('',#1567,.T.);
#658=PLANE('',#1568);
#659=FACE_OUTER_BOUND('',#1569,.T.);
#660=PLANE('',#1570);
#661=FACE_OUTER_BOUND('',#1571,.T.);
#662=PLANE('',#1572);
#663=FACE_OUTER_BOUND('',#1573,.T.);
#664=PLANE('',#1574);
#665=FACE_OUTER_BOUND('',#1575,.T.);
#666=PLANE('',#1576);
#667=FACE_OUTER_BOUND('',#1577,.T.);
#668=PLANE('',#1578);
#669=FACE_OUTER_BOUND('',#1579,.T.);
#670=PLANE('',#1580);
#671=FACE_OUTER_BOUND('',#1581,.T.);
#672=PLANE('',#1582);
#673=FACE_OUTER_BOUND('',#1583,.T.);
#674=PLANE('',#1584);
#675=FACE_OUTER_BOUND('',#1585,.T.);
#676=PLANE('',#1586);
#677=FACE_OUTER_BOUND('',#1587,.T.);
#678=PLANE('',#1588);
#679=FACE_OUTER_BOUND('',#1589,.T.);
#680=PLANE('',#1590);
#681=FACE_OUTER_BOUND('',#1591,.T.);
#682=PLANE('',#1592);
#683=FACE_OUTER_BOUND('',#1593,.T.);
#684=PLANE('',#1594);
#685=FACE_OUTER_BOUND('',#1595,.T.);
#686=PLANE('',#1596);
#687=FACE_OUTER_BOUND('',#1597,.T.);
#688=PLANE('',#1598);
#689=FACE_OUTER_BOUND('',#1599,.T.);
#690=PLANE('',#1600);
#691=FACE_OUTER_BOUND('',#1601,.T.);
#692=PLANE('',#1602);
#693=FACE_OUTER_BOUND('',#1603,.T.);
#694=PLANE('',#1604);
#695=FACE_OUTER_BOUND('',#1605,.T.);
#696=PLANE('',#1606);
#697=FACE_OUTER_BOUND('',#1607,.T.);
#698=PLANE('',#1608);
#699=FACE_OUTER_BOUND('',#1609,.T.);
#700=PLANE('',#1610);
#701=FACE_OUTER_BOUND('',#1611,.T.);
#702=PLANE('',#1612);
#703=FACE_OUTER_BOUND('',#1613,.T.);
#704=PLANE('',#1614);
#705=FACE_OUTER_BOUND('',#1615,.T.);
#706=PLANE('',#1616);
#707=FACE_OUTER_BOUND('',#1617,.T.);
#708=PLANE('',#1618);
#709=FACE_OUTER_BOUND('',#1619,.T.);
#710=PLANE('',#1620);
#711=FACE_OUTER_BOUND('',#1621,.T.);
#712=FACE_BOUND('',#1622,.T.);
#713=PLANE('',#1623);
#714=FACE_OUTER_BOUND('',#1624,.T.);
#715=FACE_BOUND('',#1625,.T.);
#716=PLANE('',#1626);
#717=FACE_OUTER_BOUND('',#1627,.T.);
#718=FACE_BOUND('',#1628,.T.);
#719=PLANE('',#1629);
#720=FACE_OUTER_BOUND('',#1630,.T.);
#721=FACE_BOUND('',#1631,.T.);
#722=PLANE('',#1632);
#723=FACE_OUTER_BOUND('',#1633,.T.);
#724=FACE_BOUND('',#1634,.T.);
#725=PLANE('',#1635);
#726=FACE_OUTER_BOUND('',#1636,.T.);
#727=FACE_BOUND('',#1637,.T.);
#728=PLANE('',#1638);
#729=FACE_OUTER_BOUND('',#1639,.T.);
#730=FACE_BOUND('',#1640,.T.);
#731=PLANE('',#1641);
#732=FACE_OUTER_BOUND('',#1642,.T.);
#733=FACE_BOUND('',#1643,.T.);
#734=PLANE('',#1644);
#735=FACE_OUTER_BOUND('',#1645,.T.);
#736=FACE_BOUND('',#1646,.T.);
#737=PLANE('',#1647);
#738=FACE_OUTER_BOUND('',#1648,.T.);
#739=FACE_BOUND('',#1649,.T.);
#740=PLANE('',#1650);
#741=FACE_OUTER_BOUND('',#1651,.T.);
#742=PLANE('',#1652);
#743=FACE_OUTER_BOUND('',#1653,.T.);
#744=PLANE('',#1654);
#745=FACE_OUTER_BOUND('',#1655,.T.);
#746=PLANE('',#1656);
#747=FACE_OUTER_BOUND('',#1657,.T.);
#748=PLANE('',#1658);
#749=FACE_OUTER_BOUND('',#1659,.T.);
#750=PLANE('',#1660);
#751=FACE_OUTER_BOUND('',#1661,.T.);
#752=PLANE('',#1662);
#753=FACE_OUTER_BOUND('',#1663,.T.);
#754=PLANE('',#1664);
#755=FACE_OUTER_BOUND('',#1665,.T.);
#756=PLANE('',#1666);
#757=FACE_OUTER_BOUND('',#1667,.T.);
#758=PLANE('',#1668);
#759=FACE_OUTER_BOUND('',#1669,.T.);
#760=PLANE('',#1670);
#761=FACE_OUTER_BOUND('',#1671,.T.);
#762=PLANE('',#1672);
#763=FACE_OUTER_BOUND('',#1673,.T.);
#764=PLANE('',#1674);
#765=FACE_OUTER_BOUND('',#1675,.T.);
#766=PLANE('',#1676);
#767=FACE_OUTER_BOUND('',#1677,.T.);
#768=PLANE('',#1678);
#769=FACE_OUTER_BOUND('',#1679,.T.);
#770=PLANE('',#1680);
#771=FACE_OUTER_BOUND('',#1681,.T.);
#772=PLANE('',#1682);
#773=FACE_OUTER_BOUND('',#1683,.T.);
#774=PLANE('',#1684);
#775=FACE_OUTER_BOUND('',#1685,.T.);
#776=PLANE('',#1686);
#777=FACE_OUTER_BOUND('',#1687,.T.);
#778=PLANE('',#1688);
#779=FACE_OUTER_BOUND('',#1689,.T.);
#780=PLANE('',#1690);
#781=FACE_OUTER_BOUND('',#1691,.T.);
#782=PLANE('',#1692);
#783=FACE_OUTER_BOUND('',#1693,.T.);
#784=PLANE('',#1694);
#785=FACE_OUTER_BOUND('',#1695,.T.);
#786=PLANE('',#1696);
#787=FACE_OUTER_BOUND('',#1697,.T.);
#788=PLANE('',#1698);
#789=FACE_OUTER_BOUND('',#1699,.T.);
#790=PLANE('',#1700);
#791=FACE_OUTER_BOUND('',#1701,.T.);
#792=PLANE('',#1702);
#793=FACE_OUTER_BOUND('',#1703,.T.);
#794=PLANE('',#1704);
#795=FACE_OUTER_BOUND('',#1705,.T.);
#796=PLANE('',#1706);
#797=FACE_OUTER_BOUND('',#1707,.T.);
#798=PLANE('',#1708);
#799=FACE_OUTER_BOUND('',#1709,.T.);
#800=PLANE('',#1710);
#801=FACE_OUTER_BOUND('',#1711,.T.);
#802=PLANE('',#1712);
#803=FACE_OUTER_BOUND('',#1713,.T.);
#804=PLANE('',#1714);
#805=FACE_OUTER_BOUND('',#1715,.T.);
#806=PLANE('',#1716);
#807=FACE_OUTER_BOUND('',#1717,.T.);
#808=PLANE('',#1718);
#809=FACE_OUTER_BOUND('',#1719,.T.);
#810=PLANE('',#1720);
#811=FACE_OUTER_BOUND('',#1721,.T.);
#812=PLANE('',#1722);
#813=FACE_OUTER_BOUND('',#1723,.T.);
#814=PLANE('',#1724);
#815=FACE_OUTER_BOUND('',#1725,.T.);
#816=PLANE('',#1726);
#817=FACE_OUTER_BOUND('',#1727,.T.);
#818=PLANE('',#1728);
#819=FACE_OUTER_BOUND('',#1729,.T.);
#820=PLANE('',#1730);
#821=FACE_OUTER_BOUND('',#1731,.T.);
#822=PLANE('',#1732);
#823=FACE_OUTER_BOUND('',#1733,.T.);
#824=PLANE('',#1734);
#825=FACE_OUTER_BOUND('',#1735,.T.);
#826=PLANE('',#1736);
#827=FACE_OUTER_BOUND('',#1737,.T.);
#828=PLANE('',#1738);
#829=FACE_OUTER_BOUND('',#1739,.T.);
#830=PLANE('',#1740);
#831=FACE_OUTER_BOUND('',#1741,.T.);
#832=PLANE('',#1742);
#833=FACE_OUTER_BOUND('',#1743,.T.);
#834=PLANE('',#1744);
#835=FACE_OUTER_BOUND('',#1745,.T.);
#836=PLANE('',#1746);
#837=FACE_OUTER_BOUND('',#1747,.T.);
#838=PLANE('',#1748);
#839=FACE_OUTER_BOUND('',#1749,.T.);
#840=PLANE('',#1750);
#841=FACE_OUTER_BOUND('',#1751,.T.);
#842=PLANE('',#1752);
#843=FACE_OUTER_BOUND('',#1753,.T.);
#844=PLANE('',#1754);
#845=FACE_OUTER_BOUND('',#1755,.T.);
#846=PLANE('',#1756);
#847=FACE_OUTER_BOUND('',#1757,.T.);
#848=PLANE('',#1758);
#849=FACE_OUTER_BOUND('',#1759,.T.);
#850=PLANE('',#1760);
#851=FACE_OUTER_BOUND('',#1761,.T.);
#852=PLANE('',#1762);
#853=FACE_OUTER_BOUND('',#1763,.T.);
#854=PLANE('',#1764);
#855=FACE_OUTER_BOUND('',#1765,.T.);
#856=PLANE('',#1766);
#857=FACE_OUTER_BOUND('',#1767,.T.);
#858=PLANE('',#1768);
#859=FACE_OUTER_BOUND('',#1769,.T.);
#860=PLANE('',#1770);
#861=FACE_OUTER_BOUND('',#1771,.T.);
#862=PLANE('',#1772);
#863=FACE_OUTER_BOUND('',#1773,.T.);
#864=PLANE('',#1774);
#865=FACE_OUTER_BOUND('',#1775,.T.);
#866=PLANE('',#1776);
#867=FACE_OUTER_BOUND('',#1777,.T.);
#868=PLANE('',#1778);
#869=FACE_OUTER_BOUND('',#1779,.T.);
#870=PLANE('',#1780);
#871=FACE_OUTER_BOUND('',#1781,.T.);
#872=FACE_BOUND('',#1782,.T.);
#873=PLANE('',#1783);
#874=FACE_OUTER_BOUND('',#1784,.T.);
#875=PLANE('',#1785);
#876=FACE_OUTER_BOUND('',#1786,.T.);
#877=PLANE('',#1787);
#878=FACE_OUTER_BOUND('',#1788,.T.);
#879=PLANE('',#1789);
#880=FACE_OUTER_BOUND('',#1790,.T.);
#881=FACE_BOUND('',#1791,.T.);
#882=PLANE('',#1792);
#883=FACE_OUTER_BOUND('',#1793,.T.);
#884=PLANE('',#1794);
#885=FACE_OUTER_BOUND('',#1795,.T.);
#886=PLANE('',#1796);
#887=FACE_OUTER_BOUND('',#1797,.T.);
#888=PLANE('',#1798);
#889=FACE_OUTER_BOUND('',#1799,.T.);
#890=PLANE('',#1800);
#891=FACE_OUTER_BOUND('',#1801,.T.);
#892=PLANE('',#1802);
#893=FACE_OUTER_BOUND('',#1803,.T.);
#894=PLANE('',#1804);
#895=FACE_OUTER_BOUND('',#1805,.T.);
#896=PLANE('',#1806);
#897=FACE_OUTER_BOUND('',#1807,.T.);
#898=PLANE('',#1808);
#899=FACE_OUTER_BOUND('',#1809,.T.);
#900=PLANE('',#1810);
#901=FACE_OUTER_BOUND('',#1811,.T.);
#902=PLANE('',#1812);
#903=FACE_OUTER_BOUND('',#1813,.T.);
#904=PLANE('',#1814);
#905=FACE_OUTER_BOUND('',#1815,.T.);
#906=PLANE('',#1816);
#907=FACE_OUTER_BOUND('',#1817,.T.);
#908=PLANE('',#1818);
#909=FACE_OUTER_BOUND('',#1819,.T.);
#910=PLANE('',#1820);
#911=FACE_OUTER_BOUND('',#1821,.T.);
#912=PLANE('',#1822);
#913=FACE_OUTER_BOUND('',#1823,.T.);
#914=PLANE('',#1824);
#915=FACE_OUTER_BOUND('',#1825,.T.);
#916=PLANE('',#1826);
#917=FACE_OUTER_BOUND('',#1827,.T.);
#918=PLANE('',#1828);
#919=FACE_OUTER_BOUND('',#1829,.T.);
#920=PLANE('',#1830);
#921=FACE_OUTER_BOUND('',#1831,.T.);
#922=PLANE('',#1832);
#923=FACE_OUTER_BOUND('',#1833,.T.);
#924=PLANE('',#1834);
#925=FACE_OUTER_BOUND('',#1835,.T.);
#926=PLANE('',#1836);
#927=FACE_OUTER_BOUND('',#1837,.T.);
#928=PLANE('',#1838);
#929=FACE_OUTER_BOUND('',#1839,.T.);
#930=PLANE('',#1840);
#931=FACE_OUTER_BOUND('',#1841,.T.);
#932=PLANE('',#1842);
#933=FACE_OUTER_BOUND('',#1843,.T.);
#934=PLANE('',#1844);
#935=FACE_OUTER_BOUND('',#1845,.T.);
#936=PLANE('',#1846);
#937=FACE_OUTER_BOUND('',#1847,.T.);
#938=PLANE('',#1848);
#939=FACE_OUTER_BOUND('',#1849,.T.);
#940=FACE_BOUND('',#1850,.T.);
#941=PLANE('',#1851);
#942=FACE_OUTER_BOUND('',#1852,.T.);
#943=PLANE('',#1853);
#944=FACE_OUTER_BOUND('',#1854,.T.);
#945=CYLINDRICAL_SURFACE('',#1855,0.75);
#946=FACE_OUTER_BOUND('',#1856,.T.);
#947=PLANE('',#1857);
#948=FACE_OUTER_BOUND('',#1858,.T.);
#949=PLANE('',#1859);
#950=FACE_OUTER_BOUND('',#1860,.T.);
#951=PLANE('',#1861);
#952=FACE_OUTER_BOUND('',#1862,.T.);
#953=PLANE('',#1863);
#954=FACE_OUTER_BOUND('',#1864,.T.);
#955=PLANE('',#1865);
#956=FACE_OUTER_BOUND('',#1866,.T.);
#957=PLANE('',#1867);
#958=FACE_OUTER_BOUND('',#1868,.T.);
#959=PLANE('',#1869);
#960=FACE_OUTER_BOUND('',#1870,.T.);
#961=PLANE('',#1871);
#962=FACE_OUTER_BOUND('',#1872,.T.);
#963=PLANE('',#1873);
#964=FACE_OUTER_BOUND('',#1874,.T.);
#965=PLANE('',#1875);
#966=FACE_OUTER_BOUND('',#1876,.T.);
#967=PLANE('',#1877);
#968=FACE_OUTER_BOUND('',#1878,.T.);
#969=PLANE('',#1879);
#970=FACE_OUTER_BOUND('',#1880,.T.);
#971=PLANE('',#1881);
#972=FACE_OUTER_BOUND('',#1882,.T.);
#973=PLANE('',#1883);
#974=FACE_OUTER_BOUND('',#1884,.T.);
#975=PLANE('',#1885);
#976=FACE_OUTER_BOUND('',#1886,.T.);
#977=PLANE('',#1887);
#978=FACE_OUTER_BOUND('',#1888,.T.);
#979=PLANE('',#1889);
#980=FACE_OUTER_BOUND('',#1890,.T.);
#981=PLANE('',#1891);
#982=FACE_OUTER_BOUND('',#1892,.T.);
#983=PLANE('',#1893);
#984=FACE_OUTER_BOUND('',#1894,.T.);
#985=PLANE('',#1895);
#986=FACE_OUTER_BOUND('',#1896,.T.);
#987=PLANE('',#1897);
#988=FACE_OUTER_BOUND('',#1898,.T.);
#989=PLANE('',#1899);
#990=FACE_OUTER_BOUND('',#1900,.T.);
#991=PLANE('',#1901);
#992=FACE_OUTER_BOUND('',#1902,.T.);
#993=PLANE('',#1903);
#994=FACE_OUTER_BOUND('',#1904,.T.);
#995=PLANE('',#1905);
#996=FACE_OUTER_BOUND('',#1906,.T.);
#997=PLANE('',#1907);
#998=FACE_OUTER_BOUND('',#1908,.T.);
#999=PLANE('',#1909);
#1000=FACE_OUTER_BOUND('',#1910,.T.);
#1001=PLANE('',#1911);
#1002=FACE_OUTER_BOUND('',#1912,.T.);
#1003=PLANE('',#1913);
#1004=FACE_OUTER_BOUND('',#1914,.T.);
#1005=PLANE('',#1915);
#1006=FACE_OUTER_BOUND('',#1916,.T.);
#1007=PLANE('',#1917);
#1008=FACE_OUTER_BOUND('',#1918,.T.);
#1009=PLANE('',#1919);
#1010=FACE_OUTER_BOUND('',#1920,.T.);
#1011=PLANE('',#1921);
#1012=FACE_OUTER_BOUND('',#1922,.T.);
#1013=PLANE('',#1923);
#1014=FACE_OUTER_BOUND('',#1924,.T.);
#1015=PLANE('',#1925);
#1016=FACE_OUTER_BOUND('',#1926,.T.);
#1017=PLANE('',#1927);
#1018=FACE_OUTER_BOUND('',#1928,.T.);
#1019=PLANE('',#1929);
#1020=FACE_OUTER_BOUND('',#1930,.T.);
#1021=PLANE('',#1931);
#1022=FACE_OUTER_BOUND('',#1932,.T.);
#1023=PLANE('',#1933);
#1024=FACE_OUTER_BOUND('',#1934,.T.);
#1025=PLANE('',#1935);
#1026=FACE_OUTER_BOUND('',#1936,.T.);
#1027=PLANE('',#1937);
#1028=FACE_OUTER_BOUND('',#1938,.T.);
#1029=PLANE('',#1939);
#1030=FACE_OUTER_BOUND('',#1940,.T.);
#1031=PLANE('',#1941);
#1032=FACE_OUTER_BOUND('',#1942,.T.);
#1033=PLANE('',#1943);
#1034=FACE_OUTER_BOUND('',#1944,.T.);
#1035=PLANE('',#1945);
#1036=FACE_OUTER_BOUND('',#1946,.T.);
#1037=PLANE('',#1947);
#1038=FACE_OUTER_BOUND('',#1948,.T.);
#1039=PLANE('',#1949);
#1040=FACE_OUTER_BOUND('',#1950,.T.);
#1041=PLANE('',#1951);
#1042=FACE_OUTER_BOUND('',#1952,.T.);
#1043=PLANE('',#1953);
#1044=FACE_OUTER_BOUND('',#1954,.T.);
#1045=PLANE('',#1955);
#1046=FACE_OUTER_BOUND('',#1956,.T.);
#1047=CYLINDRICAL_SURFACE('',#1957,1.52);
#1048=FACE_OUTER_BOUND('',#1958,.T.);
#1049=PLANE('',#1959);
#1050=FACE_OUTER_BOUND('',#1960,.T.);
#1051=PLANE('',#1961);
#1052=FACE_OUTER_BOUND('',#1962,.T.);
#1053=PLANE('',#1963);
#1054=FACE_OUTER_BOUND('',#1964,.T.);
#1055=PLANE('',#1965);
#1056=FACE_OUTER_BOUND('',#1966,.T.);
#1057=PLANE('',#1967);
#1058=FACE_OUTER_BOUND('',#1968,.T.);
#1059=CYLINDRICAL_SURFACE('',#1969,1.52);
#1060=FACE_OUTER_BOUND('',#1970,.T.);
#1061=PLANE('',#1971);
#1062=FACE_OUTER_BOUND('',#1972,.T.);
#1063=PLANE('',#1973);
#1064=FACE_OUTER_BOUND('',#1974,.T.);
#1065=CYLINDRICAL_SURFACE('',#1975,1.52);
#1066=FACE_OUTER_BOUND('',#1976,.T.);
#1067=PLANE('',#1977);
#1068=FACE_OUTER_BOUND('',#1978,.T.);
#1069=PLANE('',#1979);
#1070=FACE_OUTER_BOUND('',#1980,.T.);
#1071=PLANE('',#1981);
#1072=FACE_OUTER_BOUND('',#1982,.T.);
#1073=PLANE('',#1983);
#1074=FACE_OUTER_BOUND('',#1984,.T.);
#1075=PLANE('',#1985);
#1076=FACE_OUTER_BOUND('',#1986,.T.);
#1077=CYLINDRICAL_SURFACE('',#1987,1.52);
#1078=FACE_OUTER_BOUND('',#1988,.T.);
#1079=PLANE('',#1989);
#1080=FACE_OUTER_BOUND('',#1990,.T.);
#1081=PLANE('',#1991);
#1082=FACE_OUTER_BOUND('',#1992,.T.);
#1083=PLANE('',#1993);
#1084=FACE_OUTER_BOUND('',#1994,.T.);
#1085=PLANE('',#1995);
#1086=FACE_OUTER_BOUND('',#1996,.T.);
#1087=PLANE('',#1997);
#1088=FACE_OUTER_BOUND('',#1998,.T.);
#1089=PLANE('',#1999);
#1090=FACE_OUTER_BOUND('',#2000,.T.);
#1091=PLANE('',#2001);
#1092=FACE_OUTER_BOUND('',#2002,.T.);
#1093=PLANE('',#2003);
#1094=FACE_OUTER_BOUND('',#2004,.T.);
#1095=PLANE('',#2005);
#1096=FACE_OUTER_BOUND('',#2006,.T.);
#1097=PLANE('',#2007);
#1098=FACE_OUTER_BOUND('',#2008,.T.);
#1099=PLANE('',#2009);
#1100=FACE_OUTER_BOUND('',#2010,.T.);
#1101=PLANE('',#2011);
#1102=FACE_OUTER_BOUND('',#2012,.T.);
#1103=PLANE('',#2013);
#1104=FACE_OUTER_BOUND('',#2014,.T.);
#1105=PLANE('',#2015);
#1106=FACE_OUTER_BOUND('',#2016,.T.);
#1107=PLANE('',#2017);
#1108=FACE_OUTER_BOUND('',#2018,.T.);
#1109=PLANE('',#2019);
#1110=FACE_OUTER_BOUND('',#2020,.T.);
#1111=PLANE('',#2021);
#1112=FACE_OUTER_BOUND('',#2022,.T.);
#1113=PLANE('',#2023);
#1114=FACE_OUTER_BOUND('',#2024,.T.);
#1115=PLANE('',#2025);
#1116=FACE_OUTER_BOUND('',#2026,.T.);
#1117=PLANE('',#2027);
#1118=FACE_OUTER_BOUND('',#2028,.T.);
#1119=PLANE('',#2029);
#1120=FACE_OUTER_BOUND('',#2030,.T.);
#1121=PLANE('',#2031);
#1122=FACE_OUTER_BOUND('',#2032,.T.);
#1123=PLANE('',#2033);
#1124=FACE_OUTER_BOUND('',#2034,.T.);
#1125=PLANE('',#2035);
#1126=FACE_OUTER_BOUND('',#2036,.T.);
#1127=PLANE('',#2037);
#1128=FACE_OUTER_BOUND('',#2038,.T.);
#1129=PLANE('',#2039);
#1130=FACE_OUTER_BOUND('',#2040,.T.);
#1131=PLANE('',#2041);
#1132=FACE_OUTER_BOUND('',#2042,.T.);
#1133=PLANE('',#2043);
#1134=FACE_OUTER_BOUND('',#2044,.T.);
#1135=PLANE('',#2045);
#1136=FACE_OUTER_BOUND('',#2046,.T.);
#1137=PLANE('',#2047);
#1138=FACE_OUTER_BOUND('',#2048,.T.);
#1139=PLANE('',#2049);
#1140=FACE_OUTER_BOUND('',#2050,.T.);
#1141=PLANE('',#2051);
#1142=FACE_OUTER_BOUND('',#2052,.T.);
#1143=PLANE('',#2053);
#1144=FACE_OUTER_BOUND('',#2054,.T.);
#1145=CYLINDRICAL_SURFACE('',#2055,1.52);
#1146=FACE_OUTER_BOUND('',#2056,.T.);
#1147=PLANE('',#2057);
#1148=FACE_OUTER_BOUND('',#2058,.T.);
#1149=PLANE('',#2059);
#1150=FACE_OUTER_BOUND('',#2060,.T.);
#1151=PLANE('',#2061);
#1152=FACE_OUTER_BOUND('',#2062,.T.);
#1153=PLANE('',#2063);
#1154=FACE_OUTER_BOUND('',#2064,.T.);
#1155=PLANE('',#2065);
#1156=FACE_OUTER_BOUND('',#2066,.T.);
#1157=CYLINDRICAL_SURFACE('',#2067,1.52);
#1158=FACE_OUTER_BOUND('',#2068,.T.);
#1159=PLANE('',#2069);
#1160=FACE_OUTER_BOUND('',#2070,.T.);
#1161=PLANE('',#2071);
#1162=FACE_OUTER_BOUND('',#2072,.T.);
#1163=CYLINDRICAL_SURFACE('',#2073,1.52);
#1164=FACE_OUTER_BOUND('',#2074,.T.);
#1165=PLANE('',#2075);
#1166=FACE_OUTER_BOUND('',#2076,.T.);
#1167=PLANE('',#2077);
#1168=FACE_OUTER_BOUND('',#2078,.T.);
#1169=PLANE('',#2079);
#1170=FACE_OUTER_BOUND('',#2080,.T.);
#1171=PLANE('',#2081);
#1172=FACE_OUTER_BOUND('',#2082,.T.);
#1173=PLANE('',#2083);
#1174=FACE_OUTER_BOUND('',#2084,.T.);
#1175=CYLINDRICAL_SURFACE('',#2085,1.52);
#1176=FACE_OUTER_BOUND('',#2086,.T.);
#1177=PLANE('',#2087);
#1178=FACE_OUTER_BOUND('',#2088,.T.);
#1179=PLANE('',#2089);
#1180=FACE_OUTER_BOUND('',#2090,.T.);
#1181=PLANE('',#2091);
#1182=FACE_OUTER_BOUND('',#2092,.T.);
#1183=PLANE('',#2093);
#1184=FACE_OUTER_BOUND('',#2094,.T.);
#1185=PLANE('',#2095);
#1186=FACE_OUTER_BOUND('',#2096,.T.);
#1187=PLANE('',#2097);
#1188=FACE_OUTER_BOUND('',#2098,.T.);
#1189=PLANE('',#2099);
#1190=FACE_OUTER_BOUND('',#2100,.T.);
#1191=PLANE('',#2101);
#1192=FACE_OUTER_BOUND('',#2102,.T.);
#1193=PLANE('',#2103);
#1194=FACE_OUTER_BOUND('',#2104,.T.);
#1195=PLANE('',#2105);
#1196=FACE_OUTER_BOUND('',#2106,.T.);
#1197=PLANE('',#2107);
#1198=FACE_OUTER_BOUND('',#2108,.T.);
#1199=PLANE('',#2109);
#1200=FACE_OUTER_BOUND('',#2110,.T.);
#1201=PLANE('',#2111);
#1202=FACE_OUTER_BOUND('',#2112,.T.);
#1203=PLANE('',#2113);
#1204=FACE_OUTER_BOUND('',#2114,.T.);
#1205=PLANE('',#2115);
#1206=FACE_OUTER_BOUND('',#2116,.T.);
#1207=PLANE('',#2117);
#1208=FACE_OUTER_BOUND('',#2118,.T.);
#1209=PLANE('',#2119);
#1210=FACE_OUTER_BOUND('',#2120,.T.);
#1211=PLANE('',#2121);
#1212=FACE_OUTER_BOUND('',#2122,.T.);
#1213=PLANE('',#2123);
#1214=FACE_OUTER_BOUND('',#2124,.T.);
#1215=PLANE('',#2125);
#1216=FACE_OUTER_BOUND('',#2126,.T.);
#1217=PLANE('',#2127);
#1218=FACE_OUTER_BOUND('',#2128,.T.);
#1219=PLANE('',#2129);
#1220=FACE_OUTER_BOUND('',#2130,.T.);
#1221=PLANE('',#2131);
#1222=FACE_OUTER_BOUND('',#2132,.T.);
#1223=PLANE('',#2133);
#1224=FACE_OUTER_BOUND('',#2134,.T.);
#1225=PLANE('',#2135);
#1226=FACE_OUTER_BOUND('',#2136,.T.);
#1227=PLANE('',#2137);
#1228=FACE_OUTER_BOUND('',#2138,.T.);
#1229=PLANE('',#2139);
#1230=FACE_OUTER_BOUND('',#2140,.T.);
#1231=PLANE('',#2141);
#1232=FACE_OUTER_BOUND('',#2142,.T.);
#1233=PLANE('',#2143);
#1234=FACE_OUTER_BOUND('',#2144,.T.);
#1235=PLANE('',#2145);
#1236=FACE_OUTER_BOUND('',#2146,.T.);
#1237=PLANE('',#2147);
#1238=FACE_OUTER_BOUND('',#2148,.T.);
#1239=PLANE('',#2149);
#1240=FACE_OUTER_BOUND('',#2150,.T.);
#1241=PLANE('',#2151);
#1242=FACE_OUTER_BOUND('',#2152,.T.);
#1243=CYLINDRICAL_SURFACE('',#2153,1.52);
#1244=FACE_OUTER_BOUND('',#2154,.T.);
#1245=PLANE('',#2155);
#1246=FACE_OUTER_BOUND('',#2156,.T.);
#1247=PLANE('',#2157);
#1248=FACE_OUTER_BOUND('',#2158,.T.);
#1249=PLANE('',#2159);
#1250=FACE_OUTER_BOUND('',#2160,.T.);
#1251=PLANE('',#2161);
#1252=FACE_OUTER_BOUND('',#2162,.T.);
#1253=PLANE('',#2163);
#1254=FACE_OUTER_BOUND('',#2164,.T.);
#1255=CYLINDRICAL_SURFACE('',#2165,1.52);
#1256=FACE_OUTER_BOUND('',#2166,.T.);
#1257=PLANE('',#2167);
#1258=FACE_OUTER_BOUND('',#2168,.T.);
#1259=PLANE('',#2169);
#1260=FACE_OUTER_BOUND('',#2170,.T.);
#1261=CYLINDRICAL_SURFACE('',#2171,1.52);
#1262=FACE_OUTER_BOUND('',#2172,.T.);
#1263=PLANE('',#2173);
#1264=FACE_OUTER_BOUND('',#2174,.T.);
#1265=PLANE('',#2175);
#1266=FACE_OUTER_BOUND('',#2176,.T.);
#1267=PLANE('',#2177);
#1268=FACE_OUTER_BOUND('',#2178,.T.);
#1269=PLANE('',#2179);
#1270=FACE_OUTER_BOUND('',#2180,.T.);
#1271=PLANE('',#2181);
#1272=FACE_OUTER_BOUND('',#2182,.T.);
#1273=CYLINDRICAL_SURFACE('',#2183,1.52);
#1274=FACE_OUTER_BOUND('',#2184,.T.);
#1275=PLANE('',#2185);
#1276=FACE_OUTER_BOUND('',#2186,.T.);
#1277=PLANE('',#2187);
#1278=FACE_OUTER_BOUND('',#2188,.T.);
#1279=PLANE('',#2189);
#1280=FACE_OUTER_BOUND('',#2190,.T.);
#1281=PLANE('',#2191);
#1282=FACE_OUTER_BOUND('',#2192,.T.);
#1283=PLANE('',#2193);
#1284=FACE_OUTER_BOUND('',#2194,.T.);
#1285=PLANE('',#2195);
#1286=FACE_OUTER_BOUND('',#2196,.T.);
#1287=PLANE('',#2197);
#1288=FACE_OUTER_BOUND('',#2198,.T.);
#1289=PLANE('',#2199);
#1290=FACE_OUTER_BOUND('',#2200,.T.);
#1291=PLANE('',#2201);
#1292=FACE_OUTER_BOUND('',#2202,.T.);
#1293=PLANE('',#2203);
#1294=FACE_OUTER_BOUND('',#2204,.T.);
#1295=PLANE('',#2205);
#1296=FACE_OUTER_BOUND('',#2206,.T.);
#1297=CYLINDRICAL_SURFACE('',#2207,1.52);
#1298=FACE_OUTER_BOUND('',#2208,.T.);
#1299=PLANE('',#2209);
#1300=FACE_OUTER_BOUND('',#2210,.T.);
#1301=PLANE('',#2211);
#1302=FACE_OUTER_BOUND('',#2212,.T.);
#1303=PLANE('',#2213);
#1304=FACE_OUTER_BOUND('',#2214,.T.);
#1305=PLANE('',#2215);
#1306=FACE_OUTER_BOUND('',#2216,.T.);
#1307=PLANE('',#2217);
#1308=FACE_OUTER_BOUND('',#2218,.T.);
#1309=CYLINDRICAL_SURFACE('',#2219,1.52);
#1310=FACE_OUTER_BOUND('',#2220,.T.);
#1311=PLANE('',#2221);
#1312=FACE_OUTER_BOUND('',#2222,.T.);
#1313=PLANE('',#2223);
#1314=FACE_OUTER_BOUND('',#2224,.T.);
#1315=CYLINDRICAL_SURFACE('',#2225,1.52);
#1316=FACE_OUTER_BOUND('',#2226,.T.);
#1317=PLANE('',#2227);
#1318=FACE_OUTER_BOUND('',#2228,.T.);
#1319=PLANE('',#2229);
#1320=FACE_OUTER_BOUND('',#2230,.T.);
#1321=PLANE('',#2231);
#1322=FACE_OUTER_BOUND('',#2232,.T.);
#1323=PLANE('',#2233);
#1324=FACE_OUTER_BOUND('',#2234,.T.);
#1325=PLANE('',#2235);
#1326=FACE_OUTER_BOUND('',#2236,.T.);
#1327=CYLINDRICAL_SURFACE('',#2237,1.52);
#1328=FACE_OUTER_BOUND('',#2238,.T.);
#1329=PLANE('',#2239);
#1330=FACE_OUTER_BOUND('',#2240,.T.);
#1331=CYLINDRICAL_SURFACE('',#2241,0.43);
#1332=FACE_OUTER_BOUND('',#2242,.T.);
#1333=CONICAL_SURFACE('',#2243,0.2650007244688,0.785398064539059);
#1334=FACE_OUTER_BOUND('',#2244,.T.);
#1335=PLANE('',#2245);
#1336=FACE_OUTER_BOUND('',#2246,.T.);
#1337=PLANE('',#2247);
#1338=FACE_OUTER_BOUND('',#2248,.T.);
#1339=CONICAL_SURFACE('',#2249,0.2650007244688,0.785398064539059);
#1340=FACE_OUTER_BOUND('',#2250,.T.);
#1341=CONICAL_SURFACE('',#2251,0.2650007244688,0.785398064539059);
#1342=FACE_OUTER_BOUND('',#2252,.T.);
#1343=CYLINDRICAL_SURFACE('',#2253,0.43);
#1344=FACE_OUTER_BOUND('',#2254,.T.);
#1345=CYLINDRICAL_SURFACE('',#2255,0.43);
#1346=FACE_OUTER_BOUND('',#2256,.T.);
#1347=CONICAL_SURFACE('',#2257,0.2650007244689,0.785398064539059);
#1348=FACE_OUTER_BOUND('',#2258,.T.);
#1349=CYLINDRICAL_SURFACE('',#2259,0.43);
#1350=FACE_OUTER_BOUND('',#2260,.T.);
#1351=CYLINDRICAL_SURFACE('',#2261,1.52);
#1352=FACE_OUTER_BOUND('',#2262,.T.);
#1353=PLANE('',#2263);
#1354=FACE_OUTER_BOUND('',#2264,.T.);
#1355=PLANE('',#2265);
#1356=FACE_OUTER_BOUND('',#2266,.T.);
#1357=PLANE('',#2267);
#1358=FACE_OUTER_BOUND('',#2268,.T.);
#1359=PLANE('',#2269);
#1360=FACE_OUTER_BOUND('',#2270,.T.);
#1361=PLANE('',#2271);
#1362=FACE_OUTER_BOUND('',#2272,.T.);
#1363=CYLINDRICAL_SURFACE('',#2273,1.52);
#1364=FACE_OUTER_BOUND('',#2274,.T.);
#1365=PLANE('',#2275);
#1366=FACE_OUTER_BOUND('',#2276,.T.);
#1367=PLANE('',#2277);
#1368=FACE_OUTER_BOUND('',#2278,.T.);
#1369=PLANE('',#2279);
#1370=FACE_OUTER_BOUND('',#2280,.T.);
#1371=PLANE('',#2281);
#1372=FACE_OUTER_BOUND('',#2282,.T.);
#1373=PLANE('',#2283);
#1374=FACE_OUTER_BOUND('',#2284,.T.);
#1375=PLANE('',#2285);
#1376=FACE_OUTER_BOUND('',#2286,.T.);
#1377=PLANE('',#2287);
#1378=FACE_OUTER_BOUND('',#2288,.T.);
#1379=CYLINDRICAL_SURFACE('',#2289,1.52);
#1380=FACE_OUTER_BOUND('',#2290,.T.);
#1381=PLANE('',#2291);
#1382=FACE_OUTER_BOUND('',#2292,.T.);
#1383=PLANE('',#2293);
#1384=FACE_OUTER_BOUND('',#2294,.T.);
#1385=PLANE('',#2295);
#1386=FACE_OUTER_BOUND('',#2296,.T.);
#1387=PLANE('',#2297);
#1388=FACE_OUTER_BOUND('',#2298,.T.);
#1389=PLANE('',#2299);
#1390=FACE_OUTER_BOUND('',#2300,.T.);
#1391=CYLINDRICAL_SURFACE('',#2301,1.52);
#1392=FACE_OUTER_BOUND('',#2302,.T.);
#1393=PLANE('',#2303);
#1394=FACE_OUTER_BOUND('',#2304,.T.);
#1395=PLANE('',#2305);
#1396=FACE_OUTER_BOUND('',#2306,.T.);
#1397=PLANE('',#2307);
#1398=FACE_OUTER_BOUND('',#2308,.T.);
#1399=PLANE('',#2309);
#1400=FACE_OUTER_BOUND('',#2310,.T.);
#1401=PLANE('',#2311);
#1402=FACE_OUTER_BOUND('',#2312,.T.);
#1403=PLANE('',#2313);
#1404=FACE_OUTER_BOUND('',#2314,.T.);
#1405=PLANE('',#2315);
#1406=FACE_OUTER_BOUND('',#2316,.T.);
#1407=PLANE('',#2317);
#1408=FACE_OUTER_BOUND('',#2318,.T.);
#1409=PLANE('',#2319);
#1410=FACE_OUTER_BOUND('',#2320,.T.);
#1411=PLANE('',#2321);
#1412=FACE_OUTER_BOUND('',#2322,.T.);
#1413=PLANE('',#2323);
#1414=FACE_OUTER_BOUND('',#2324,.T.);
#1415=PLANE('',#2325);
#1416=FACE_OUTER_BOUND('',#2326,.T.);
#1417=PLANE('',#2327);
#1418=FACE_OUTER_BOUND('',#2328,.T.);
#1419=PLANE('',#2329);
#1420=TRIMMED_CURVE('',#2330,(PARAMETER_VALUE(0.0)),(PARAMETER_VALUE(3.1415926535892)),.T.,.UNSPECIFIED.);
#1421=TRIMMED_CURVE('',#2331,(PARAMETER_VALUE(0.0)),(PARAMETER_VALUE(3.1415926535892)),.T.,.UNSPECIFIED.);
#1422=TRIMMED_CURVE('',#2332,(PARAMETER_VALUE(0.0)),(PARAMETER_VALUE(3.1415926535892)),.T.,.UNSPECIFIED.);
#1423=TRIMMED_CURVE('',#2333,(PARAMETER_VALUE(0.0)),(PARAMETER_VALUE(3.1415926535892)),.T.,.UNSPECIFIED.);
#1424=TRIMMED_CURVE('',#2334,(PARAMETER_VALUE(0.0)),(PARAMETER_VALUE(3.1415926535892)),.T.,.UNSPECIFIED.);
#1425=TRIMMED_CURVE('',#2335,(PARAMETER_VALUE(0.0)),(PARAMETER_VALUE(3.1415926535892)),.T.,.UNSPECIFIED.);
#1426=TRIMMED_CURVE('',#2336,(PARAMETER_VALUE(0.0)),(PARAMETER_VALUE(3.1415926535892)),.T.,.UNSPECIFIED.);
#1427=TRIMMED_CURVE('',#2337,(PARAMETER_VALUE(0.0)),(PARAMETER_VALUE(3.1415926535892)),.T.,.UNSPECIFIED.);
#1428=TRIMMED_CURVE('',#2338,(PARAMETER_VALUE(0.0)),(PARAMETER_VALUE(3.1415926535892)),.T.,.UNSPECIFIED.);
#1429=TRIMMED_CURVE('',#2339,(PARAMETER_VALUE(0.0)),(PARAMETER_VALUE(3.1415926535892)),.T.,.UNSPECIFIED.);
#1430=TRIMMED_CURVE('',#2340,(PARAMETER_VALUE(0.0)),(PARAMETER_VALUE(3.1415926535892)),.T.,.UNSPECIFIED.);
#1431=TRIMMED_CURVE('',#2341,(PARAMETER_VALUE(0.0)),(PARAMETER_VALUE(3.1415926535892)),.T.,.UNSPECIFIED.);
#1432=TRIMMED_CURVE('',#2342,(PARAMETER_VALUE(0.0)),(PARAMETER_VALUE(3.1415926535892)),.T.,.UNSPECIFIED.);
#1433=TRIMMED_CURVE('',#2343,(PARAMETER_VALUE(0.0)),(PARAMETER_VALUE(3.1415926535892)),.T.,.UNSPECIFIED.);
#1434=TRIMMED_CURVE('',#2344,(PARAMETER_VALUE(0.0)),(PARAMETER_VALUE(3.1415926535892)),.T.,.UNSPECIFIED.);
#1435=TRIMMED_CURVE('',#2345,(PARAMETER_VALUE(0.0)),(PARAMETER_VALUE(3.1415926535892)),.T.,.UNSPECIFIED.);
#1436=TRIMMED_CURVE('',#2346,(PARAMETER_VALUE(0.0)),(PARAMETER_VALUE(3.1415926535892)),.T.,.UNSPECIFIED.);
#1437=TRIMMED_CURVE('',#2347,(PARAMETER_VALUE(0.0)),(PARAMETER_VALUE(3.1415926535892)),.T.,.UNSPECIFIED.);
#1438=TRIMMED_CURVE('',#2348,(PARAMETER_VALUE(0.0)),(PARAMETER_VALUE(3.1415926535892)),.T.,.UNSPECIFIED.);
#1439=TRIMMED_CURVE('',#2349,(PARAMETER_VALUE(0.0)),(PARAMETER_VALUE(3.1415926535892)),.T.,.UNSPECIFIED.);
#1440=TRIMMED_CURVE('',#2350,(PARAMETER_VALUE(0.0)),(PARAMETER_VALUE(3.1415926535892)),.T.,.UNSPECIFIED.);
#1441=TRIMMED_CURVE('',#2351,(PARAMETER_VALUE(0.0)),(PARAMETER_VALUE(3.1415926535892)),.T.,.UNSPECIFIED.);
#1442=TRIMMED_CURVE('',#2352,(PARAMETER_VALUE(0.0)),(PARAMETER_VALUE(3.1415926535892)),.T.,.UNSPECIFIED.);
#1443=TRIMMED_CURVE('',#2353,(PARAMETER_VALUE(0.0)),(PARAMETER_VALUE(3.1415926535892)),.T.,.UNSPECIFIED.);
#1444=TRIMMED_CURVE('A_5',#2354,(PARAMETER_VALUE(0.0)),(PARAMETER_VALUE(1.0)),.T.,.UNSPECIFIED.);
#1445=TRIMMED_CURVE('A_8',#2355,(PARAMETER_VALUE(0.0)),(PARAMETER_VALUE(1.0)),.T.,.UNSPECIFIED.);
#1446=TRIMMED_CURVE('A_3',#2356,(PARAMETER_VALUE(0.0)),(PARAMETER_VALUE(1.0)),.T.,.UNSPECIFIED.);
#1447=TRIMMED_CURVE('A_4',#2357,(PARAMETER_VALUE(0.0)),(PARAMETER_VALUE(1.0)),.T.,.UNSPECIFIED.);
#1448=EDGE_LOOP('',(#2358,#2359,#2360,#2361));
#1449=AXIS2_PLACEMENT_3D('',#2362,#2363,#2364);
#1450=EDGE_LOOP('',(#2365,#2366,#2367,#2368));
#1451=AXIS2_PLACEMENT_3D('',#2369,#2370,#2371);
#1452=EDGE_LOOP('',(#2372,#2373,#2374,#2375));
#1453=AXIS2_PLACEMENT_3D('',#2376,#2377,#2378);
#1454=EDGE_LOOP('',(#2379,#2380,#2381,#2382));
#1455=AXIS2_PLACEMENT_3D('',#2383,#2384,#2385);
#1456=EDGE_LOOP('',(#2386,#2387,#2388,#2389));
#1457=AXIS2_PLACEMENT_3D('',#2390,#2391,#2392);
#1458=EDGE_LOOP('',(#2393,#2394,#2395,#2396,#2397,#2398,#2399,#2400,#2401,#2402,#2403,#2404,#2405,#2406));
#1459=AXIS2_PLACEMENT_3D('',#2407,#2408,#2409);
#1460=EDGE_LOOP('',(#2410,#2411,#2412,#2413));
#1461=AXIS2_PLACEMENT_3D('',#2414,#2415,#2416);
#1462=EDGE_LOOP('',(#2417,#2418,#2419,#2420,#2421,#2422,#2423,#2424,#2425,#2426,#2427,#2428));
#1463=AXIS2_PLACEMENT_3D('',#2429,#2430,#2431);
#1464=EDGE_LOOP('',(#2432,#2433,#2434,#2435));
#1465=AXIS2_PLACEMENT_3D('',#2436,#2437,#2438);
#1466=EDGE_LOOP('',(#2439,#2440,#2441,#2442));
#1467=AXIS2_PLACEMENT_3D('',#2443,#2444,#2445);
#1468=EDGE_LOOP('',(#2446,#2447,#2448));
#1469=AXIS2_PLACEMENT_3D('',#2449,#2450,#2451);
#1470=EDGE_LOOP('',(#2452,#2453,#2454));
#1471=AXIS2_PLACEMENT_3D('',#2455,#2456,#2457);
#1472=EDGE_LOOP('',(#2458,#2459,#2460,#2461));
#1473=AXIS2_PLACEMENT_3D('',#2462,#2463,#2464);
#1474=EDGE_LOOP('',(#2465,#2466,#2467,#2468,#2469));
#1475=AXIS2_PLACEMENT_3D('',#2470,#2471,#2472);
#1476=EDGE_LOOP('',(#2473,#2474,#2475));
#1477=AXIS2_PLACEMENT_3D('',#2476,#2477,#2478);
#1478=EDGE_LOOP('',(#2479,#2480,#2481));
#1479=AXIS2_PLACEMENT_3D('',#2482,#2483,#2484);
#1480=EDGE_LOOP('',(#2485,#2486,#2487,#2488));
#1481=AXIS2_PLACEMENT_3D('',#2489,#2490,#2491);
#1482=EDGE_LOOP('',(#2492,#2493,#2494,#2495));
#1483=AXIS2_PLACEMENT_3D('',#2496,#2497,#2498);
#1484=EDGE_LOOP('',(#2499,#2500,#2501,#2502));
#1485=AXIS2_PLACEMENT_3D('',#2503,#2504,#2505);
#1486=EDGE_LOOP('',(#2506,#2507,#2508,#2509,#2510,#2511,#2512,#2513,#2514,#2515,#2516,#2517,#2518,#2519));
#1487=EDGE_LOOP('',(#2520,#2521,#2522,#2523,#2524,#2525,#2526));
#1488=AXIS2_PLACEMENT_3D('',#2527,#2528,#2529);
#1489=EDGE_LOOP('',(#2530,#2531,#2532,#2533));
#1490=AXIS2_PLACEMENT_3D('',#2534,#2535,#2536);
#1491=EDGE_LOOP('',(#2537,#2538,#2539,#2540,#2541,#2542,#2543,#2544,#2545,#2546,#2547,#2548));
#1492=AXIS2_PLACEMENT_3D('',#2549,#2550,#2551);
#1493=EDGE_LOOP('',(#2552,#2553,#2554,#2555));
#1494=AXIS2_PLACEMENT_3D('',#2556,#2557,#2558);
#1495=EDGE_LOOP('',(#2559,#2560,#2561,#2562));
#1496=AXIS2_PLACEMENT_3D('',#2563,#2564,#2565);
#1497=EDGE_LOOP('',(#2566,#2567,#2568,#2569));
#1498=AXIS2_PLACEMENT_3D('',#2570,#2571,#2572);
#1499=EDGE_LOOP('',(#2573,#2574,#2575,#2576));
#1500=AXIS2_PLACEMENT_3D('',#2577,#2578,#2579);
#1501=EDGE_LOOP('',(#2580,#2581,#2582,#2583));
#1502=AXIS2_PLACEMENT_3D('',#2584,#2585,#2586);
#1503=EDGE_LOOP('',(#2587,#2588,#2589,#2590,#2591,#2592,#2593,#2594));
#1504=EDGE_LOOP('',(#2595,#2596,#2597,#2598,#2599));
#1505=EDGE_LOOP('',(#2600,#2601,#2602,#2603));
#1506=EDGE_LOOP('',(#2604,#2605,#2606,#2607,#2608));
#1507=EDGE_LOOP('',(#2609,#2610,#2611,#2612,#2613));
#1508=EDGE_LOOP('',(#2614,#2615,#2616,#2617,#2618));
#1509=EDGE_LOOP('',(#2619,#2620,#2621,#2622,#2623));
#1510=EDGE_LOOP('',(#2624,#2625,#2626,#2627,#2628));
#1511=EDGE_LOOP('',(#2629,#2630,#2631,#2632,#2633));
#1512=EDGE_LOOP('',(#2634,#2635,#2636,#2637,#2638));
#1513=EDGE_LOOP('',(#2639,#2640,#2641,#2642,#2643));
#1514=AXIS2_PLACEMENT_3D('',#2644,#2645,#2646);
#1515=EDGE_LOOP('',(#2647,#2648,#2649,#2650,#2651,#2652,#2653,#2654,#2655,#2656,#2657,#2658,#2659,#2660,#2661,#2662,#2663,#2664,#2665,#2666,#2667,#2668,#2669,#2670,#2671,#2672,#2673,#2674,#2675,#2676));
#1516=EDGE_LOOP('',(#2677,#2678,#2679,#2680));
#1517=EDGE_LOOP('',(#2681,#2682,#2683,#2684));
#1518=AXIS2_PLACEMENT_3D('',#2685,#2686,#2687);
#1519=EDGE_LOOP('',(#2688,#2689,#2690,#2691));
#1520=AXIS2_PLACEMENT_3D('',#2692,#2693,#2694);
#1521=EDGE_LOOP('',(#2695,#2696,#2697,#2698));
#1522=AXIS2_PLACEMENT_3D('',#2699,#2700,#2701);
#1523=EDGE_LOOP('',(#2702,#2703,#2704,#2705));
#1524=AXIS2_PLACEMENT_3D('',#2706,#2707,#2708);
#1525=EDGE_LOOP('',(#2709,#2710,#2711,#2712));
#1526=AXIS2_PLACEMENT_3D('',#2713,#2714,#2715);
#1527=EDGE_LOOP('',(#2716,#2717,#2718,#2719));
#1528=AXIS2_PLACEMENT_3D('',#2720,#2721,#2722);
#1529=EDGE_LOOP('',(#2723,#2724,#2725,#2726));
#1530=AXIS2_PLACEMENT_3D('',#2727,#2728,#2729);
#1531=EDGE_LOOP('',(#2730,#2731,#2732,#2733));
#1532=AXIS2_PLACEMENT_3D('',#2734,#2735,#2736);
#1533=EDGE_LOOP('',(#2737,#2738,#2739,#2740));
#1534=AXIS2_PLACEMENT_3D('',#2741,#2742,#2743);
#1535=EDGE_LOOP('',(#2744,#2745,#2746,#2747));
#1536=AXIS2_PLACEMENT_3D('',#2748,#2749,#2750);
#1537=EDGE_LOOP('',(#2751,#2752,#2753,#2754));
#1538=AXIS2_PLACEMENT_3D('',#2755,#2756,#2757);
#1539=EDGE_LOOP('',(#2758,#2759,#2760,#2761,#2762,#2763));
#1540=AXIS2_PLACEMENT_3D('',#2764,#2765,#2766);
#1541=EDGE_LOOP('',(#2767,#2768,#2769,#2770));
#1542=AXIS2_PLACEMENT_3D('',#2771,#2772,#2773);
#1543=EDGE_LOOP('',(#2774,#2775,#2776,#2777));
#1544=AXIS2_PLACEMENT_3D('',#2778,#2779,#2780);
#1545=EDGE_LOOP('',(#2781,#2782,#2783,#2784));
#1546=AXIS2_PLACEMENT_3D('',#2785,#2786,#2787);
#1547=EDGE_LOOP('',(#2788,#2789,#2790,#2791,#2792,#2793,#2794,#2795,#2796,#2797,#2798,#2799,#2800,#2801,#2802,#2803,#2804,#2805));
#1548=AXIS2_PLACEMENT_3D('',#2806,#2807,#2808);
#1549=EDGE_LOOP('',(#2809,#2810,#2811,#2812,#2813,#2814,#2815,#2816,#2817,#2818,#2819,#2820,#2821,#2822,#2823,#2824,#2825,#2826,#2827,#2828,#2829,#2830,#2831,#2832));
#1550=AXIS2_PLACEMENT_3D('',#2833,#2834,#2835);
#1551=EDGE_LOOP('',(#2836,#2837,#2838,#2839,#2840,#2841,#2842,#2843,#2844,#2845,#2846,#2847,#2848,#2849,#2850,#2851,#2852,#2853,#2854,#2855,#2856,#2857,#2858,#2859));
#1552=AXIS2_PLACEMENT_3D('',#2860,#2861,#2862);
#1553=EDGE_LOOP('',(#2863,#2864,#2865,#2866,#2867,#2868,#2869,#2870,#2871,#2872,#2873,#2874,#2875,#2876,#2877,#2878,#2879,#2880,#2881,#2882,#2883,#2884,#2885,#2886));
#1554=AXIS2_PLACEMENT_3D('',#2887,#2888,#2889);
#1555=EDGE_LOOP('',(#2890,#2891,#2892,#2893,#2894,#2895,#2896,#2897,#2898,#2899,#2900,#2901,#2902,#2903,#2904,#2905,#2906,#2907));
#1556=AXIS2_PLACEMENT_3D('',#2908,#2909,#2910);
#1557=EDGE_LOOP('',(#2911,#2912,#2913,#2914,#2915,#2916,#2917,#2918,#2919,#2920,#2921,#2922,#2923,#2924,#2925,#2926,#2927,#2928,#2929,#2930,#2931,#2932,#2933,#2934));
#1558=AXIS2_PLACEMENT_3D('',#2935,#2936,#2937);
#1559=EDGE_LOOP('',(#2938,#2939,#2940,#2941));
#1560=AXIS2_PLACEMENT_3D('',#2942,#2943,#2944);
#1561=EDGE_LOOP('',(#2945,#2946,#2947,#2948));
#1562=AXIS2_PLACEMENT_3D('',#2949,#2950,#2951);
#1563=EDGE_LOOP('',(#2952,#2953,#2954,#2955,#2956,#2957));
#1564=AXIS2_PLACEMENT_3D('',#2958,#2959,#2960);
#1565=EDGE_LOOP('',(#2961,#2962,#2963,#2964));
#1566=AXIS2_PLACEMENT_3D('',#2965,#2966,#2967);
#1567=EDGE_LOOP('',(#2968,#2969,#2970,#2971));
#1568=AXIS2_PLACEMENT_3D('',#2972,#2973,#2974);
#1569=EDGE_LOOP('',(#2975,#2976,#2977,#2978));
#1570=AXIS2_PLACEMENT_3D('',#2979,#2980,#2981);
#1571=EDGE_LOOP('',(#2982,#2983,#2984,#2985));
#1572=AXIS2_PLACEMENT_3D('',#2986,#2987,#2988);
#1573=EDGE_LOOP('',(#2989,#2990,#2991,#2992));
#1574=AXIS2_PLACEMENT_3D('',#2993,#2994,#2995);
#1575=EDGE_LOOP('',(#2996,#2997,#2998,#2999));
#1576=AXIS2_PLACEMENT_3D('',#3000,#3001,#3002);
#1577=EDGE_LOOP('',(#3003,#3004,#3005,#3006));
#1578=AXIS2_PLACEMENT_3D('',#3007,#3008,#3009);
#1579=EDGE_LOOP('',(#3010,#3011,#3012,#3013,#3014,#3015));
#1580=AXIS2_PLACEMENT_3D('',#3016,#3017,#3018);
#1581=EDGE_LOOP('',(#3019,#3020,#3021,#3022));
#1582=AXIS2_PLACEMENT_3D('',#3023,#3024,#3025);
#1583=EDGE_LOOP('',(#3026,#3027,#3028,#3029,#3030,#3031,#3032,#3033,#3034,#3035,#3036,#3037,#3038,#3039,#3040,#3041,#3042,#3043,#3044,#3045,#3046,#3047,#3048,#3049));
#1584=AXIS2_PLACEMENT_3D('',#3050,#3051,#3052);
#1585=EDGE_LOOP('',(#3053,#3054,#3055,#3056));
#1586=AXIS2_PLACEMENT_3D('',#3057,#3058,#3059);
#1587=EDGE_LOOP('',(#3060,#3061,#3062,#3063));
#1588=AXIS2_PLACEMENT_3D('',#3064,#3065,#3066);
#1589=EDGE_LOOP('',(#3067,#3068,#3069,#3070));
#1590=AXIS2_PLACEMENT_3D('',#3071,#3072,#3073);
#1591=EDGE_LOOP('',(#3074,#3075,#3076,#3077));
#1592=AXIS2_PLACEMENT_3D('',#3078,#3079,#3080);
#1593=EDGE_LOOP('',(#3081,#3082,#3083,#3084,#3085,#3086,#3087,#3088));
#1594=AXIS2_PLACEMENT_3D('',#3089,#3090,#3091);
#1595=EDGE_LOOP('',(#3092,#3093,#3094,#3095));
#1596=AXIS2_PLACEMENT_3D('',#3096,#3097,#3098);
#1597=EDGE_LOOP('',(#3099,#3100,#3101,#3102));
#1598=AXIS2_PLACEMENT_3D('',#3103,#3104,#3105);
#1599=EDGE_LOOP('',(#3106,#3107,#3108,#3109));
#1600=AXIS2_PLACEMENT_3D('',#3110,#3111,#3112);
#1601=EDGE_LOOP('',(#3113,#3114,#3115,#3116,#3117,#3118,#3119,#3120,#3121,#3122,#3123,#3124));
#1602=AXIS2_PLACEMENT_3D('',#3125,#3126,#3127);
#1603=EDGE_LOOP('',(#3128,#3129,#3130,#3131));
#1604=AXIS2_PLACEMENT_3D('',#3132,#3133,#3134);
#1605=EDGE_LOOP('',(#3135,#3136,#3137,#3138,#3139,#3140,#3141,#3142,#3143,#3144));
#1606=AXIS2_PLACEMENT_3D('',#3145,#3146,#3147);
#1607=EDGE_LOOP('',(#3148,#3149,#3150,#3151,#3152,#3153,#3154,#3155));
#1608=AXIS2_PLACEMENT_3D('',#3156,#3157,#3158);
#1609=EDGE_LOOP('',(#3159,#3160,#3161,#3162,#3163,#3164));
#1610=AXIS2_PLACEMENT_3D('',#3165,#3166,#3167);
#1611=EDGE_LOOP('',(#3168,#3169,#3170,#3171));
#1612=AXIS2_PLACEMENT_3D('',#3172,#3173,#3174);
#1613=EDGE_LOOP('',(#3175,#3176,#3177,#3178));
#1614=AXIS2_PLACEMENT_3D('',#3179,#3180,#3181);
#1615=EDGE_LOOP('',(#3182,#3183,#3184,#3185));
#1616=AXIS2_PLACEMENT_3D('',#3186,#3187,#3188);
#1617=EDGE_LOOP('',(#3189,#3190,#3191,#3192));
#1618=AXIS2_PLACEMENT_3D('',#3193,#3194,#3195);
#1619=EDGE_LOOP('',(#3196,#3197,#3198,#3199,#3200,#3201,#3202,#3203));
#1620=AXIS2_PLACEMENT_3D('',#3204,#3205,#3206);
#1621=EDGE_LOOP('',(#3207,#3208,#3209,#3210,#3211));
#1622=EDGE_LOOP('',(#3212,#3213,#3214,#3215));
#1623=AXIS2_PLACEMENT_3D('',#3216,#3217,#3218);
#1624=EDGE_LOOP('',(#3219,#3220,#3221,#3222));
#1625=EDGE_LOOP('',(#3223,#3224,#3225,#3226));
#1626=AXIS2_PLACEMENT_3D('',#3227,#3228,#3229);
#1627=EDGE_LOOP('',(#3230,#3231,#3232,#3233,#3234));
#1628=EDGE_LOOP('',(#3235,#3236,#3237,#3238));
#1629=AXIS2_PLACEMENT_3D('',#3239,#3240,#3241);
#1630=EDGE_LOOP('',(#3242,#3243,#3244,#3245,#3246));
#1631=EDGE_LOOP('',(#3247,#3248,#3249,#3250));
#1632=AXIS2_PLACEMENT_3D('',#3251,#3252,#3253);
#1633=EDGE_LOOP('',(#3254,#3255,#3256,#3257,#3258));
#1634=EDGE_LOOP('',(#3259,#3260,#3261,#3262));
#1635=AXIS2_PLACEMENT_3D('',#3263,#3264,#3265);
#1636=EDGE_LOOP('',(#3266,#3267,#3268,#3269,#3270));
#1637=EDGE_LOOP('',(#3271,#3272,#3273,#3274));
#1638=AXIS2_PLACEMENT_3D('',#3275,#3276,#3277);
#1639=EDGE_LOOP('',(#3278,#3279,#3280,#3281,#3282));
#1640=EDGE_LOOP('',(#3283,#3284,#3285,#3286));
#1641=AXIS2_PLACEMENT_3D('',#3287,#3288,#3289);
#1642=EDGE_LOOP('',(#3290,#3291,#3292,#3293,#3294));
#1643=EDGE_LOOP('',(#3295,#3296,#3297,#3298));
#1644=AXIS2_PLACEMENT_3D('',#3299,#3300,#3301);
#1645=EDGE_LOOP('',(#3302,#3303,#3304,#3305,#3306));
#1646=EDGE_LOOP('',(#3307,#3308,#3309,#3310));
#1647=AXIS2_PLACEMENT_3D('',#3311,#3312,#3313);
#1648=EDGE_LOOP('',(#3314,#3315,#3316,#3317,#3318));
#1649=EDGE_LOOP('',(#3319,#3320,#3321,#3322));
#1650=AXIS2_PLACEMENT_3D('',#3323,#3324,#3325);
#1651=EDGE_LOOP('',(#3326,#3327,#3328,#3329));
#1652=AXIS2_PLACEMENT_3D('',#3330,#3331,#3332);
#1653=EDGE_LOOP('',(#3333,#3334,#3335,#3336));
#1654=AXIS2_PLACEMENT_3D('',#3337,#3338,#3339);
#1655=EDGE_LOOP('',(#3340,#3341,#3342,#3343));
#1656=AXIS2_PLACEMENT_3D('',#3344,#3345,#3346);
#1657=EDGE_LOOP('',(#3347,#3348,#3349,#3350));
#1658=AXIS2_PLACEMENT_3D('',#3351,#3352,#3353);
#1659=EDGE_LOOP('',(#3354,#3355,#3356,#3357));
#1660=AXIS2_PLACEMENT_3D('',#3358,#3359,#3360);
#1661=EDGE_LOOP('',(#3361,#3362,#3363,#3364));
#1662=AXIS2_PLACEMENT_3D('',#3365,#3366,#3367);
#1663=EDGE_LOOP('',(#3368,#3369,#3370,#3371));
#1664=AXIS2_PLACEMENT_3D('',#3372,#3373,#3374);
#1665=EDGE_LOOP('',(#3375,#3376,#3377,#3378));
#1666=AXIS2_PLACEMENT_3D('',#3379,#3380,#3381);
#1667=EDGE_LOOP('',(#3382,#3383,#3384,#3385));
#1668=AXIS2_PLACEMENT_3D('',#3386,#3387,#3388);
#1669=EDGE_LOOP('',(#3389,#3390,#3391,#3392));
#1670=AXIS2_PLACEMENT_3D('',#3393,#3394,#3395);
#1671=EDGE_LOOP('',(#3396,#3397,#3398,#3399));
#1672=AXIS2_PLACEMENT_3D('',#3400,#3401,#3402);
#1673=EDGE_LOOP('',(#3403,#3404,#3405,#3406));
#1674=AXIS2_PLACEMENT_3D('',#3407,#3408,#3409);
#1675=EDGE_LOOP('',(#3410,#3411,#3412,#3413));
#1676=AXIS2_PLACEMENT_3D('',#3414,#3415,#3416);
#1677=EDGE_LOOP('',(#3417,#3418,#3419,#3420));
#1678=AXIS2_PLACEMENT_3D('',#3421,#3422,#3423);
#1679=EDGE_LOOP('',(#3424,#3425,#3426,#3427));
#1680=AXIS2_PLACEMENT_3D('',#3428,#3429,#3430);
#1681=EDGE_LOOP('',(#3431,#3432,#3433,#3434));
#1682=AXIS2_PLACEMENT_3D('',#3435,#3436,#3437);
#1683=EDGE_LOOP('',(#3438,#3439,#3440,#3441));
#1684=AXIS2_PLACEMENT_3D('',#3442,#3443,#3444);
#1685=EDGE_LOOP('',(#3445,#3446,#3447,#3448));
#1686=AXIS2_PLACEMENT_3D('',#3449,#3450,#3451);
#1687=EDGE_LOOP('',(#3452,#3453,#3454,#3455));
#1688=AXIS2_PLACEMENT_3D('',#3456,#3457,#3458);
#1689=EDGE_LOOP('',(#3459,#3460,#3461,#3462));
#1690=AXIS2_PLACEMENT_3D('',#3463,#3464,#3465);
#1691=EDGE_LOOP('',(#3466,#3467,#3468,#3469));
#1692=AXIS2_PLACEMENT_3D('',#3470,#3471,#3472);
#1693=EDGE_LOOP('',(#3473,#3474,#3475,#3476));
#1694=AXIS2_PLACEMENT_3D('',#3477,#3478,#3479);
#1695=EDGE_LOOP('',(#3480,#3481,#3482,#3483));
#1696=AXIS2_PLACEMENT_3D('',#3484,#3485,#3486);
#1697=EDGE_LOOP('',(#3487,#3488,#3489,#3490));
#1698=AXIS2_PLACEMENT_3D('',#3491,#3492,#3493);
#1699=EDGE_LOOP('',(#3494,#3495,#3496,#3497));
#1700=AXIS2_PLACEMENT_3D('',#3498,#3499,#3500);
#1701=EDGE_LOOP('',(#3501,#3502,#3503,#3504));
#1702=AXIS2_PLACEMENT_3D('',#3505,#3506,#3507);
#1703=EDGE_LOOP('',(#3508,#3509,#3510,#3511));
#1704=AXIS2_PLACEMENT_3D('',#3512,#3513,#3514);
#1705=EDGE_LOOP('',(#3515,#3516,#3517,#3518));
#1706=AXIS2_PLACEMENT_3D('',#3519,#3520,#3521);
#1707=EDGE_LOOP('',(#3522,#3523,#3524,#3525));
#1708=AXIS2_PLACEMENT_3D('',#3526,#3527,#3528);
#1709=EDGE_LOOP('',(#3529,#3530,#3531,#3532));
#1710=AXIS2_PLACEMENT_3D('',#3533,#3534,#3535);
#1711=EDGE_LOOP('',(#3536,#3537,#3538,#3539));
#1712=AXIS2_PLACEMENT_3D('',#3540,#3541,#3542);
#1713=EDGE_LOOP('',(#3543,#3544,#3545,#3546));
#1714=AXIS2_PLACEMENT_3D('',#3547,#3548,#3549);
#1715=EDGE_LOOP('',(#3550,#3551,#3552,#3553));
#1716=AXIS2_PLACEMENT_3D('',#3554,#3555,#3556);
#1717=EDGE_LOOP('',(#3557,#3558,#3559,#3560));
#1718=AXIS2_PLACEMENT_3D('',#3561,#3562,#3563);
#1719=EDGE_LOOP('',(#3564,#3565,#3566,#3567));
#1720=AXIS2_PLACEMENT_3D('',#3568,#3569,#3570);
#1721=EDGE_LOOP('',(#3571,#3572,#3573,#3574));
#1722=AXIS2_PLACEMENT_3D('',#3575,#3576,#3577);
#1723=EDGE_LOOP('',(#3578,#3579,#3580,#3581));
#1724=AXIS2_PLACEMENT_3D('',#3582,#3583,#3584);
#1725=EDGE_LOOP('',(#3585,#3586,#3587,#3588));
#1726=AXIS2_PLACEMENT_3D('',#3589,#3590,#3591);
#1727=EDGE_LOOP('',(#3592,#3593,#3594,#3595));
#1728=AXIS2_PLACEMENT_3D('',#3596,#3597,#3598);
#1729=EDGE_LOOP('',(#3599,#3600,#3601,#3602));
#1730=AXIS2_PLACEMENT_3D('',#3603,#3604,#3605);
#1731=EDGE_LOOP('',(#3606,#3607,#3608,#3609));
#1732=AXIS2_PLACEMENT_3D('',#3610,#3611,#3612);
#1733=EDGE_LOOP('',(#3613,#3614,#3615,#3616));
#1734=AXIS2_PLACEMENT_3D('',#3617,#3618,#3619);
#1735=EDGE_LOOP('',(#3620,#3621,#3622,#3623));
#1736=AXIS2_PLACEMENT_3D('',#3624,#3625,#3626);
#1737=EDGE_LOOP('',(#3627,#3628,#3629,#3630));
#1738=AXIS2_PLACEMENT_3D('',#3631,#3632,#3633);
#1739=EDGE_LOOP('',(#3634,#3635,#3636,#3637));
#1740=AXIS2_PLACEMENT_3D('',#3638,#3639,#3640);
#1741=EDGE_LOOP('',(#3641,#3642,#3643,#3644));
#1742=AXIS2_PLACEMENT_3D('',#3645,#3646,#3647);
#1743=EDGE_LOOP('',(#3648,#3649,#3650,#3651));
#1744=AXIS2_PLACEMENT_3D('',#3652,#3653,#3654);
#1745=EDGE_LOOP('',(#3655,#3656,#3657,#3658));
#1746=AXIS2_PLACEMENT_3D('',#3659,#3660,#3661);
#1747=EDGE_LOOP('',(#3662,#3663,#3664,#3665));
#1748=AXIS2_PLACEMENT_3D('',#3666,#3667,#3668);
#1749=EDGE_LOOP('',(#3669,#3670,#3671,#3672));
#1750=AXIS2_PLACEMENT_3D('',#3673,#3674,#3675);
#1751=EDGE_LOOP('',(#3676,#3677,#3678,#3679));
#1752=AXIS2_PLACEMENT_3D('',#3680,#3681,#3682);
#1753=EDGE_LOOP('',(#3683,#3684,#3685,#3686,#3687,#3688,#3689,#3690,#3691,#3692,#3693,#3694));
#1754=AXIS2_PLACEMENT_3D('',#3695,#3696,#3697);
#1755=EDGE_LOOP('',(#3698,#3699,#3700,#3701));
#1756=AXIS2_PLACEMENT_3D('',#3702,#3703,#3704);
#1757=EDGE_LOOP('',(#3705,#3706,#3707,#3708,#3709,#3710,#3711,#3712,#3713,#3714));
#1758=AXIS2_PLACEMENT_3D('',#3715,#3716,#3717);
#1759=EDGE_LOOP('',(#3718,#3719,#3720,#3721,#3722,#3723,#3724,#3725));
#1760=AXIS2_PLACEMENT_3D('',#3726,#3727,#3728);
#1761=EDGE_LOOP('',(#3729,#3730,#3731,#3732,#3733,#3734,#3735,#3736,#3737,#3738,#3739,#3740));
#1762=AXIS2_PLACEMENT_3D('',#3741,#3742,#3743);
#1763=EDGE_LOOP('',(#3744,#3745,#3746,#3747));
#1764=AXIS2_PLACEMENT_3D('',#3748,#3749,#3750);
#1765=EDGE_LOOP('',(#3751,#3752,#3753,#3754));
#1766=AXIS2_PLACEMENT_3D('',#3755,#3756,#3757);
#1767=EDGE_LOOP('',(#3758,#3759,#3760,#3761));
#1768=AXIS2_PLACEMENT_3D('',#3762,#3763,#3764);
#1769=EDGE_LOOP('',(#3765,#3766,#3767,#3768,#3769,#3770,#3771,#3772,#3773,#3774));
#1770=AXIS2_PLACEMENT_3D('',#3775,#3776,#3777);
#1771=EDGE_LOOP('',(#3778,#3779,#3780,#3781));
#1772=AXIS2_PLACEMENT_3D('',#3782,#3783,#3784);
#1773=EDGE_LOOP('',(#3785,#3786,#3787,#3788,#3789,#3790,#3791,#3792));
#1774=AXIS2_PLACEMENT_3D('',#3793,#3794,#3795);
#1775=EDGE_LOOP('',(#3796,#3797,#3798,#3799));
#1776=AXIS2_PLACEMENT_3D('',#3800,#3801,#3802);
#1777=EDGE_LOOP('',(#3803,#3804,#3805,#3806,#3807,#3808,#3809,#3810));
#1778=AXIS2_PLACEMENT_3D('',#3811,#3812,#3813);
#1779=EDGE_LOOP('',(#3814,#3815,#3816,#3817));
#1780=AXIS2_PLACEMENT_3D('',#3818,#3819,#3820);
#1781=EDGE_LOOP('',(#3821,#3822,#3823,#3824,#3825,#3826,#3827,#3828));
#1782=EDGE_LOOP('',(#3829,#3830));
#1783=AXIS2_PLACEMENT_3D('',#3831,#3832,#3833);
#1784=EDGE_LOOP('',(#3834,#3835,#3836,#3837,#3838,#3839,#3840,#3841));
#1785=AXIS2_PLACEMENT_3D('',#3842,#3843,#3844);
#1786=EDGE_LOOP('',(#3845,#3846,#3847,#3848,#3849,#3850,#3851,#3852));
#1787=AXIS2_PLACEMENT_3D('',#3853,#3854,#3855);
#1788=EDGE_LOOP('',(#3856,#3857,#3858,#3859,#3860,#3861,#3862,#3863));
#1789=AXIS2_PLACEMENT_3D('',#3864,#3865,#3866);
#1790=EDGE_LOOP('',(#3867,#3868,#3869,#3870,#3871,#3872,#3873,#3874));
#1791=EDGE_LOOP('',(#3875,#3876));
#1792=AXIS2_PLACEMENT_3D('',#3877,#3878,#3879);
#1793=EDGE_LOOP('',(#3880,#3881,#3882,#3883,#3884,#3885,#3886,#3887));
#1794=AXIS2_PLACEMENT_3D('',#3888,#3889,#3890);
#1795=EDGE_LOOP('',(#3891,#3892,#3893,#3894));
#1796=AXIS2_PLACEMENT_3D('',#3895,#3896,#3897);
#1797=EDGE_LOOP('',(#3898,#3899,#3900,#3901));
#1798=AXIS2_PLACEMENT_3D('',#3902,#3903,#3904);
#1799=EDGE_LOOP('',(#3905,#3906,#3907,#3908));
#1800=AXIS2_PLACEMENT_3D('',#3909,#3910,#3911);
#1801=EDGE_LOOP('',(#3912,#3913,#3914,#3915));
#1802=AXIS2_PLACEMENT_3D('',#3916,#3917,#3918);
#1803=EDGE_LOOP('',(#3919,#3920,#3921,#3922));
#1804=AXIS2_PLACEMENT_3D('',#3923,#3924,#3925);
#1805=EDGE_LOOP('',(#3926,#3927,#3928,#3929));
#1806=AXIS2_PLACEMENT_3D('',#3930,#3931,#3932);
#1807=EDGE_LOOP('',(#3933,#3934,#3935,#3936,#3937,#3938,#3939,#3940,#3941,#3942,#3943,#3944));
#1808=AXIS2_PLACEMENT_3D('',#3945,#3946,#3947);
#1809=EDGE_LOOP('',(#3948,#3949,#3950,#3951));
#1810=AXIS2_PLACEMENT_3D('',#3952,#3953,#3954);
#1811=EDGE_LOOP('',(#3955,#3956,#3957,#3958));
#1812=AXIS2_PLACEMENT_3D('',#3959,#3960,#3961);
#1813=EDGE_LOOP('',(#3962,#3963,#3964,#3965));
#1814=AXIS2_PLACEMENT_3D('',#3966,#3967,#3968);
#1815=EDGE_LOOP('',(#3969,#3970,#3971,#3972));
#1816=AXIS2_PLACEMENT_3D('',#3973,#3974,#3975);
#1817=EDGE_LOOP('',(#3976,#3977,#3978,#3979));
#1818=AXIS2_PLACEMENT_3D('',#3980,#3981,#3982);
#1819=EDGE_LOOP('',(#3983,#3984,#3985,#3986));
#1820=AXIS2_PLACEMENT_3D('',#3987,#3988,#3989);
#1821=EDGE_LOOP('',(#3990,#3991,#3992,#3993));
#1822=AXIS2_PLACEMENT_3D('',#3994,#3995,#3996);
#1823=EDGE_LOOP('',(#3997,#3998,#3999,#4000));
#1824=AXIS2_PLACEMENT_3D('',#4001,#4002,#4003);
#1825=EDGE_LOOP('',(#4004,#4005,#4006,#4007));
#1826=AXIS2_PLACEMENT_3D('',#4008,#4009,#4010);
#1827=EDGE_LOOP('',(#4011,#4012,#4013,#4014));
#1828=AXIS2_PLACEMENT_3D('',#4015,#4016,#4017);
#1829=EDGE_LOOP('',(#4018,#4019,#4020,#4021,#4022,#4023));
#1830=AXIS2_PLACEMENT_3D('',#4024,#4025,#4026);
#1831=EDGE_LOOP('',(#4027,#4028,#4029,#4030));
#1832=AXIS2_PLACEMENT_3D('',#4031,#4032,#4033);
#1833=EDGE_LOOP('',(#4034,#4035,#4036,#4037));
#1834=AXIS2_PLACEMENT_3D('',#4038,#4039,#4040);
#1835=EDGE_LOOP('',(#4041,#4042,#4043,#4044));
#1836=AXIS2_PLACEMENT_3D('',#4045,#4046,#4047);
#1837=EDGE_LOOP('',(#4048,#4049,#4050,#4051,#4052,#4053));
#1838=AXIS2_PLACEMENT_3D('',#4054,#4055,#4056);
#1839=EDGE_LOOP('',(#4057,#4058,#4059,#4060));
#1840=AXIS2_PLACEMENT_3D('',#4061,#4062,#4063);
#1841=EDGE_LOOP('',(#4064,#4065,#4066,#4067));
#1842=AXIS2_PLACEMENT_3D('',#4068,#4069,#4070);
#1843=EDGE_LOOP('',(#4071,#4072,#4073,#4074,#4075,#4076,#4077));
#1844=AXIS2_PLACEMENT_3D('',#4078,#4079,#4080);
#1845=EDGE_LOOP('',(#4081,#4082,#4083,#4084,#4085,#4086,#4087));
#1846=AXIS2_PLACEMENT_3D('',#4088,#4089,#4090);
#1847=EDGE_LOOP('',(#4091,#4092,#4093,#4094));
#1848=AXIS2_PLACEMENT_3D('',#4095,#4096,#4097);
#1849=EDGE_LOOP('',(#4098,#4099,#4100,#4101,#4102,#4103,#4104,#4105,#4106,#4107,#4108,#4109,#4110,#4111));
#1850=EDGE_LOOP('',(#4112,#4113,#4114,#4115));
#1851=AXIS2_PLACEMENT_3D('',#4116,#4117,#4118);
#1852=EDGE_LOOP('',(#4119,#4120,#4121,#4122,#4123,#4124));
#1853=AXIS2_PLACEMENT_3D('',#4125,#4126,#4127);
#1854=EDGE_LOOP('',(#4128,#4129,#4130,#4131));
#1855=AXIS2_PLACEMENT_3D('',#4132,#4133,#4134);
#1856=EDGE_LOOP('',(#4135,#4136,#4137,#4138,#4139,#4140));
#1857=AXIS2_PLACEMENT_3D('',#4141,#4142,#4143);
#1858=EDGE_LOOP('',(#4144,#4145,#4146,#4147));
#1859=AXIS2_PLACEMENT_3D('',#4148,#4149,#4150);
#1860=EDGE_LOOP('',(#4151,#4152,#4153,#4154));
#1861=AXIS2_PLACEMENT_3D('',#4155,#4156,#4157);
#1862=EDGE_LOOP('',(#4158,#4159,#4160,#4161));
#1863=AXIS2_PLACEMENT_3D('',#4162,#4163,#4164);
#1864=EDGE_LOOP('',(#4165,#4166,#4167,#4168));
#1865=AXIS2_PLACEMENT_3D('',#4169,#4170,#4171);
#1866=EDGE_LOOP('',(#4172,#4173,#4174,#4175));
#1867=AXIS2_PLACEMENT_3D('',#4176,#4177,#4178);
#1868=EDGE_LOOP('',(#4179,#4180,#4181,#4182));
#1869=AXIS2_PLACEMENT_3D('',#4183,#4184,#4185);
#1870=EDGE_LOOP('',(#4186,#4187,#4188,#4189));
#1871=AXIS2_PLACEMENT_3D('',#4190,#4191,#4192);
#1872=EDGE_LOOP('',(#4193,#4194,#4195,#4196,#4197));
#1873=AXIS2_PLACEMENT_3D('',#4198,#4199,#4200);
#1874=EDGE_LOOP('',(#4201,#4202,#4203,#4204));
#1875=AXIS2_PLACEMENT_3D('',#4205,#4206,#4207);
#1876=EDGE_LOOP('',(#4208,#4209,#4210,#4211,#4212,#4213,#4214,#4215,#4216,#4217,#4218,#4219));
#1877=AXIS2_PLACEMENT_3D('',#4220,#4221,#4222);
#1878=EDGE_LOOP('',(#4223,#4224,#4225,#4226));
#1879=AXIS2_PLACEMENT_3D('',#4227,#4228,#4229);
#1880=EDGE_LOOP('',(#4230,#4231,#4232,#4233));
#1881=AXIS2_PLACEMENT_3D('',#4234,#4235,#4236);
#1882=EDGE_LOOP('',(#4237,#4238,#4239,#4240));
#1883=AXIS2_PLACEMENT_3D('',#4241,#4242,#4243);
#1884=EDGE_LOOP('',(#4244,#4245,#4246,#4247));
#1885=AXIS2_PLACEMENT_3D('',#4248,#4249,#4250);
#1886=EDGE_LOOP('',(#4251,#4252,#4253,#4254));
#1887=AXIS2_PLACEMENT_3D('',#4255,#4256,#4257);
#1888=EDGE_LOOP('',(#4258,#4259,#4260,#4261));
#1889=AXIS2_PLACEMENT_3D('',#4262,#4263,#4264);
#1890=EDGE_LOOP('',(#4265,#4266,#4267,#4268));
#1891=AXIS2_PLACEMENT_3D('',#4269,#4270,#4271);
#1892=EDGE_LOOP('',(#4272,#4273,#4274,#4275,#4276,#4277));
#1893=AXIS2_PLACEMENT_3D('',#4278,#4279,#4280);
#1894=EDGE_LOOP('',(#4281,#4282,#4283,#4284));
#1895=AXIS2_PLACEMENT_3D('',#4285,#4286,#4287);
#1896=EDGE_LOOP('',(#4288,#4289,#4290,#4291));
#1897=AXIS2_PLACEMENT_3D('',#4292,#4293,#4294);
#1898=EDGE_LOOP('',(#4295,#4296,#4297,#4298));
#1899=AXIS2_PLACEMENT_3D('',#4299,#4300,#4301);
#1900=EDGE_LOOP('',(#4302,#4303,#4304,#4305));
#1901=AXIS2_PLACEMENT_3D('',#4306,#4307,#4308);
#1902=EDGE_LOOP('',(#4309,#4310,#4311,#4312,#4313,#4314,#4315,#4316));
#1903=AXIS2_PLACEMENT_3D('',#4317,#4318,#4319);
#1904=EDGE_LOOP('',(#4320,#4321,#4322,#4323));
#1905=AXIS2_PLACEMENT_3D('',#4324,#4325,#4326);
#1906=EDGE_LOOP('',(#4327,#4328,#4329,#4330,#4331,#4332,#4333,#4334,#4335,#4336,#4337,#4338));
#1907=AXIS2_PLACEMENT_3D('',#4339,#4340,#4341);
#1908=EDGE_LOOP('',(#4342,#4343,#4344,#4345));
#1909=AXIS2_PLACEMENT_3D('',#4346,#4347,#4348);
#1910=EDGE_LOOP('',(#4349,#4350,#4351,#4352));
#1911=AXIS2_PLACEMENT_3D('',#4353,#4354,#4355);
#1912=EDGE_LOOP('',(#4356,#4357,#4358,#4359,#4360,#4361,#4362,#4363,#4364,#4365));
#1913=AXIS2_PLACEMENT_3D('',#4366,#4367,#4368);
#1914=EDGE_LOOP('',(#4369,#4370,#4371,#4372,#4373,#4374,#4375,#4376));
#1915=AXIS2_PLACEMENT_3D('',#4377,#4378,#4379);
#1916=EDGE_LOOP('',(#4380,#4381,#4382,#4383));
#1917=AXIS2_PLACEMENT_3D('',#4384,#4385,#4386);
#1918=EDGE_LOOP('',(#4387,#4388,#4389,#4390));
#1919=AXIS2_PLACEMENT_3D('',#4391,#4392,#4393);
#1920=EDGE_LOOP('',(#4394,#4395,#4396,#4397));
#1921=AXIS2_PLACEMENT_3D('',#4398,#4399,#4400);
#1922=EDGE_LOOP('',(#4401,#4402,#4403,#4404));
#1923=AXIS2_PLACEMENT_3D('',#4405,#4406,#4407);
#1924=EDGE_LOOP('',(#4408,#4409,#4410,#4411,#4412,#4413));
#1925=AXIS2_PLACEMENT_3D('',#4414,#4415,#4416);
#1926=EDGE_LOOP('',(#4417,#4418,#4419,#4420));
#1927=AXIS2_PLACEMENT_3D('',#4421,#4422,#4423);
#1928=EDGE_LOOP('',(#4424,#4425,#4426,#4427));
#1929=AXIS2_PLACEMENT_3D('',#4428,#4429,#4430);
#1930=EDGE_LOOP('',(#4431,#4432,#4433,#4434));
#1931=AXIS2_PLACEMENT_3D('',#4435,#4436,#4437);
#1932=EDGE_LOOP('',(#4438,#4439,#4440,#4441,#4442,#4443,#4444,#4445));
#1933=AXIS2_PLACEMENT_3D('',#4446,#4447,#4448);
#1934=EDGE_LOOP('',(#4449,#4450,#4451,#4452));
#1935=AXIS2_PLACEMENT_3D('',#4453,#4454,#4455);
#1936=EDGE_LOOP('',(#4456,#4457,#4458,#4459));
#1937=AXIS2_PLACEMENT_3D('',#4460,#4461,#4462);
#1938=EDGE_LOOP('',(#4463,#4464,#4465,#4466,#4467,#4468,#4469,#4470,#4471,#4472,#4473,#4474));
#1939=AXIS2_PLACEMENT_3D('',#4475,#4476,#4477);
#1940=EDGE_LOOP('',(#4478,#4479,#4480,#4481));
#1941=AXIS2_PLACEMENT_3D('',#4482,#4483,#4484);
#1942=EDGE_LOOP('',(#4485,#4486,#4487,#4488));
#1943=AXIS2_PLACEMENT_3D('',#4489,#4490,#4491);
#1944=EDGE_LOOP('',(#4492,#4493,#4494,#4495,#4496,#4497,#4498,#4499,#4500,#4501));
#1945=AXIS2_PLACEMENT_3D('',#4502,#4503,#4504);
#1946=EDGE_LOOP('',(#4505,#4506,#4507,#4508,#4509,#4510,#4511,#4512));
#1947=AXIS2_PLACEMENT_3D('',#4513,#4514,#4515);
#1948=EDGE_LOOP('',(#4516,#4517,#4518,#4519));
#1949=AXIS2_PLACEMENT_3D('',#4520,#4521,#4522);
#1950=EDGE_LOOP('',(#4523,#4524,#4525,#4526));
#1951=AXIS2_PLACEMENT_3D('',#4527,#4528,#4529);
#1952=EDGE_LOOP('',(#4530,#4531,#4532,#4533,#4534,#4535,#4536,#4537));
#1953=AXIS2_PLACEMENT_3D('',#4538,#4539,#4540);
#1954=EDGE_LOOP('',(#4541,#4542,#4543,#4544));
#1955=AXIS2_PLACEMENT_3D('',#4545,#4546,#4547);
#1956=EDGE_LOOP('',(#4548,#4549,#4550,#4551));
#1957=AXIS2_PLACEMENT_3D('',#4552,#4553,#4554);
#1958=EDGE_LOOP('',(#4555,#4556,#4557,#4558));
#1959=AXIS2_PLACEMENT_3D('',#4559,#4560,#4561);
#1960=EDGE_LOOP('',(#4562,#4563,#4564,#4565));
#1961=AXIS2_PLACEMENT_3D('',#4566,#4567,#4568);
#1962=EDGE_LOOP('',(#4569,#4570,#4571,#4572));
#1963=AXIS2_PLACEMENT_3D('',#4573,#4574,#4575);
#1964=EDGE_LOOP('',(#4576,#4577,#4578,#4579));
#1965=AXIS2_PLACEMENT_3D('',#4580,#4581,#4582);
#1966=EDGE_LOOP('',(#4583,#4584,#4585,#4586));
#1967=AXIS2_PLACEMENT_3D('',#4587,#4588,#4589);
#1968=EDGE_LOOP('',(#4590,#4591,#4592,#4593));
#1969=AXIS2_PLACEMENT_3D('',#4594,#4595,#4596);
#1970=EDGE_LOOP('',(#4597,#4598,#4599,#4600,#4601,#4602,#4603,#4604));
#1971=AXIS2_PLACEMENT_3D('',#4605,#4606,#4607);
#1972=EDGE_LOOP('',(#4608,#4609,#4610,#4611));
#1973=AXIS2_PLACEMENT_3D('',#4612,#4613,#4614);
#1974=EDGE_LOOP('',(#4615,#4616,#4617,#4618));
#1975=AXIS2_PLACEMENT_3D('',#4619,#4620,#4621);
#1976=EDGE_LOOP('',(#4622,#4623,#4624,#4625));
#1977=AXIS2_PLACEMENT_3D('',#4626,#4627,#4628);
#1978=EDGE_LOOP('',(#4629,#4630,#4631,#4632));
#1979=AXIS2_PLACEMENT_3D('',#4633,#4634,#4635);
#1980=EDGE_LOOP('',(#4636,#4637,#4638,#4639));
#1981=AXIS2_PLACEMENT_3D('',#4640,#4641,#4642);
#1982=EDGE_LOOP('',(#4643,#4644,#4645,#4646));
#1983=AXIS2_PLACEMENT_3D('',#4647,#4648,#4649);
#1984=EDGE_LOOP('',(#4650,#4651,#4652,#4653));
#1985=AXIS2_PLACEMENT_3D('',#4654,#4655,#4656);
#1986=EDGE_LOOP('',(#4657,#4658,#4659,#4660));
#1987=AXIS2_PLACEMENT_3D('',#4661,#4662,#4663);
#1988=EDGE_LOOP('',(#4664,#4665,#4666,#4667));
#1989=AXIS2_PLACEMENT_3D('',#4668,#4669,#4670);
#1990=EDGE_LOOP('',(#4671,#4672,#4673,#4674,#4675,#4676));
#1991=AXIS2_PLACEMENT_3D('',#4677,#4678,#4679);
#1992=EDGE_LOOP('',(#4680,#4681,#4682,#4683));
#1993=AXIS2_PLACEMENT_3D('',#4684,#4685,#4686);
#1994=EDGE_LOOP('',(#4687,#4688,#4689,#4690));
#1995=AXIS2_PLACEMENT_3D('',#4691,#4692,#4693);
#1996=EDGE_LOOP('',(#4694,#4695,#4696,#4697));
#1997=AXIS2_PLACEMENT_3D('',#4698,#4699,#4700);
#1998=EDGE_LOOP('',(#4701,#4702,#4703,#4704));
#1999=AXIS2_PLACEMENT_3D('',#4705,#4706,#4707);
#2000=EDGE_LOOP('',(#4708,#4709,#4710,#4711,#4712,#4713,#4714,#4715));
#2001=AXIS2_PLACEMENT_3D('',#4716,#4717,#4718);
#2002=EDGE_LOOP('',(#4719,#4720,#4721,#4722));
#2003=AXIS2_PLACEMENT_3D('',#4723,#4724,#4725);
#2004=EDGE_LOOP('',(#4726,#4727,#4728,#4729));
#2005=AXIS2_PLACEMENT_3D('',#4730,#4731,#4732);
#2006=EDGE_LOOP('',(#4733,#4734,#4735,#4736,#4737,#4738,#4739,#4740,#4741,#4742,#4743,#4744));
#2007=AXIS2_PLACEMENT_3D('',#4745,#4746,#4747);
#2008=EDGE_LOOP('',(#4748,#4749,#4750,#4751));
#2009=AXIS2_PLACEMENT_3D('',#4752,#4753,#4754);
#2010=EDGE_LOOP('',(#4755,#4756,#4757,#4758,#4759,#4760,#4761,#4762,#4763,#4764));
#2011=AXIS2_PLACEMENT_3D('',#4765,#4766,#4767);
#2012=EDGE_LOOP('',(#4768,#4769,#4770,#4771,#4772,#4773,#4774,#4775));
#2013=AXIS2_PLACEMENT_3D('',#4776,#4777,#4778);
#2014=EDGE_LOOP('',(#4779,#4780,#4781,#4782));
#2015=AXIS2_PLACEMENT_3D('',#4783,#4784,#4785);
#2016=EDGE_LOOP('',(#4786,#4787,#4788,#4789));
#2017=AXIS2_PLACEMENT_3D('',#4790,#4791,#4792);
#2018=EDGE_LOOP('',(#4793,#4794,#4795,#4796));
#2019=AXIS2_PLACEMENT_3D('',#4797,#4798,#4799);
#2020=EDGE_LOOP('',(#4800,#4801,#4802,#4803));
#2021=AXIS2_PLACEMENT_3D('',#4804,#4805,#4806);
#2022=EDGE_LOOP('',(#4807,#4808,#4809,#4810,#4811,#4812));
#2023=AXIS2_PLACEMENT_3D('',#4813,#4814,#4815);
#2024=EDGE_LOOP('',(#4816,#4817,#4818,#4819));
#2025=AXIS2_PLACEMENT_3D('',#4820,#4821,#4822);
#2026=EDGE_LOOP('',(#4823,#4824,#4825,#4826));
#2027=AXIS2_PLACEMENT_3D('',#4827,#4828,#4829);
#2028=EDGE_LOOP('',(#4830,#4831,#4832,#4833));
#2029=AXIS2_PLACEMENT_3D('',#4834,#4835,#4836);
#2030=EDGE_LOOP('',(#4837,#4838,#4839,#4840,#4841,#4842,#4843,#4844));
#2031=AXIS2_PLACEMENT_3D('',#4845,#4846,#4847);
#2032=EDGE_LOOP('',(#4848,#4849,#4850,#4851));
#2033=AXIS2_PLACEMENT_3D('',#4852,#4853,#4854);
#2034=EDGE_LOOP('',(#4855,#4856,#4857,#4858));
#2035=AXIS2_PLACEMENT_3D('',#4859,#4860,#4861);
#2036=EDGE_LOOP('',(#4862,#4863,#4864,#4865));
#2037=AXIS2_PLACEMENT_3D('',#4866,#4867,#4868);
#2038=EDGE_LOOP('',(#4869,#4870,#4871,#4872,#4873,#4874,#4875,#4876,#4877,#4878,#4879,#4880));
#2039=AXIS2_PLACEMENT_3D('',#4881,#4882,#4883);
#2040=EDGE_LOOP('',(#4884,#4885,#4886,#4887));
#2041=AXIS2_PLACEMENT_3D('',#4888,#4889,#4890);
#2042=EDGE_LOOP('',(#4891,#4892,#4893,#4894,#4895,#4896,#4897,#4898,#4899,#4900));
#2043=AXIS2_PLACEMENT_3D('',#4901,#4902,#4903);
#2044=EDGE_LOOP('',(#4904,#4905,#4906,#4907,#4908,#4909,#4910,#4911));
#2045=AXIS2_PLACEMENT_3D('',#4912,#4913,#4914);
#2046=EDGE_LOOP('',(#4915,#4916,#4917,#4918));
#2047=AXIS2_PLACEMENT_3D('',#4919,#4920,#4921);
#2048=EDGE_LOOP('',(#4922,#4923,#4924,#4925));
#2049=AXIS2_PLACEMENT_3D('',#4926,#4927,#4928);
#2050=EDGE_LOOP('',(#4929,#4930,#4931,#4932,#4933,#4934,#4935,#4936));
#2051=AXIS2_PLACEMENT_3D('',#4937,#4938,#4939);
#2052=EDGE_LOOP('',(#4940,#4941,#4942,#4943));
#2053=AXIS2_PLACEMENT_3D('',#4944,#4945,#4946);
#2054=EDGE_LOOP('',(#4947,#4948,#4949,#4950));
#2055=AXIS2_PLACEMENT_3D('',#4951,#4952,#4953);
#2056=EDGE_LOOP('',(#4954,#4955,#4956,#4957));
#2057=AXIS2_PLACEMENT_3D('',#4958,#4959,#4960);
#2058=EDGE_LOOP('',(#4961,#4962,#4963,#4964));
#2059=AXIS2_PLACEMENT_3D('',#4965,#4966,#4967);
#2060=EDGE_LOOP('',(#4968,#4969,#4970,#4971));
#2061=AXIS2_PLACEMENT_3D('',#4972,#4973,#4974);
#2062=EDGE_LOOP('',(#4975,#4976,#4977,#4978));
#2063=AXIS2_PLACEMENT_3D('',#4979,#4980,#4981);
#2064=EDGE_LOOP('',(#4982,#4983,#4984,#4985));
#2065=AXIS2_PLACEMENT_3D('',#4986,#4987,#4988);
#2066=EDGE_LOOP('',(#4989,#4990,#4991,#4992));
#2067=AXIS2_PLACEMENT_3D('',#4993,#4994,#4995);
#2068=EDGE_LOOP('',(#4996,#4997,#4998,#4999,#5000,#5001,#5002,#5003));
#2069=AXIS2_PLACEMENT_3D('',#5004,#5005,#5006);
#2070=EDGE_LOOP('',(#5007,#5008,#5009,#5010));
#2071=AXIS2_PLACEMENT_3D('',#5011,#5012,#5013);
#2072=EDGE_LOOP('',(#5014,#5015,#5016,#5017));
#2073=AXIS2_PLACEMENT_3D('',#5018,#5019,#5020);
#2074=EDGE_LOOP('',(#5021,#5022,#5023,#5024));
#2075=AXIS2_PLACEMENT_3D('',#5025,#5026,#5027);
#2076=EDGE_LOOP('',(#5028,#5029,#5030,#5031));
#2077=AXIS2_PLACEMENT_3D('',#5032,#5033,#5034);
#2078=EDGE_LOOP('',(#5035,#5036,#5037,#5038));
#2079=AXIS2_PLACEMENT_3D('',#5039,#5040,#5041);
#2080=EDGE_LOOP('',(#5042,#5043,#5044,#5045));
#2081=AXIS2_PLACEMENT_3D('',#5046,#5047,#5048);
#2082=EDGE_LOOP('',(#5049,#5050,#5051,#5052));
#2083=AXIS2_PLACEMENT_3D('',#5053,#5054,#5055);
#2084=EDGE_LOOP('',(#5056,#5057,#5058,#5059));
#2085=AXIS2_PLACEMENT_3D('',#5060,#5061,#5062);
#2086=EDGE_LOOP('',(#5063,#5064,#5065,#5066));
#2087=AXIS2_PLACEMENT_3D('',#5067,#5068,#5069);
#2088=EDGE_LOOP('',(#5070,#5071,#5072,#5073,#5074,#5075));
#2089=AXIS2_PLACEMENT_3D('',#5076,#5077,#5078);
#2090=EDGE_LOOP('',(#5079,#5080,#5081,#5082));
#2091=AXIS2_PLACEMENT_3D('',#5083,#5084,#5085);
#2092=EDGE_LOOP('',(#5086,#5087,#5088,#5089));
#2093=AXIS2_PLACEMENT_3D('',#5090,#5091,#5092);
#2094=EDGE_LOOP('',(#5093,#5094,#5095,#5096));
#2095=AXIS2_PLACEMENT_3D('',#5097,#5098,#5099);
#2096=EDGE_LOOP('',(#5100,#5101,#5102,#5103));
#2097=AXIS2_PLACEMENT_3D('',#5104,#5105,#5106);
#2098=EDGE_LOOP('',(#5107,#5108,#5109,#5110,#5111,#5112,#5113,#5114));
#2099=AXIS2_PLACEMENT_3D('',#5115,#5116,#5117);
#2100=EDGE_LOOP('',(#5118,#5119,#5120,#5121));
#2101=AXIS2_PLACEMENT_3D('',#5122,#5123,#5124);
#2102=EDGE_LOOP('',(#5125,#5126,#5127,#5128,#5129,#5130,#5131,#5132,#5133,#5134,#5135,#5136));
#2103=AXIS2_PLACEMENT_3D('',#5137,#5138,#5139);
#2104=EDGE_LOOP('',(#5140,#5141,#5142,#5143));
#2105=AXIS2_PLACEMENT_3D('',#5144,#5145,#5146);
#2106=EDGE_LOOP('',(#5147,#5148,#5149,#5150));
#2107=AXIS2_PLACEMENT_3D('',#5151,#5152,#5153);
#2108=EDGE_LOOP('',(#5154,#5155,#5156,#5157,#5158,#5159,#5160,#5161,#5162,#5163));
#2109=AXIS2_PLACEMENT_3D('',#5164,#5165,#5166);
#2110=EDGE_LOOP('',(#5167,#5168,#5169,#5170,#5171,#5172,#5173,#5174));
#2111=AXIS2_PLACEMENT_3D('',#5175,#5176,#5177);
#2112=EDGE_LOOP('',(#5178,#5179,#5180,#5181));
#2113=AXIS2_PLACEMENT_3D('',#5182,#5183,#5184);
#2114=EDGE_LOOP('',(#5185,#5186,#5187,#5188));
#2115=AXIS2_PLACEMENT_3D('',#5189,#5190,#5191);
#2116=EDGE_LOOP('',(#5192,#5193,#5194,#5195));
#2117=AXIS2_PLACEMENT_3D('',#5196,#5197,#5198);
#2118=EDGE_LOOP('',(#5199,#5200,#5201,#5202));
#2119=AXIS2_PLACEMENT_3D('',#5203,#5204,#5205);
#2120=EDGE_LOOP('',(#5206,#5207,#5208,#5209,#5210,#5211));
#2121=AXIS2_PLACEMENT_3D('',#5212,#5213,#5214);
#2122=EDGE_LOOP('',(#5215,#5216,#5217,#5218));
#2123=AXIS2_PLACEMENT_3D('',#5219,#5220,#5221);
#2124=EDGE_LOOP('',(#5222,#5223,#5224,#5225));
#2125=AXIS2_PLACEMENT_3D('',#5226,#5227,#5228);
#2126=EDGE_LOOP('',(#5229,#5230,#5231,#5232));
#2127=AXIS2_PLACEMENT_3D('',#5233,#5234,#5235);
#2128=EDGE_LOOP('',(#5236,#5237,#5238,#5239,#5240,#5241,#5242,#5243));
#2129=AXIS2_PLACEMENT_3D('',#5244,#5245,#5246);
#2130=EDGE_LOOP('',(#5247,#5248,#5249,#5250));
#2131=AXIS2_PLACEMENT_3D('',#5251,#5252,#5253);
#2132=EDGE_LOOP('',(#5254,#5255,#5256,#5257));
#2133=AXIS2_PLACEMENT_3D('',#5258,#5259,#5260);
#2134=EDGE_LOOP('',(#5261,#5262,#5263,#5264,#5265,#5266,#5267,#5268,#5269,#5270,#5271,#5272));
#2135=AXIS2_PLACEMENT_3D('',#5273,#5274,#5275);
#2136=EDGE_LOOP('',(#5276,#5277,#5278,#5279));
#2137=AXIS2_PLACEMENT_3D('',#5280,#5281,#5282);
#2138=EDGE_LOOP('',(#5283,#5284,#5285,#5286));
#2139=AXIS2_PLACEMENT_3D('',#5287,#5288,#5289);
#2140=EDGE_LOOP('',(#5290,#5291,#5292,#5293,#5294,#5295,#5296,#5297,#5298,#5299));
#2141=AXIS2_PLACEMENT_3D('',#5300,#5301,#5302);
#2142=EDGE_LOOP('',(#5303,#5304,#5305,#5306,#5307,#5308,#5309,#5310));
#2143=AXIS2_PLACEMENT_3D('',#5311,#5312,#5313);
#2144=EDGE_LOOP('',(#5314,#5315,#5316,#5317));
#2145=AXIS2_PLACEMENT_3D('',#5318,#5319,#5320);
#2146=EDGE_LOOP('',(#5321,#5322,#5323,#5324));
#2147=AXIS2_PLACEMENT_3D('',#5325,#5326,#5327);
#2148=EDGE_LOOP('',(#5328,#5329,#5330,#5331,#5332,#5333,#5334,#5335));
#2149=AXIS2_PLACEMENT_3D('',#5336,#5337,#5338);
#2150=EDGE_LOOP('',(#5339,#5340,#5341,#5342));
#2151=AXIS2_PLACEMENT_3D('',#5343,#5344,#5345);
#2152=EDGE_LOOP('',(#5346,#5347,#5348,#5349));
#2153=AXIS2_PLACEMENT_3D('',#5350,#5351,#5352);
#2154=EDGE_LOOP('',(#5353,#5354,#5355,#5356));
#2155=AXIS2_PLACEMENT_3D('',#5357,#5358,#5359);
#2156=EDGE_LOOP('',(#5360,#5361,#5362,#5363));
#2157=AXIS2_PLACEMENT_3D('',#5364,#5365,#5366);
#2158=EDGE_LOOP('',(#5367,#5368,#5369,#5370));
#2159=AXIS2_PLACEMENT_3D('',#5371,#5372,#5373);
#2160=EDGE_LOOP('',(#5374,#5375,#5376,#5377));
#2161=AXIS2_PLACEMENT_3D('',#5378,#5379,#5380);
#2162=EDGE_LOOP('',(#5381,#5382,#5383,#5384));
#2163=AXIS2_PLACEMENT_3D('',#5385,#5386,#5387);
#2164=EDGE_LOOP('',(#5388,#5389,#5390,#5391));
#2165=AXIS2_PLACEMENT_3D('',#5392,#5393,#5394);
#2166=EDGE_LOOP('',(#5395,#5396,#5397,#5398,#5399,#5400,#5401,#5402));
#2167=AXIS2_PLACEMENT_3D('',#5403,#5404,#5405);
#2168=EDGE_LOOP('',(#5406,#5407,#5408,#5409));
#2169=AXIS2_PLACEMENT_3D('',#5410,#5411,#5412);
#2170=EDGE_LOOP('',(#5413,#5414,#5415,#5416));
#2171=AXIS2_PLACEMENT_3D('',#5417,#5418,#5419);
#2172=EDGE_LOOP('',(#5420,#5421,#5422,#5423));
#2173=AXIS2_PLACEMENT_3D('',#5424,#5425,#5426);
#2174=EDGE_LOOP('',(#5427,#5428,#5429,#5430));
#2175=AXIS2_PLACEMENT_3D('',#5431,#5432,#5433);
#2176=EDGE_LOOP('',(#5434,#5435,#5436,#5437));
#2177=AXIS2_PLACEMENT_3D('',#5438,#5439,#5440);
#2178=EDGE_LOOP('',(#5441,#5442,#5443,#5444));
#2179=AXIS2_PLACEMENT_3D('',#5445,#5446,#5447);
#2180=EDGE_LOOP('',(#5448,#5449,#5450,#5451));
#2181=AXIS2_PLACEMENT_3D('',#5452,#5453,#5454);
#2182=EDGE_LOOP('',(#5455,#5456,#5457,#5458));
#2183=AXIS2_PLACEMENT_3D('',#5459,#5460,#5461);
#2184=EDGE_LOOP('',(#5462,#5463,#5464,#5465));
#2185=AXIS2_PLACEMENT_3D('',#5466,#5467,#5468);
#2186=EDGE_LOOP('',(#5469,#5470,#5471,#5472));
#2187=AXIS2_PLACEMENT_3D('',#5473,#5474,#5475);
#2188=EDGE_LOOP('',(#5476,#5477,#5478,#5479));
#2189=AXIS2_PLACEMENT_3D('',#5480,#5481,#5482);
#2190=EDGE_LOOP('',(#5483,#5484,#5485,#5486,#5487,#5488,#5489,#5490,#5491,#5492,#5493,#5494));
#2191=AXIS2_PLACEMENT_3D('',#5495,#5496,#5497);
#2192=EDGE_LOOP('',(#5498,#5499,#5500,#5501));
#2193=AXIS2_PLACEMENT_3D('',#5502,#5503,#5504);
#2194=EDGE_LOOP('',(#5505,#5506,#5507,#5508,#5509,#5510,#5511,#5512,#5513,#5514));
#2195=AXIS2_PLACEMENT_3D('',#5515,#5516,#5517);
#2196=EDGE_LOOP('',(#5518,#5519,#5520,#5521,#5522,#5523,#5524,#5525));
#2197=AXIS2_PLACEMENT_3D('',#5526,#5527,#5528);
#2198=EDGE_LOOP('',(#5529,#5530,#5531,#5532));
#2199=AXIS2_PLACEMENT_3D('',#5533,#5534,#5535);
#2200=EDGE_LOOP('',(#5536,#5537,#5538,#5539));
#2201=AXIS2_PLACEMENT_3D('',#5540,#5541,#5542);
#2202=EDGE_LOOP('',(#5543,#5544,#5545,#5546,#5547,#5548,#5549,#5550));
#2203=AXIS2_PLACEMENT_3D('',#5551,#5552,#5553);
#2204=EDGE_LOOP('',(#5554,#5555,#5556,#5557));
#2205=AXIS2_PLACEMENT_3D('',#5558,#5559,#5560);
#2206=EDGE_LOOP('',(#5561,#5562,#5563,#5564));
#2207=AXIS2_PLACEMENT_3D('',#5565,#5566,#5567);
#2208=EDGE_LOOP('',(#5568,#5569,#5570,#5571));
#2209=AXIS2_PLACEMENT_3D('',#5572,#5573,#5574);
#2210=EDGE_LOOP('',(#5575,#5576,#5577,#5578));
#2211=AXIS2_PLACEMENT_3D('',#5579,#5580,#5581);
#2212=EDGE_LOOP('',(#5582,#5583,#5584,#5585));
#2213=AXIS2_PLACEMENT_3D('',#5586,#5587,#5588);
#2214=EDGE_LOOP('',(#5589,#5590,#5591,#5592));
#2215=AXIS2_PLACEMENT_3D('',#5593,#5594,#5595);
#2216=EDGE_LOOP('',(#5596,#5597,#5598,#5599));
#2217=AXIS2_PLACEMENT_3D('',#5600,#5601,#5602);
#2218=EDGE_LOOP('',(#5603,#5604,#5605,#5606));
#2219=AXIS2_PLACEMENT_3D('',#5607,#5608,#5609);
#2220=EDGE_LOOP('',(#5610,#5611,#5612,#5613,#5614,#5615,#5616,#5617));
#2221=AXIS2_PLACEMENT_3D('',#5618,#5619,#5620);
#2222=EDGE_LOOP('',(#5621,#5622,#5623,#5624));
#2223=AXIS2_PLACEMENT_3D('',#5625,#5626,#5627);
#2224=EDGE_LOOP('',(#5628,#5629,#5630,#5631));
#2225=AXIS2_PLACEMENT_3D('',#5632,#5633,#5634);
#2226=EDGE_LOOP('',(#5635,#5636,#5637,#5638));
#2227=AXIS2_PLACEMENT_3D('',#5639,#5640,#5641);
#2228=EDGE_LOOP('',(#5642,#5643,#5644,#5645));
#2229=AXIS2_PLACEMENT_3D('',#5646,#5647,#5648);
#2230=EDGE_LOOP('',(#5649,#5650,#5651,#5652));
#2231=AXIS2_PLACEMENT_3D('',#5653,#5654,#5655);
#2232=EDGE_LOOP('',(#5656,#5657,#5658,#5659));
#2233=AXIS2_PLACEMENT_3D('',#5660,#5661,#5662);
#2234=EDGE_LOOP('',(#5663,#5664,#5665,#5666));
#2235=AXIS2_PLACEMENT_3D('',#5667,#5668,#5669);
#2236=EDGE_LOOP('',(#5670,#5671,#5672,#5673));
#2237=AXIS2_PLACEMENT_3D('',#5674,#5675,#5676);
#2238=EDGE_LOOP('',(#5677,#5678,#5679,#5680));
#2239=AXIS2_PLACEMENT_3D('',#5681,#5682,#5683);
#2240=EDGE_LOOP('',(#5684,#5685,#5686,#5687,#5688));
#2241=AXIS2_PLACEMENT_3D('',#5689,#5690,#5691);
#2242=EDGE_LOOP('',(#5692,#5693,#5694,#5695));
#2243=AXIS2_PLACEMENT_3D('',#5696,#5697,#5698);
#2244=EDGE_LOOP('',(#5699,#5700,#5701,#5702));
#2245=AXIS2_PLACEMENT_3D('',#5703,#5704,#5705);
#2246=EDGE_LOOP('',(#5706,#5707,#5708,#5709));
#2247=AXIS2_PLACEMENT_3D('',#5710,#5711,#5712);
#2248=EDGE_LOOP('',(#5713,#5714,#5715,#5716));
#2249=AXIS2_PLACEMENT_3D('',#5717,#5718,#5719);
#2250=EDGE_LOOP('',(#5720,#5721,#5722,#5723));
#2251=AXIS2_PLACEMENT_3D('',#5724,#5725,#5726);
#2252=EDGE_LOOP('',(#5727,#5728,#5729,#5730,#5731));
#2253=AXIS2_PLACEMENT_3D('',#5732,#5733,#5734);
#2254=EDGE_LOOP('',(#5735,#5736,#5737,#5738,#5739));
#2255=AXIS2_PLACEMENT_3D('',#5740,#5741,#5742);
#2256=EDGE_LOOP('',(#5743,#5744,#5745,#5746));
#2257=AXIS2_PLACEMENT_3D('',#5747,#5748,#5749);
#2258=EDGE_LOOP('',(#5750,#5751,#5752,#5753,#5754));
#2259=AXIS2_PLACEMENT_3D('',#5755,#5756,#5757);
#2260=EDGE_LOOP('',(#5758,#5759,#5760,#5761));
#2261=AXIS2_PLACEMENT_3D('',#5762,#5763,#5764);
#2262=EDGE_LOOP('',(#5765,#5766,#5767,#5768));
#2263=AXIS2_PLACEMENT_3D('',#5769,#5770,#5771);
#2264=EDGE_LOOP('',(#5772,#5773,#5774,#5775));
#2265=AXIS2_PLACEMENT_3D('',#5776,#5777,#5778);
#2266=EDGE_LOOP('',(#5779,#5780,#5781,#5782));
#2267=AXIS2_PLACEMENT_3D('',#5783,#5784,#5785);
#2268=EDGE_LOOP('',(#5786,#5787,#5788,#5789));
#2269=AXIS2_PLACEMENT_3D('',#5790,#5791,#5792);
#2270=EDGE_LOOP('',(#5793,#5794,#5795,#5796));
#2271=AXIS2_PLACEMENT_3D('',#5797,#5798,#5799);
#2272=EDGE_LOOP('',(#5800,#5801,#5802,#5803));
#2273=AXIS2_PLACEMENT_3D('',#5804,#5805,#5806);
#2274=EDGE_LOOP('',(#5807,#5808,#5809,#5810,#5811,#5812,#5813,#5814));
#2275=AXIS2_PLACEMENT_3D('',#5815,#5816,#5817);
#2276=EDGE_LOOP('',(#5818,#5819,#5820,#5821));
#2277=AXIS2_PLACEMENT_3D('',#5822,#5823,#5824);
#2278=EDGE_LOOP('',(#5825,#5826,#5827,#5828));
#2279=AXIS2_PLACEMENT_3D('',#5829,#5830,#5831);
#2280=EDGE_LOOP('',(#5832,#5833,#5834,#5835,#5836,#5837,#5838,#5839));
#2281=AXIS2_PLACEMENT_3D('',#5840,#5841,#5842);
#2282=EDGE_LOOP('',(#5843,#5844,#5845,#5846));
#2283=AXIS2_PLACEMENT_3D('',#5847,#5848,#5849);
#2284=EDGE_LOOP('',(#5850,#5851,#5852,#5853,#5854,#5855,#5856,#5857));
#2285=AXIS2_PLACEMENT_3D('',#5858,#5859,#5860);
#2286=EDGE_LOOP('',(#5861,#5862,#5863,#5864));
#2287=AXIS2_PLACEMENT_3D('',#5865,#5866,#5867);
#2288=EDGE_LOOP('',(#5868,#5869,#5870,#5871));
#2289=AXIS2_PLACEMENT_3D('',#5872,#5873,#5874);
#2290=EDGE_LOOP('',(#5875,#5876,#5877,#5878));
#2291=AXIS2_PLACEMENT_3D('',#5879,#5880,#5881);
#2292=EDGE_LOOP('',(#5882,#5883,#5884,#5885));
#2293=AXIS2_PLACEMENT_3D('',#5886,#5887,#5888);
#2294=EDGE_LOOP('',(#5889,#5890,#5891,#5892));
#2295=AXIS2_PLACEMENT_3D('',#5893,#5894,#5895);
#2296=EDGE_LOOP('',(#5896,#5897,#5898,#5899));
#2297=AXIS2_PLACEMENT_3D('',#5900,#5901,#5902);
#2298=EDGE_LOOP('',(#5903,#5904,#5905,#5906));
#2299=AXIS2_PLACEMENT_3D('',#5907,#5908,#5909);
#2300=EDGE_LOOP('',(#5910,#5911,#5912,#5913));
#2301=AXIS2_PLACEMENT_3D('',#5914,#5915,#5916);
#2302=EDGE_LOOP('',(#5917,#5918,#5919,#5920));
#2303=AXIS2_PLACEMENT_3D('',#5921,#5922,#5923);
#2304=EDGE_LOOP('',(#5924,#5925,#5926,#5927));
#2305=AXIS2_PLACEMENT_3D('',#5928,#5929,#5930);
#2306=EDGE_LOOP('',(#5931,#5932,#5933,#5934));
#2307=AXIS2_PLACEMENT_3D('',#5935,#5936,#5937);
#2308=EDGE_LOOP('',(#5938,#5939,#5940,#5941));
#2309=AXIS2_PLACEMENT_3D('',#5942,#5943,#5944);
#2310=EDGE_LOOP('',(#5945,#5946,#5947,#5948));
#2311=AXIS2_PLACEMENT_3D('',#5949,#5950,#5951);
#2312=EDGE_LOOP('',(#5952,#5953,#5954,#5955));
#2313=AXIS2_PLACEMENT_3D('',#5956,#5957,#5958);
#2314=EDGE_LOOP('',(#5959,#5960,#5961,#5962));
#2315=AXIS2_PLACEMENT_3D('',#5963,#5964,#5965);
#2316=EDGE_LOOP('',(#5966,#5967,#5968,#5969,#5970,#5971,#5972));
#2317=AXIS2_PLACEMENT_3D('',#5973,#5974,#5975);
#2318=EDGE_LOOP('',(#5976,#5977,#5978,#5979));
#2319=AXIS2_PLACEMENT_3D('',#5980,#5981,#5982);
#2320=EDGE_LOOP('',(#5983,#5984,#5985,#5986));
#2321=AXIS2_PLACEMENT_3D('',#5987,#5988,#5989);
#2322=EDGE_LOOP('',(#5990,#5991,#5992,#5993));
#2323=AXIS2_PLACEMENT_3D('',#5994,#5995,#5996);
#2324=EDGE_LOOP('',(#5997,#5998,#5999,#6000));
#2325=AXIS2_PLACEMENT_3D('',#6001,#6002,#6003);
#2326=EDGE_LOOP('',(#6004,#6005,#6006,#6007));
#2327=AXIS2_PLACEMENT_3D('',#6008,#6009,#6010);
#2328=EDGE_LOOP('',(#6011,#6012,#6013,#6014));
#2329=AXIS2_PLACEMENT_3D('',#6015,#6016,#6017);
#2330=CIRCLE('',#6018,0.51);
#2331=CIRCLE('',#6019,0.51);
#2332=CIRCLE('',#6020,0.51);
#2333=CIRCLE('',#6021,0.51);
#2334=CIRCLE('',#6022,0.51);
#2335=CIRCLE('',#6023,0.51);
#2336=CIRCLE('',#6024,0.51);
#2337=CIRCLE('',#6025,0.51);
#2338=CIRCLE('',#6026,0.51);
#2339=CIRCLE('',#6027,0.51);
#2340=CIRCLE('',#6028,0.51);
#2341=CIRCLE('',#6029,0.51);
#2342=CIRCLE('',#6030,0.51);
#2343=CIRCLE('',#6031,0.51);
#2344=CIRCLE('',#6032,0.51);
#2345=CIRCLE('',#6033,0.51);
#2346=CIRCLE('',#6034,0.51);
#2347=CIRCLE('',#6035,0.51);
#2348=CIRCLE('',#6036,0.51);
#2349=CIRCLE('',#6037,0.51);
#2350=CIRCLE('',#6038,0.51);
#2351=CIRCLE('',#6039,0.51);
#2352=CIRCLE('',#6040,0.51);
#2353=CIRCLE('',#6041,0.51);
#2354=LINE('',#6042,#6043);
#2355=LINE('',#6044,#6045);
#2356=LINE('',#6046,#6047);
#2357=LINE('',#6048,#6049);
#2358=ORIENTED_EDGE('',*,*,#6050,.F.);
#2359=ORIENTED_EDGE('',*,*,#6051,.F.);
#2360=ORIENTED_EDGE('',*,*,#6052,.T.);
#2361=ORIENTED_EDGE('',*,*,#6053,.T.);
#2362=CARTESIAN_POINT('',(-9.0,2.47,-5.649999223136));
#2363=DIRECTION('',(-0.0,0.0,1.0));
#2364=DIRECTION('',(0.0,-1.0,0.0));
#2365=ORIENTED_EDGE('',*,*,#6054,.F.);
#2366=ORIENTED_EDGE('',*,*,#6055,.T.);
#2367=ORIENTED_EDGE('',*,*,#6056,.F.);
#2368=ORIENTED_EDGE('',*,*,#6057,.F.);
#2369=CARTESIAN_POINT('',(9.0,2.47,-5.649999223136));
#2370=DIRECTION('',(-0.0,0.0,1.0));
#2371=DIRECTION('',(0.0,-1.0,0.0));
#2372=ORIENTED_EDGE('',*,*,#6058,.F.);
#2373=ORIENTED_EDGE('',*,*,#6059,.F.);
#2374=ORIENTED_EDGE('',*,*,#6056,.T.);
#2375=ORIENTED_EDGE('',*,*,#6060,.T.);
#2376=CARTESIAN_POINT('',(9.0,2.47,-5.649999223136));
#2377=DIRECTION('',(-0.0,0.0,1.0));
#2378=DIRECTION('',(0.0,-1.0,0.0));
#2379=ORIENTED_EDGE('',*,*,#6061,.F.);
#2380=ORIENTED_EDGE('',*,*,#6062,.T.);
#2381=ORIENTED_EDGE('',*,*,#6052,.F.);
#2382=ORIENTED_EDGE('',*,*,#6063,.F.);
#2383=CARTESIAN_POINT('',(-9.0,2.47,-5.649999223136));
#2384=DIRECTION('',(-0.0,0.0,1.0));
#2385=DIRECTION('',(0.0,-1.0,0.0));
#2386=ORIENTED_EDGE('',*,*,#6064,.F.);
#2387=ORIENTED_EDGE('',*,*,#6065,.T.);
#2388=ORIENTED_EDGE('',*,*,#6066,.T.);
#2389=ORIENTED_EDGE('',*,*,#6067,.F.);
#2390=CARTESIAN_POINT('',(-0.7,4.18,1.329177595493));
#2391=DIRECTION('',(-1.0,0.0,-0.0));
#2392=DIRECTION('',(0.0,0.0,-1.0));
#2393=ORIENTED_EDGE('',*,*,#6068,.T.);
#2394=ORIENTED_EDGE('',*,*,#6069,.T.);
#2395=ORIENTED_EDGE('',*,*,#6070,.T.);
#2396=ORIENTED_EDGE('',*,*,#6071,.T.);
#2397=ORIENTED_EDGE('',*,*,#6072,.T.);
#2398=ORIENTED_EDGE('',*,*,#6073,.F.);
#2399=ORIENTED_EDGE('',*,*,#6074,.T.);
#2400=ORIENTED_EDGE('',*,*,#6075,.F.);
#2401=ORIENTED_EDGE('',*,*,#6076,.F.);
#2402=ORIENTED_EDGE('',*,*,#6077,.F.);
#2403=ORIENTED_EDGE('',*,*,#6078,.F.);
#2404=ORIENTED_EDGE('',*,*,#6079,.F.);
#2405=ORIENTED_EDGE('',*,*,#6080,.T.);
#2406=ORIENTED_EDGE('',*,*,#6081,.T.);
#2407=CARTESIAN_POINT('',(-9.325,0.0,0.0));
#2408=DIRECTION('',(1.0,0.0,0.0));
#2409=DIRECTION('',(0.0,1.0,0.0));
#2410=ORIENTED_EDGE('',*,*,#6082,.F.);
#2411=ORIENTED_EDGE('',*,*,#6081,.F.);
#2412=ORIENTED_EDGE('',*,*,#6083,.F.);
#2413=ORIENTED_EDGE('',*,*,#6084,.T.);
#2414=CARTESIAN_POINT('',(-9.825,-1.1,3.305));
#2415=DIRECTION('',(-0.0,1.0,0.0));
#2416=DIRECTION('',(1.0,0.0,0.0));
#2417=ORIENTED_EDGE('',*,*,#6085,.F.);
#2418=ORIENTED_EDGE('',*,*,#6086,.T.);
#2419=ORIENTED_EDGE('',*,*,#6087,.T.);
#2420=ORIENTED_EDGE('',*,*,#6088,.T.);
#2421=ORIENTED_EDGE('',*,*,#6089,.F.);
#2422=ORIENTED_EDGE('',*,*,#6090,.F.);
#2423=ORIENTED_EDGE('',*,*,#6091,.F.);
#2424=ORIENTED_EDGE('',*,*,#6092,.F.);
#2425=ORIENTED_EDGE('',*,*,#6093,.F.);
#2426=ORIENTED_EDGE('',*,*,#6094,.F.);
#2427=ORIENTED_EDGE('',*,*,#6084,.F.);
#2428=ORIENTED_EDGE('',*,*,#6095,.T.);
#2429=CARTESIAN_POINT('',(-7.925,2.65,4.955));
#2430=DIRECTION('',(1.0,0.0,0.0));
#2431=DIRECTION('',(0.0,1.0,0.0));
#2432=ORIENTED_EDGE('',*,*,#6080,.F.);
#2433=ORIENTED_EDGE('',*,*,#6096,.F.);
#2434=ORIENTED_EDGE('',*,*,#6095,.F.);
#2435=ORIENTED_EDGE('',*,*,#6083,.T.);
#2436=CARTESIAN_POINT('',(-7.925,2.65,3.305));
#2437=DIRECTION('',(0.0,0.0,-1.0));
#2438=DIRECTION('',(0.0,-1.0,0.0));
#2439=ORIENTED_EDGE('',*,*,#6088,.F.);
#2440=ORIENTED_EDGE('',*,*,#6097,.T.);
#2441=ORIENTED_EDGE('',*,*,#6074,.F.);
#2442=ORIENTED_EDGE('',*,*,#6098,.F.);
#2443=CARTESIAN_POINT('',(-7.925,2.65,3.305));
#2444=DIRECTION('',(0.0,0.0,-1.0));
#2445=DIRECTION('',(0.0,-1.0,0.0));
#2446=ORIENTED_EDGE('',*,*,#6099,.T.);
#2447=ORIENTED_EDGE('',*,*,#6100,.T.);
#2448=ORIENTED_EDGE('',*,*,#6101,.F.);
#2449=CARTESIAN_POINT('',(0.0,-2.45,0.0));
#2450=DIRECTION('',(-0.0,1.0,0.0));
#2451=DIRECTION('',(1.0,0.0,0.0));
#2452=ORIENTED_EDGE('',*,*,#6085,.T.);
#2453=ORIENTED_EDGE('',*,*,#6096,.T.);
#2454=ORIENTED_EDGE('',*,*,#6102,.F.);
#2455=CARTESIAN_POINT('',(0.0,-2.45,0.0));
#2456=DIRECTION('',(-0.0,1.0,0.0));
#2457=DIRECTION('',(1.0,0.0,0.0));
#2458=ORIENTED_EDGE('',*,*,#6103,.F.);
#2459=ORIENTED_EDGE('',*,*,#6104,.T.);
#2460=ORIENTED_EDGE('',*,*,#6105,.T.);
#2461=ORIENTED_EDGE('',*,*,#6106,.F.);
#2462=CARTESIAN_POINT('',(9.325,3.43,3.305));
#2463=DIRECTION('',(-0.762509135372793,0.0,-0.646977448195094));
#2464=DIRECTION('',(-0.646977448195094,0.0,0.762509135372793));
#2465=ORIENTED_EDGE('',*,*,#6107,.T.);
#2466=ORIENTED_EDGE('',*,*,#6108,.F.);
#2467=ORIENTED_EDGE('',*,*,#6109,.F.);
#2468=ORIENTED_EDGE('',*,*,#6110,.F.);
#2469=ORIENTED_EDGE('',*,*,#6101,.T.);
#2470=CARTESIAN_POINT('',(9.325,3.43,3.305));
#2471=DIRECTION('',(-0.762509135372793,0.0,-0.646977448195094));
#2472=DIRECTION('',(-0.646977448195094,0.0,0.762509135372793));
#2473=ORIENTED_EDGE('',*,*,#6111,.F.);
#2474=ORIENTED_EDGE('',*,*,#6112,.F.);
#2475=ORIENTED_EDGE('',*,*,#6106,.T.);
#2476=CARTESIAN_POINT('',(0.0,2.65,0.0));
#2477=DIRECTION('',(-0.0,1.0,0.0));
#2478=DIRECTION('',(1.0,0.0,0.0));
#2479=ORIENTED_EDGE('',*,*,#6097,.F.);
#2480=ORIENTED_EDGE('',*,*,#6087,.F.);
#2481=ORIENTED_EDGE('',*,*,#6113,.T.);
#2482=CARTESIAN_POINT('',(0.0,2.65,0.0));
#2483=DIRECTION('',(-0.0,1.0,0.0));
#2484=DIRECTION('',(1.0,0.0,0.0));
#2485=ORIENTED_EDGE('',*,*,#6114,.T.);
#2486=ORIENTED_EDGE('',*,*,#6099,.F.);
#2487=ORIENTED_EDGE('',*,*,#6115,.T.);
#2488=ORIENTED_EDGE('',*,*,#6116,.T.);
#2489=CARTESIAN_POINT('',(9.325,2.65,3.305));
#2490=DIRECTION('',(0.0,0.0,-1.0));
#2491=DIRECTION('',(0.0,-1.0,0.0));
#2492=ORIENTED_EDGE('',*,*,#6117,.T.);
#2493=ORIENTED_EDGE('',*,*,#6112,.T.);
#2494=ORIENTED_EDGE('',*,*,#6118,.T.);
#2495=ORIENTED_EDGE('',*,*,#6119,.F.);
#2496=CARTESIAN_POINT('',(9.325,2.65,3.305));
#2497=DIRECTION('',(0.0,0.0,-1.0));
#2498=DIRECTION('',(0.0,-1.0,0.0));
#2499=ORIENTED_EDGE('',*,*,#6120,.T.);
#2500=ORIENTED_EDGE('',*,*,#6121,.F.);
#2501=ORIENTED_EDGE('',*,*,#6116,.F.);
#2502=ORIENTED_EDGE('',*,*,#6122,.T.);
#2503=CARTESIAN_POINT('',(9.825,-1.1,3.305));
#2504=DIRECTION('',(0.0,-1.0,0.0));
#2505=DIRECTION('',(0.0,0.0,-1.0));
#2506=ORIENTED_EDGE('',*,*,#6115,.F.);
#2507=ORIENTED_EDGE('',*,*,#6110,.T.);
#2508=ORIENTED_EDGE('',*,*,#6123,.T.);
#2509=ORIENTED_EDGE('',*,*,#6124,.T.);
#2510=ORIENTED_EDGE('',*,*,#6125,.T.);
#2511=ORIENTED_EDGE('',*,*,#6103,.T.);
#2512=ORIENTED_EDGE('',*,*,#6117,.F.);
#2513=ORIENTED_EDGE('',*,*,#6126,.T.);
#2514=ORIENTED_EDGE('',*,*,#6127,.F.);
#2515=ORIENTED_EDGE('',*,*,#6128,.F.);
#2516=ORIENTED_EDGE('',*,*,#6129,.F.);
#2517=ORIENTED_EDGE('',*,*,#6130,.F.);
#2518=ORIENTED_EDGE('',*,*,#6131,.F.);
#2519=ORIENTED_EDGE('',*,*,#6122,.F.);
#2520=ORIENTED_EDGE('',*,*,#6132,.F.);
#2521=ORIENTED_EDGE('',*,*,#6133,.F.);
#2522=ORIENTED_EDGE('',*,*,#6134,.F.);
#2523=ORIENTED_EDGE('',*,*,#6135,.F.);
#2524=ORIENTED_EDGE('',*,*,#6136,.F.);
#2525=ORIENTED_EDGE('',*,*,#6137,.F.);
#2526=ORIENTED_EDGE('',*,*,#6138,.F.);
#2527=CARTESIAN_POINT('',(9.325,0.0,0.0));
#2528=DIRECTION('',(1.0,0.0,0.0));
#2529=DIRECTION('',(0.0,1.0,0.0));
#2530=ORIENTED_EDGE('',*,*,#6139,.T.);
#2531=ORIENTED_EDGE('',*,*,#6140,.F.);
#2532=ORIENTED_EDGE('',*,*,#6120,.F.);
#2533=ORIENTED_EDGE('',*,*,#6131,.T.);
#2534=CARTESIAN_POINT('',(9.825,-1.1,-0.345));
#2535=DIRECTION('',(0.0,0.0,-1.0));
#2536=DIRECTION('',(0.0,-1.0,0.0));
#2537=ORIENTED_EDGE('',*,*,#6111,.T.);
#2538=ORIENTED_EDGE('',*,*,#6141,.F.);
#2539=ORIENTED_EDGE('',*,*,#6100,.F.);
#2540=ORIENTED_EDGE('',*,*,#6114,.F.);
#2541=ORIENTED_EDGE('',*,*,#6121,.T.);
#2542=ORIENTED_EDGE('',*,*,#6140,.T.);
#2543=ORIENTED_EDGE('',*,*,#6142,.T.);
#2544=ORIENTED_EDGE('',*,*,#6143,.T.);
#2545=ORIENTED_EDGE('',*,*,#6144,.T.);
#2546=ORIENTED_EDGE('',*,*,#6145,.T.);
#2547=ORIENTED_EDGE('',*,*,#6146,.T.);
#2548=ORIENTED_EDGE('',*,*,#6118,.F.);
#2549=CARTESIAN_POINT('',(7.925,2.65,3.305));
#2550=DIRECTION('',(-1.0,0.0,0.0));
#2551=DIRECTION('',(0.0,0.0,1.0));
#2552=ORIENTED_EDGE('',*,*,#6119,.T.);
#2553=ORIENTED_EDGE('',*,*,#6146,.F.);
#2554=ORIENTED_EDGE('',*,*,#6147,.F.);
#2555=ORIENTED_EDGE('',*,*,#6126,.F.);
#2556=CARTESIAN_POINT('',(9.825,1.1,-0.345));
#2557=DIRECTION('',(-0.0,1.0,0.0));
#2558=DIRECTION('',(1.0,0.0,0.0));
#2559=ORIENTED_EDGE('',*,*,#6147,.T.);
#2560=ORIENTED_EDGE('',*,*,#6145,.F.);
#2561=ORIENTED_EDGE('',*,*,#6148,.F.);
#2562=ORIENTED_EDGE('',*,*,#6127,.T.);
#2563=CARTESIAN_POINT('',(9.825,0.575,-0.345));
#2564=DIRECTION('',(0.0,0.0,-1.0));
#2565=DIRECTION('',(0.0,-1.0,0.0));
#2566=ORIENTED_EDGE('',*,*,#6148,.T.);
#2567=ORIENTED_EDGE('',*,*,#6144,.F.);
#2568=ORIENTED_EDGE('',*,*,#6149,.F.);
#2569=ORIENTED_EDGE('',*,*,#6128,.T.);
#2570=CARTESIAN_POINT('',(9.825,0.575,-2.845));
#2571=DIRECTION('',(-0.0,1.0,0.0));
#2572=DIRECTION('',(1.0,0.0,0.0));
#2573=ORIENTED_EDGE('',*,*,#6149,.T.);
#2574=ORIENTED_EDGE('',*,*,#6143,.F.);
#2575=ORIENTED_EDGE('',*,*,#6150,.F.);
#2576=ORIENTED_EDGE('',*,*,#6129,.T.);
#2577=CARTESIAN_POINT('',(9.825,-0.575,-2.845));
#2578=DIRECTION('',(0.0,0.0,-1.0));
#2579=DIRECTION('',(0.0,-1.0,0.0));
#2580=ORIENTED_EDGE('',*,*,#6150,.T.);
#2581=ORIENTED_EDGE('',*,*,#6142,.F.);
#2582=ORIENTED_EDGE('',*,*,#6139,.F.);
#2583=ORIENTED_EDGE('',*,*,#6130,.T.);
#2584=CARTESIAN_POINT('',(9.825,-0.575,-0.345));
#2585=DIRECTION('',(0.0,-1.0,0.0));
#2586=DIRECTION('',(0.0,0.0,-1.0));
#2587=ORIENTED_EDGE('',*,*,#6105,.F.);
#2588=ORIENTED_EDGE('',*,*,#6151,.F.);
#2589=ORIENTED_EDGE('',*,*,#6152,.T.);
#2590=ORIENTED_EDGE('',*,*,#6086,.F.);
#2591=ORIENTED_EDGE('',*,*,#6153,.T.);
#2592=ORIENTED_EDGE('',*,*,#6154,.T.);
#2593=ORIENTED_EDGE('',*,*,#6107,.F.);
#2594=ORIENTED_EDGE('',*,*,#6141,.T.);
#2595=ORIENTED_EDGE('',*,*,#6155,.F.);
#2596=ORIENTED_EDGE('',*,*,#6156,.F.);
#2597=ORIENTED_EDGE('',*,*,#6157,.F.);
#2598=ORIENTED_EDGE('',*,*,#6158,.F.);
#2599=ORIENTED_EDGE('',*,*,#6159,.F.);
#2600=ORIENTED_EDGE('',*,*,#6160,.F.);
#2601=ORIENTED_EDGE('',*,*,#6161,.F.);
#2602=ORIENTED_EDGE('',*,*,#6162,.F.);
#2603=ORIENTED_EDGE('',*,*,#6163,.F.);
#2604=ORIENTED_EDGE('',*,*,#6164,.F.);
#2605=ORIENTED_EDGE('',*,*,#6165,.F.);
#2606=ORIENTED_EDGE('',*,*,#6166,.F.);
#2607=ORIENTED_EDGE('',*,*,#6167,.F.);
#2608=ORIENTED_EDGE('',*,*,#6168,.F.);
#2609=ORIENTED_EDGE('',*,*,#6169,.F.);
#2610=ORIENTED_EDGE('',*,*,#6170,.F.);
#2611=ORIENTED_EDGE('',*,*,#6171,.F.);
#2612=ORIENTED_EDGE('',*,*,#6172,.F.);
#2613=ORIENTED_EDGE('',*,*,#6173,.F.);
#2614=ORIENTED_EDGE('',*,*,#6174,.F.);
#2615=ORIENTED_EDGE('',*,*,#6175,.F.);
#2616=ORIENTED_EDGE('',*,*,#6176,.F.);
#2617=ORIENTED_EDGE('',*,*,#6177,.F.);
#2618=ORIENTED_EDGE('',*,*,#6178,.F.);
#2619=ORIENTED_EDGE('',*,*,#6179,.F.);
#2620=ORIENTED_EDGE('',*,*,#6180,.F.);
#2621=ORIENTED_EDGE('',*,*,#6181,.F.);
#2622=ORIENTED_EDGE('',*,*,#6182,.F.);
#2623=ORIENTED_EDGE('',*,*,#6183,.F.);
#2624=ORIENTED_EDGE('',*,*,#6184,.F.);
#2625=ORIENTED_EDGE('',*,*,#6185,.F.);
#2626=ORIENTED_EDGE('',*,*,#6186,.F.);
#2627=ORIENTED_EDGE('',*,*,#6187,.F.);
#2628=ORIENTED_EDGE('',*,*,#6188,.F.);
#2629=ORIENTED_EDGE('',*,*,#6189,.F.);
#2630=ORIENTED_EDGE('',*,*,#6190,.F.);
#2631=ORIENTED_EDGE('',*,*,#6191,.F.);
#2632=ORIENTED_EDGE('',*,*,#6192,.F.);
#2633=ORIENTED_EDGE('',*,*,#6193,.F.);
#2634=ORIENTED_EDGE('',*,*,#6194,.F.);
#2635=ORIENTED_EDGE('',*,*,#6195,.F.);
#2636=ORIENTED_EDGE('',*,*,#6196,.F.);
#2637=ORIENTED_EDGE('',*,*,#6197,.F.);
#2638=ORIENTED_EDGE('',*,*,#6198,.F.);
#2639=ORIENTED_EDGE('',*,*,#6199,.F.);
#2640=ORIENTED_EDGE('',*,*,#6200,.F.);
#2641=ORIENTED_EDGE('',*,*,#6201,.F.);
#2642=ORIENTED_EDGE('',*,*,#6202,.F.);
#2643=ORIENTED_EDGE('',*,*,#6203,.F.);
#2644=CARTESIAN_POINT('',(-9.325,3.43,4.955));
#2645=DIRECTION('',(0.0,0.0,1.0));
#2646=DIRECTION('',(1.0,0.0,0.0));
#2647=ORIENTED_EDGE('',*,*,#6204,.T.);
#2648=ORIENTED_EDGE('',*,*,#6205,.F.);
#2649=ORIENTED_EDGE('',*,*,#6206,.F.);
#2650=ORIENTED_EDGE('',*,*,#6207,.T.);
#2651=ORIENTED_EDGE('',*,*,#6208,.T.);
#2652=ORIENTED_EDGE('',*,*,#6209,.F.);
#2653=ORIENTED_EDGE('',*,*,#6210,.F.);
#2654=ORIENTED_EDGE('',*,*,#6211,.T.);
#2655=ORIENTED_EDGE('',*,*,#6212,.T.);
#2656=ORIENTED_EDGE('',*,*,#6213,.F.);
#2657=ORIENTED_EDGE('',*,*,#6214,.F.);
#2658=ORIENTED_EDGE('',*,*,#6215,.T.);
#2659=ORIENTED_EDGE('',*,*,#6216,.T.);
#2660=ORIENTED_EDGE('',*,*,#6217,.F.);
#2661=ORIENTED_EDGE('',*,*,#6218,.F.);
#2662=ORIENTED_EDGE('',*,*,#6219,.T.);
#2663=ORIENTED_EDGE('',*,*,#6220,.T.);
#2664=ORIENTED_EDGE('',*,*,#6221,.F.);
#2665=ORIENTED_EDGE('',*,*,#6222,.F.);
#2666=ORIENTED_EDGE('',*,*,#6223,.F.);
#2667=ORIENTED_EDGE('',*,*,#6224,.T.);
#2668=ORIENTED_EDGE('',*,*,#6225,.F.);
#2669=ORIENTED_EDGE('',*,*,#6108,.T.);
#2670=ORIENTED_EDGE('',*,*,#6154,.F.);
#2671=ORIENTED_EDGE('',*,*,#6226,.T.);
#2672=ORIENTED_EDGE('',*,*,#6227,.T.);
#2673=ORIENTED_EDGE('',*,*,#6228,.T.);
#2674=ORIENTED_EDGE('',*,*,#6229,.T.);
#2675=ORIENTED_EDGE('',*,*,#6230,.F.);
#2676=ORIENTED_EDGE('',*,*,#6231,.T.);
#2677=ORIENTED_EDGE('',*,*,#6232,.F.);
#2678=ORIENTED_EDGE('',*,*,#6233,.F.);
#2679=ORIENTED_EDGE('',*,*,#6234,.T.);
#2680=ORIENTED_EDGE('',*,*,#6235,.T.);
#2681=ORIENTED_EDGE('',*,*,#6236,.F.);
#2682=ORIENTED_EDGE('',*,*,#6237,.F.);
#2683=ORIENTED_EDGE('',*,*,#6238,.T.);
#2684=ORIENTED_EDGE('',*,*,#6239,.T.);
#2685=CARTESIAN_POINT('',(-9.325,-3.43,4.955));
#2686=DIRECTION('',(0.0,-1.0,0.0));
#2687=DIRECTION('',(0.0,0.0,-1.0));
#2688=ORIENTED_EDGE('',*,*,#6240,.T.);
#2689=ORIENTED_EDGE('',*,*,#6241,.T.);
#2690=ORIENTED_EDGE('',*,*,#6242,.T.);
#2691=ORIENTED_EDGE('',*,*,#6239,.F.);
#2692=CARTESIAN_POINT('',(9.325,2.65,3.355));
#2693=DIRECTION('',(0.0,0.0,1.0));
#2694=DIRECTION('',(1.0,0.0,0.0));
#2695=ORIENTED_EDGE('',*,*,#6243,.T.);
#2696=ORIENTED_EDGE('',*,*,#6244,.T.);
#2697=ORIENTED_EDGE('',*,*,#6245,.T.);
#2698=ORIENTED_EDGE('',*,*,#6235,.F.);
#2699=CARTESIAN_POINT('',(9.325,2.65,3.355));
#2700=DIRECTION('',(0.0,0.0,1.0));
#2701=DIRECTION('',(1.0,0.0,0.0));
#2702=ORIENTED_EDGE('',*,*,#6242,.F.);
#2703=ORIENTED_EDGE('',*,*,#6246,.T.);
#2704=ORIENTED_EDGE('',*,*,#6247,.T.);
#2705=ORIENTED_EDGE('',*,*,#6236,.T.);
#2706=CARTESIAN_POINT('',(-4.35,-3.94,3.355));
#2707=DIRECTION('',(1.0,0.0,0.0));
#2708=DIRECTION('',(0.0,1.0,0.0));
#2709=ORIENTED_EDGE('',*,*,#6247,.F.);
#2710=ORIENTED_EDGE('',*,*,#6248,.F.);
#2711=ORIENTED_EDGE('',*,*,#6249,.F.);
#2712=ORIENTED_EDGE('',*,*,#6237,.T.);
#2713=CARTESIAN_POINT('',(-9.325,-3.43,-3.355));
#2714=DIRECTION('',(0.0,0.0,1.0));
#2715=DIRECTION('',(1.0,0.0,0.0));
#2716=ORIENTED_EDGE('',*,*,#6250,.F.);
#2717=ORIENTED_EDGE('',*,*,#6251,.F.);
#2718=ORIENTED_EDGE('',*,*,#6252,.F.);
#2719=ORIENTED_EDGE('',*,*,#6233,.T.);
#2720=CARTESIAN_POINT('',(-9.325,-3.43,-3.355));
#2721=DIRECTION('',(0.0,0.0,1.0));
#2722=DIRECTION('',(1.0,0.0,0.0));
#2723=ORIENTED_EDGE('',*,*,#6249,.T.);
#2724=ORIENTED_EDGE('',*,*,#6253,.F.);
#2725=ORIENTED_EDGE('',*,*,#6240,.F.);
#2726=ORIENTED_EDGE('',*,*,#6238,.F.);
#2727=CARTESIAN_POINT('',(-5.35,-3.43,3.355));
#2728=DIRECTION('',(-1.0,0.0,0.0));
#2729=DIRECTION('',(0.0,0.0,1.0));
#2730=ORIENTED_EDGE('',*,*,#6253,.T.);
#2731=ORIENTED_EDGE('',*,*,#6248,.T.);
#2732=ORIENTED_EDGE('',*,*,#6246,.F.);
#2733=ORIENTED_EDGE('',*,*,#6241,.F.);
#2734=CARTESIAN_POINT('',(-5.35,-3.94,3.355));
#2735=DIRECTION('',(0.0,-1.0,0.0));
#2736=DIRECTION('',(0.0,0.0,-1.0));
#2737=ORIENTED_EDGE('',*,*,#6252,.T.);
#2738=ORIENTED_EDGE('',*,*,#6254,.F.);
#2739=ORIENTED_EDGE('',*,*,#6243,.F.);
#2740=ORIENTED_EDGE('',*,*,#6234,.F.);
#2741=CARTESIAN_POINT('',(4.35,-3.43,3.355));
#2742=DIRECTION('',(-1.0,0.0,0.0));
#2743=DIRECTION('',(0.0,0.0,1.0));
#2744=ORIENTED_EDGE('',*,*,#6254,.T.);
#2745=ORIENTED_EDGE('',*,*,#6251,.T.);
#2746=ORIENTED_EDGE('',*,*,#6255,.F.);
#2747=ORIENTED_EDGE('',*,*,#6244,.F.);
#2748=CARTESIAN_POINT('',(4.35,-3.94,3.355));
#2749=DIRECTION('',(0.0,-1.0,0.0));
#2750=DIRECTION('',(0.0,0.0,-1.0));
#2751=ORIENTED_EDGE('',*,*,#6245,.F.);
#2752=ORIENTED_EDGE('',*,*,#6255,.T.);
#2753=ORIENTED_EDGE('',*,*,#6250,.T.);
#2754=ORIENTED_EDGE('',*,*,#6232,.T.);
#2755=CARTESIAN_POINT('',(5.35,-3.94,3.355));
#2756=DIRECTION('',(1.0,0.0,0.0));
#2757=DIRECTION('',(0.0,1.0,0.0));
#2758=ORIENTED_EDGE('',*,*,#6256,.T.);
#2759=ORIENTED_EDGE('',*,*,#6257,.T.);
#2760=ORIENTED_EDGE('',*,*,#6231,.F.);
#2761=ORIENTED_EDGE('',*,*,#6258,.F.);
#2762=ORIENTED_EDGE('',*,*,#6259,.T.);
#2763=ORIENTED_EDGE('',*,*,#6260,.T.);
#2764=CARTESIAN_POINT('',(-6.2985,3.43,-4.955));
#2765=DIRECTION('',(-1.0,0.0,0.0));
#2766=DIRECTION('',(0.0,0.0,1.0));
#2767=ORIENTED_EDGE('',*,*,#6261,.T.);
#2768=ORIENTED_EDGE('',*,*,#6262,.T.);
#2769=ORIENTED_EDGE('',*,*,#6263,.F.);
#2770=ORIENTED_EDGE('',*,*,#6264,.T.);
#2771=CARTESIAN_POINT('',(-6.2985,3.43,-4.955));
#2772=DIRECTION('',(-1.0,0.0,0.0));
#2773=DIRECTION('',(0.0,0.0,1.0));
#2774=ORIENTED_EDGE('',*,*,#6265,.F.);
#2775=ORIENTED_EDGE('',*,*,#6266,.T.);
#2776=ORIENTED_EDGE('',*,*,#6267,.T.);
#2777=ORIENTED_EDGE('',*,*,#6268,.T.);
#2778=CARTESIAN_POINT('',(-6.2985,3.43,-4.955));
#2779=DIRECTION('',(-1.0,0.0,0.0));
#2780=DIRECTION('',(0.0,0.0,1.0));
#2781=ORIENTED_EDGE('',*,*,#6269,.T.);
#2782=ORIENTED_EDGE('',*,*,#6270,.T.);
#2783=ORIENTED_EDGE('',*,*,#6271,.F.);
#2784=ORIENTED_EDGE('',*,*,#6272,.T.);
#2785=CARTESIAN_POINT('',(-6.2985,3.43,-4.955));
#2786=DIRECTION('',(-1.0,0.0,0.0));
#2787=DIRECTION('',(0.0,0.0,1.0));
#2788=ORIENTED_EDGE('',*,*,#6273,.T.);
#2789=ORIENTED_EDGE('',*,*,#6274,.F.);
#2790=ORIENTED_EDGE('',*,*,#6275,.F.);
#2791=ORIENTED_EDGE('',*,*,#6276,.T.);
#2792=ORIENTED_EDGE('',*,*,#6277,.T.);
#2793=ORIENTED_EDGE('',*,*,#6278,.F.);
#2794=ORIENTED_EDGE('',*,*,#6279,.F.);
#2795=ORIENTED_EDGE('',*,*,#6280,.T.);
#2796=ORIENTED_EDGE('',*,*,#6281,.T.);
#2797=ORIENTED_EDGE('',*,*,#6282,.F.);
#2798=ORIENTED_EDGE('',*,*,#6283,.F.);
#2799=ORIENTED_EDGE('',*,*,#6284,.F.);
#2800=ORIENTED_EDGE('',*,*,#6285,.T.);
#2801=ORIENTED_EDGE('',*,*,#6286,.F.);
#2802=ORIENTED_EDGE('',*,*,#6287,.F.);
#2803=ORIENTED_EDGE('',*,*,#6288,.F.);
#2804=ORIENTED_EDGE('',*,*,#6289,.T.);
#2805=ORIENTED_EDGE('',*,*,#6290,.T.);
#2806=CARTESIAN_POINT('',(-9.325,-2.78,-4.285));
#2807=DIRECTION('',(0.0,0.0,-1.0));
#2808=DIRECTION('',(0.0,-1.0,0.0));
#2809=ORIENTED_EDGE('',*,*,#6291,.T.);
#2810=ORIENTED_EDGE('',*,*,#6292,.F.);
#2811=ORIENTED_EDGE('',*,*,#6293,.F.);
#2812=ORIENTED_EDGE('',*,*,#6294,.T.);
#2813=ORIENTED_EDGE('',*,*,#6295,.T.);
#2814=ORIENTED_EDGE('',*,*,#6296,.F.);
#2815=ORIENTED_EDGE('',*,*,#6297,.F.);
#2816=ORIENTED_EDGE('',*,*,#6298,.T.);
#2817=ORIENTED_EDGE('',*,*,#6299,.T.);
#2818=ORIENTED_EDGE('',*,*,#6300,.F.);
#2819=ORIENTED_EDGE('',*,*,#6301,.F.);
#2820=ORIENTED_EDGE('',*,*,#6302,.F.);
#2821=ORIENTED_EDGE('',*,*,#6303,.T.);
#2822=ORIENTED_EDGE('',*,*,#6304,.F.);
#2823=ORIENTED_EDGE('',*,*,#6305,.F.);
#2824=ORIENTED_EDGE('',*,*,#6306,.T.);
#2825=ORIENTED_EDGE('',*,*,#6307,.T.);
#2826=ORIENTED_EDGE('',*,*,#6308,.F.);
#2827=ORIENTED_EDGE('',*,*,#6309,.F.);
#2828=ORIENTED_EDGE('',*,*,#6310,.T.);
#2829=ORIENTED_EDGE('',*,*,#6311,.T.);
#2830=ORIENTED_EDGE('',*,*,#6312,.F.);
#2831=ORIENTED_EDGE('',*,*,#6313,.T.);
#2832=ORIENTED_EDGE('',*,*,#6314,.T.);
#2833=CARTESIAN_POINT('',(-9.325,-2.78,-4.285));
#2834=DIRECTION('',(0.0,0.0,-1.0));
#2835=DIRECTION('',(0.0,-1.0,0.0));
#2836=ORIENTED_EDGE('',*,*,#6315,.T.);
#2837=ORIENTED_EDGE('',*,*,#6316,.F.);
#2838=ORIENTED_EDGE('',*,*,#6317,.F.);
#2839=ORIENTED_EDGE('',*,*,#6318,.T.);
#2840=ORIENTED_EDGE('',*,*,#6319,.T.);
#2841=ORIENTED_EDGE('',*,*,#6320,.F.);
#2842=ORIENTED_EDGE('',*,*,#6321,.F.);
#2843=ORIENTED_EDGE('',*,*,#6322,.T.);
#2844=ORIENTED_EDGE('',*,*,#6323,.T.);
#2845=ORIENTED_EDGE('',*,*,#6324,.F.);
#2846=ORIENTED_EDGE('',*,*,#6325,.F.);
#2847=ORIENTED_EDGE('',*,*,#6326,.T.);
#2848=ORIENTED_EDGE('',*,*,#6327,.T.);
#2849=ORIENTED_EDGE('',*,*,#6328,.F.);
#2850=ORIENTED_EDGE('',*,*,#6329,.F.);
#2851=ORIENTED_EDGE('',*,*,#6330,.T.);
#2852=ORIENTED_EDGE('',*,*,#6331,.T.);
#2853=ORIENTED_EDGE('',*,*,#6332,.F.);
#2854=ORIENTED_EDGE('',*,*,#6333,.F.);
#2855=ORIENTED_EDGE('',*,*,#6334,.T.);
#2856=ORIENTED_EDGE('',*,*,#6335,.T.);
#2857=ORIENTED_EDGE('',*,*,#6336,.F.);
#2858=ORIENTED_EDGE('',*,*,#6337,.T.);
#2859=ORIENTED_EDGE('',*,*,#6338,.T.);
#2860=CARTESIAN_POINT('',(-9.325,-2.78,-4.285));
#2861=DIRECTION('',(0.0,0.0,-1.0));
#2862=DIRECTION('',(0.0,-1.0,0.0));
#2863=ORIENTED_EDGE('',*,*,#6339,.T.);
#2864=ORIENTED_EDGE('',*,*,#6340,.F.);
#2865=ORIENTED_EDGE('',*,*,#6341,.F.);
#2866=ORIENTED_EDGE('',*,*,#6342,.T.);
#2867=ORIENTED_EDGE('',*,*,#6343,.T.);
#2868=ORIENTED_EDGE('',*,*,#6344,.F.);
#2869=ORIENTED_EDGE('',*,*,#6345,.F.);
#2870=ORIENTED_EDGE('',*,*,#6346,.T.);
#2871=ORIENTED_EDGE('',*,*,#6347,.T.);
#2872=ORIENTED_EDGE('',*,*,#6348,.F.);
#2873=ORIENTED_EDGE('',*,*,#6349,.F.);
#2874=ORIENTED_EDGE('',*,*,#6350,.T.);
#2875=ORIENTED_EDGE('',*,*,#6351,.T.);
#2876=ORIENTED_EDGE('',*,*,#6352,.F.);
#2877=ORIENTED_EDGE('',*,*,#6353,.F.);
#2878=ORIENTED_EDGE('',*,*,#6354,.T.);
#2879=ORIENTED_EDGE('',*,*,#6355,.T.);
#2880=ORIENTED_EDGE('',*,*,#6356,.F.);
#2881=ORIENTED_EDGE('',*,*,#6357,.F.);
#2882=ORIENTED_EDGE('',*,*,#6358,.T.);
#2883=ORIENTED_EDGE('',*,*,#6359,.T.);
#2884=ORIENTED_EDGE('',*,*,#6360,.F.);
#2885=ORIENTED_EDGE('',*,*,#6361,.T.);
#2886=ORIENTED_EDGE('',*,*,#6362,.T.);
#2887=CARTESIAN_POINT('',(-9.325,-2.78,-4.285));
#2888=DIRECTION('',(0.0,0.0,-1.0));
#2889=DIRECTION('',(0.0,-1.0,0.0));
#2890=ORIENTED_EDGE('',*,*,#6363,.T.);
#2891=ORIENTED_EDGE('',*,*,#6364,.F.);
#2892=ORIENTED_EDGE('',*,*,#6365,.T.);
#2893=ORIENTED_EDGE('',*,*,#6366,.T.);
#2894=ORIENTED_EDGE('',*,*,#6367,.F.);
#2895=ORIENTED_EDGE('',*,*,#6368,.F.);
#2896=ORIENTED_EDGE('',*,*,#6369,.F.);
#2897=ORIENTED_EDGE('',*,*,#6370,.T.);
#2898=ORIENTED_EDGE('',*,*,#6371,.T.);
#2899=ORIENTED_EDGE('',*,*,#6266,.F.);
#2900=ORIENTED_EDGE('',*,*,#6372,.F.);
#2901=ORIENTED_EDGE('',*,*,#6373,.T.);
#2902=ORIENTED_EDGE('',*,*,#6374,.T.);
#2903=ORIENTED_EDGE('',*,*,#6272,.F.);
#2904=ORIENTED_EDGE('',*,*,#6375,.F.);
#2905=ORIENTED_EDGE('',*,*,#6376,.T.);
#2906=ORIENTED_EDGE('',*,*,#6377,.T.);
#2907=ORIENTED_EDGE('',*,*,#6260,.F.);
#2908=CARTESIAN_POINT('',(-9.325,-2.78,-4.285));
#2909=DIRECTION('',(0.0,0.0,-1.0));
#2910=DIRECTION('',(0.0,-1.0,0.0));
#2911=ORIENTED_EDGE('',*,*,#6378,.T.);
#2912=ORIENTED_EDGE('',*,*,#6379,.F.);
#2913=ORIENTED_EDGE('',*,*,#6380,.F.);
#2914=ORIENTED_EDGE('',*,*,#6381,.T.);
#2915=ORIENTED_EDGE('',*,*,#6382,.T.);
#2916=ORIENTED_EDGE('',*,*,#6383,.F.);
#2917=ORIENTED_EDGE('',*,*,#6384,.F.);
#2918=ORIENTED_EDGE('',*,*,#6385,.T.);
#2919=ORIENTED_EDGE('',*,*,#6386,.T.);
#2920=ORIENTED_EDGE('',*,*,#6387,.F.);
#2921=ORIENTED_EDGE('',*,*,#6388,.F.);
#2922=ORIENTED_EDGE('',*,*,#6389,.T.);
#2923=ORIENTED_EDGE('',*,*,#6390,.T.);
#2924=ORIENTED_EDGE('',*,*,#6391,.F.);
#2925=ORIENTED_EDGE('',*,*,#6392,.F.);
#2926=ORIENTED_EDGE('',*,*,#6393,.T.);
#2927=ORIENTED_EDGE('',*,*,#6394,.T.);
#2928=ORIENTED_EDGE('',*,*,#6395,.F.);
#2929=ORIENTED_EDGE('',*,*,#6396,.F.);
#2930=ORIENTED_EDGE('',*,*,#6397,.T.);
#2931=ORIENTED_EDGE('',*,*,#6398,.T.);
#2932=ORIENTED_EDGE('',*,*,#6399,.F.);
#2933=ORIENTED_EDGE('',*,*,#6400,.T.);
#2934=ORIENTED_EDGE('',*,*,#6401,.T.);
#2935=CARTESIAN_POINT('',(-9.325,-2.78,-4.285));
#2936=DIRECTION('',(0.0,0.0,-1.0));
#2937=DIRECTION('',(0.0,-1.0,0.0));
#2938=ORIENTED_EDGE('',*,*,#6402,.F.);
#2939=ORIENTED_EDGE('',*,*,#6403,.F.);
#2940=ORIENTED_EDGE('',*,*,#6404,.F.);
#2941=ORIENTED_EDGE('',*,*,#6405,.F.);
#2942=CARTESIAN_POINT('',(6.2985,3.43,-3.955));
#2943=DIRECTION('',(1.0,0.0,0.0));
#2944=DIRECTION('',(0.0,1.0,0.0));
#2945=ORIENTED_EDGE('',*,*,#6406,.T.);
#2946=ORIENTED_EDGE('',*,*,#6280,.F.);
#2947=ORIENTED_EDGE('',*,*,#6407,.F.);
#2948=ORIENTED_EDGE('',*,*,#6408,.F.);
#2949=CARTESIAN_POINT('',(6.2985,3.43,-3.955));
#2950=DIRECTION('',(1.0,0.0,0.0));
#2951=DIRECTION('',(0.0,1.0,0.0));
#2952=ORIENTED_EDGE('',*,*,#6409,.F.);
#2953=ORIENTED_EDGE('',*,*,#6410,.T.);
#2954=ORIENTED_EDGE('',*,*,#6221,.T.);
#2955=ORIENTED_EDGE('',*,*,#6411,.F.);
#2956=ORIENTED_EDGE('',*,*,#6412,.T.);
#2957=ORIENTED_EDGE('',*,*,#6290,.F.);
#2958=CARTESIAN_POINT('',(6.2985,3.43,-3.955));
#2959=DIRECTION('',(1.0,0.0,0.0));
#2960=DIRECTION('',(0.0,1.0,0.0));
#2961=ORIENTED_EDGE('',*,*,#6413,.F.);
#2962=ORIENTED_EDGE('',*,*,#6414,.F.);
#2963=ORIENTED_EDGE('',*,*,#6415,.T.);
#2964=ORIENTED_EDGE('',*,*,#6276,.F.);
#2965=CARTESIAN_POINT('',(6.2985,3.43,-3.955));
#2966=DIRECTION('',(1.0,0.0,0.0));
#2967=DIRECTION('',(0.0,1.0,0.0));
#2968=ORIENTED_EDGE('',*,*,#6416,.T.);
#2969=ORIENTED_EDGE('',*,*,#6405,.T.);
#2970=ORIENTED_EDGE('',*,*,#6417,.F.);
#2971=ORIENTED_EDGE('',*,*,#6418,.F.);
#2972=CARTESIAN_POINT('',(5.7015,3.43,-3.955));
#2973=DIRECTION('',(0.0,0.0,1.0));
#2974=DIRECTION('',(1.0,0.0,0.0));
#2975=ORIENTED_EDGE('',*,*,#6419,.T.);
#2976=ORIENTED_EDGE('',*,*,#6408,.T.);
#2977=ORIENTED_EDGE('',*,*,#6420,.F.);
#2978=ORIENTED_EDGE('',*,*,#6421,.F.);
#2979=CARTESIAN_POINT('',(5.7015,3.43,-3.955));
#2980=DIRECTION('',(0.0,0.0,1.0));
#2981=DIRECTION('',(1.0,0.0,0.0));
#2982=ORIENTED_EDGE('',*,*,#6414,.T.);
#2983=ORIENTED_EDGE('',*,*,#6422,.F.);
#2984=ORIENTED_EDGE('',*,*,#6423,.F.);
#2985=ORIENTED_EDGE('',*,*,#6424,.T.);
#2986=CARTESIAN_POINT('',(5.7015,3.43,-3.955));
#2987=DIRECTION('',(0.0,0.0,1.0));
#2988=DIRECTION('',(1.0,0.0,0.0));
#2989=ORIENTED_EDGE('',*,*,#6411,.T.);
#2990=ORIENTED_EDGE('',*,*,#6220,.F.);
#2991=ORIENTED_EDGE('',*,*,#6425,.F.);
#2992=ORIENTED_EDGE('',*,*,#6426,.T.);
#2993=CARTESIAN_POINT('',(5.7015,3.43,-3.955));
#2994=DIRECTION('',(0.0,0.0,1.0));
#2995=DIRECTION('',(1.0,0.0,0.0));
#2996=ORIENTED_EDGE('',*,*,#6427,.F.);
#2997=ORIENTED_EDGE('',*,*,#6428,.T.);
#2998=ORIENTED_EDGE('',*,*,#6429,.T.);
#2999=ORIENTED_EDGE('',*,*,#6418,.T.);
#3000=CARTESIAN_POINT('',(5.7015,3.43,-4.955));
#3001=DIRECTION('',(-1.0,0.0,0.0));
#3002=DIRECTION('',(0.0,0.0,1.0));
#3003=ORIENTED_EDGE('',*,*,#6430,.F.);
#3004=ORIENTED_EDGE('',*,*,#6304,.T.);
#3005=ORIENTED_EDGE('',*,*,#6431,.T.);
#3006=ORIENTED_EDGE('',*,*,#6421,.T.);
#3007=CARTESIAN_POINT('',(5.7015,3.43,-4.955));
#3008=DIRECTION('',(-1.0,0.0,0.0));
#3009=DIRECTION('',(0.0,0.0,1.0));
#3010=ORIENTED_EDGE('',*,*,#6432,.T.);
#3011=ORIENTED_EDGE('',*,*,#6425,.T.);
#3012=ORIENTED_EDGE('',*,*,#6219,.F.);
#3013=ORIENTED_EDGE('',*,*,#6433,.F.);
#3014=ORIENTED_EDGE('',*,*,#6434,.T.);
#3015=ORIENTED_EDGE('',*,*,#6312,.T.);
#3016=CARTESIAN_POINT('',(5.7015,3.43,-4.955));
#3017=DIRECTION('',(-1.0,0.0,0.0));
#3018=DIRECTION('',(0.0,0.0,1.0));
#3019=ORIENTED_EDGE('',*,*,#6435,.T.);
#3020=ORIENTED_EDGE('',*,*,#6423,.T.);
#3021=ORIENTED_EDGE('',*,*,#6436,.F.);
#3022=ORIENTED_EDGE('',*,*,#6308,.T.);
#3023=CARTESIAN_POINT('',(5.7015,3.43,-4.955));
#3024=DIRECTION('',(-1.0,0.0,0.0));
#3025=DIRECTION('',(0.0,0.0,1.0));
#3026=ORIENTED_EDGE('',*,*,#6437,.F.);
#3027=ORIENTED_EDGE('',*,*,#6438,.T.);
#3028=ORIENTED_EDGE('',*,*,#6439,.T.);
#3029=ORIENTED_EDGE('',*,*,#6440,.T.);
#3030=ORIENTED_EDGE('',*,*,#6441,.F.);
#3031=ORIENTED_EDGE('',*,*,#6402,.T.);
#3032=ORIENTED_EDGE('',*,*,#6416,.F.);
#3033=ORIENTED_EDGE('',*,*,#6429,.F.);
#3034=ORIENTED_EDGE('',*,*,#6442,.F.);
#3035=ORIENTED_EDGE('',*,*,#6443,.T.);
#3036=ORIENTED_EDGE('',*,*,#6444,.F.);
#3037=ORIENTED_EDGE('',*,*,#6445,.F.);
#3038=ORIENTED_EDGE('',*,*,#6446,.F.);
#3039=ORIENTED_EDGE('',*,*,#6447,.T.);
#3040=ORIENTED_EDGE('',*,*,#6448,.F.);
#3041=ORIENTED_EDGE('',*,*,#6449,.F.);
#3042=ORIENTED_EDGE('',*,*,#6450,.F.);
#3043=ORIENTED_EDGE('',*,*,#6451,.T.);
#3044=ORIENTED_EDGE('',*,*,#6452,.F.);
#3045=ORIENTED_EDGE('',*,*,#6453,.F.);
#3046=ORIENTED_EDGE('',*,*,#6454,.F.);
#3047=ORIENTED_EDGE('',*,*,#6455,.T.);
#3048=ORIENTED_EDGE('',*,*,#6456,.F.);
#3049=ORIENTED_EDGE('',*,*,#6261,.F.);
#3050=CARTESIAN_POINT('',(-9.325,3.175,-4.955));
#3051=DIRECTION('',(-0.0,1.0,0.0));
#3052=DIRECTION('',(1.0,0.0,0.0));
#3053=ORIENTED_EDGE('',*,*,#6456,.T.);
#3054=ORIENTED_EDGE('',*,*,#6457,.T.);
#3055=ORIENTED_EDGE('',*,*,#6458,.F.);
#3056=ORIENTED_EDGE('',*,*,#6262,.F.);
#3057=CARTESIAN_POINT('',(-6.2985,3.43,-3.955));
#3058=DIRECTION('',(0.0,0.0,1.0));
#3059=DIRECTION('',(1.0,0.0,0.0));
#3060=ORIENTED_EDGE('',*,*,#6459,.T.);
#3061=ORIENTED_EDGE('',*,*,#6460,.T.);
#3062=ORIENTED_EDGE('',*,*,#6461,.F.);
#3063=ORIENTED_EDGE('',*,*,#6268,.F.);
#3064=CARTESIAN_POINT('',(-6.2985,3.43,-3.955));
#3065=DIRECTION('',(0.0,0.0,1.0));
#3066=DIRECTION('',(1.0,0.0,0.0));
#3067=ORIENTED_EDGE('',*,*,#6462,.T.);
#3068=ORIENTED_EDGE('',*,*,#6463,.F.);
#3069=ORIENTED_EDGE('',*,*,#6270,.F.);
#3070=ORIENTED_EDGE('',*,*,#6464,.T.);
#3071=CARTESIAN_POINT('',(-6.2985,3.43,-3.955));
#3072=DIRECTION('',(0.0,0.0,1.0));
#3073=DIRECTION('',(1.0,0.0,0.0));
#3074=ORIENTED_EDGE('',*,*,#6465,.T.);
#3075=ORIENTED_EDGE('',*,*,#6204,.F.);
#3076=ORIENTED_EDGE('',*,*,#6257,.F.);
#3077=ORIENTED_EDGE('',*,*,#6466,.T.);
#3078=CARTESIAN_POINT('',(-6.2985,3.43,-3.955));
#3079=DIRECTION('',(0.0,0.0,1.0));
#3080=DIRECTION('',(1.0,0.0,0.0));
#3081=ORIENTED_EDGE('',*,*,#6467,.T.);
#3082=ORIENTED_EDGE('',*,*,#6468,.T.);
#3083=ORIENTED_EDGE('',*,*,#6469,.T.);
#3084=ORIENTED_EDGE('',*,*,#6263,.T.);
#3085=ORIENTED_EDGE('',*,*,#6458,.T.);
#3086=ORIENTED_EDGE('',*,*,#6470,.T.);
#3087=ORIENTED_EDGE('',*,*,#6471,.T.);
#3088=ORIENTED_EDGE('',*,*,#6472,.F.);
#3089=CARTESIAN_POINT('',(-5.68,1.85,-5.573266328441));
#3090=DIRECTION('',(-0.0,1.0,0.0));
#3091=DIRECTION('',(1.0,0.0,0.0));
#3092=ORIENTED_EDGE('',*,*,#6473,.T.);
#3093=ORIENTED_EDGE('',*,*,#6474,.F.);
#3094=ORIENTED_EDGE('',*,*,#6475,.F.);
#3095=ORIENTED_EDGE('',*,*,#6476,.F.);
#3096=CARTESIAN_POINT('',(-5.68,1.85,-5.573266328441));
#3097=DIRECTION('',(-0.0,1.0,0.0));
#3098=DIRECTION('',(1.0,0.0,0.0));
#3099=ORIENTED_EDGE('',*,*,#6383,.T.);
#3100=ORIENTED_EDGE('',*,*,#6477,.T.);
#3101=ORIENTED_EDGE('',*,*,#6478,.T.);
#3102=ORIENTED_EDGE('',*,*,#6479,.T.);
#3103=CARTESIAN_POINT('',(-5.68,0.0,0.0));
#3104=DIRECTION('',(1.0,0.0,0.0));
#3105=DIRECTION('',(0.0,1.0,0.0));
#3106=ORIENTED_EDGE('',*,*,#6480,.T.);
#3107=ORIENTED_EDGE('',*,*,#6475,.T.);
#3108=ORIENTED_EDGE('',*,*,#6481,.T.);
#3109=ORIENTED_EDGE('',*,*,#6482,.T.);
#3110=CARTESIAN_POINT('',(-5.68,0.0,0.0));
#3111=DIRECTION('',(1.0,0.0,0.0));
#3112=DIRECTION('',(0.0,1.0,0.0));
#3113=ORIENTED_EDGE('',*,*,#6483,.F.);
#3114=ORIENTED_EDGE('',*,*,#6484,.F.);
#3115=ORIENTED_EDGE('',*,*,#6387,.T.);
#3116=ORIENTED_EDGE('',*,*,#6485,.T.);
#3117=ORIENTED_EDGE('',*,*,#6486,.T.);
#3118=ORIENTED_EDGE('',*,*,#6487,.T.);
#3119=ORIENTED_EDGE('',*,*,#6488,.T.);
#3120=ORIENTED_EDGE('',*,*,#6489,.T.);
#3121=ORIENTED_EDGE('',*,*,#6490,.T.);
#3122=ORIENTED_EDGE('',*,*,#6491,.T.);
#3123=ORIENTED_EDGE('',*,*,#6492,.T.);
#3124=ORIENTED_EDGE('',*,*,#6472,.T.);
#3125=CARTESIAN_POINT('',(-5.68,0.0,0.0));
#3126=DIRECTION('',(1.0,0.0,0.0));
#3127=DIRECTION('',(0.0,1.0,0.0));
#3128=ORIENTED_EDGE('',*,*,#6493,.T.);
#3129=ORIENTED_EDGE('',*,*,#6494,.T.);
#3130=ORIENTED_EDGE('',*,*,#6495,.T.);
#3131=ORIENTED_EDGE('',*,*,#6496,.T.);
#3132=CARTESIAN_POINT('',(-5.68,0.0,0.0));
#3133=DIRECTION('',(1.0,0.0,0.0));
#3134=DIRECTION('',(0.0,1.0,0.0));
#3135=ORIENTED_EDGE('',*,*,#6379,.T.);
#3136=ORIENTED_EDGE('',*,*,#6497,.T.);
#3137=ORIENTED_EDGE('',*,*,#6498,.T.);
#3138=ORIENTED_EDGE('',*,*,#6499,.T.);
#3139=ORIENTED_EDGE('',*,*,#6500,.T.);
#3140=ORIENTED_EDGE('',*,*,#6501,.T.);
#3141=ORIENTED_EDGE('',*,*,#6502,.T.);
#3142=ORIENTED_EDGE('',*,*,#6503,.T.);
#3143=ORIENTED_EDGE('',*,*,#6504,.T.);
#3144=ORIENTED_EDGE('',*,*,#6505,.T.);
#3145=CARTESIAN_POINT('',(-5.68,0.0,0.0));
#3146=DIRECTION('',(1.0,0.0,0.0));
#3147=DIRECTION('',(0.0,1.0,0.0));
#3148=ORIENTED_EDGE('',*,*,#6506,.T.);
#3149=ORIENTED_EDGE('',*,*,#6507,.T.);
#3150=ORIENTED_EDGE('',*,*,#6372,.T.);
#3151=ORIENTED_EDGE('',*,*,#6265,.T.);
#3152=ORIENTED_EDGE('',*,*,#6461,.T.);
#3153=ORIENTED_EDGE('',*,*,#6508,.T.);
#3154=ORIENTED_EDGE('',*,*,#6384,.T.);
#3155=ORIENTED_EDGE('',*,*,#6479,.F.);
#3156=CARTESIAN_POINT('',(-5.68,0.35,-4.955));
#3157=DIRECTION('',(-0.0,1.0,0.0));
#3158=DIRECTION('',(1.0,0.0,0.0));
#3159=ORIENTED_EDGE('',*,*,#6509,.F.);
#3160=ORIENTED_EDGE('',*,*,#6510,.T.);
#3161=ORIENTED_EDGE('',*,*,#6205,.T.);
#3162=ORIENTED_EDGE('',*,*,#6465,.F.);
#3163=ORIENTED_EDGE('',*,*,#6511,.T.);
#3164=ORIENTED_EDGE('',*,*,#6401,.F.);
#3165=CARTESIAN_POINT('',(-5.7015,3.43,-3.955));
#3166=DIRECTION('',(1.0,0.0,0.0));
#3167=DIRECTION('',(0.0,1.0,0.0));
#3168=ORIENTED_EDGE('',*,*,#6470,.F.);
#3169=ORIENTED_EDGE('',*,*,#6457,.F.);
#3170=ORIENTED_EDGE('',*,*,#6455,.F.);
#3171=ORIENTED_EDGE('',*,*,#6512,.F.);
#3172=CARTESIAN_POINT('',(-5.7015,3.43,-3.955));
#3173=DIRECTION('',(1.0,0.0,0.0));
#3174=DIRECTION('',(0.0,1.0,0.0));
#3175=ORIENTED_EDGE('',*,*,#6513,.T.);
#3176=ORIENTED_EDGE('',*,*,#6385,.F.);
#3177=ORIENTED_EDGE('',*,*,#6508,.F.);
#3178=ORIENTED_EDGE('',*,*,#6460,.F.);
#3179=CARTESIAN_POINT('',(-5.7015,3.43,-3.955));
#3180=DIRECTION('',(1.0,0.0,0.0));
#3181=DIRECTION('',(0.0,1.0,0.0));
#3182=ORIENTED_EDGE('',*,*,#6514,.F.);
#3183=ORIENTED_EDGE('',*,*,#6462,.F.);
#3184=ORIENTED_EDGE('',*,*,#6515,.T.);
#3185=ORIENTED_EDGE('',*,*,#6381,.F.);
#3186=CARTESIAN_POINT('',(-5.7015,3.43,-3.955));
#3187=DIRECTION('',(1.0,0.0,0.0));
#3188=DIRECTION('',(0.0,1.0,0.0));
#3189=ORIENTED_EDGE('',*,*,#6516,.T.);
#3190=ORIENTED_EDGE('',*,*,#6517,.T.);
#3191=ORIENTED_EDGE('',*,*,#6518,.T.);
#3192=ORIENTED_EDGE('',*,*,#6496,.F.);
#3193=CARTESIAN_POINT('',(-5.68,-1.79,2.555));
#3194=DIRECTION('',(0.0,-1.0,0.0));
#3195=DIRECTION('',(0.0,0.0,-1.0));
#3196=ORIENTED_EDGE('',*,*,#6377,.F.);
#3197=ORIENTED_EDGE('',*,*,#6519,.T.);
#3198=ORIENTED_EDGE('',*,*,#6520,.F.);
#3199=ORIENTED_EDGE('',*,*,#6497,.F.);
#3200=ORIENTED_EDGE('',*,*,#6378,.F.);
#3201=ORIENTED_EDGE('',*,*,#6511,.F.);
#3202=ORIENTED_EDGE('',*,*,#6466,.F.);
#3203=ORIENTED_EDGE('',*,*,#6256,.F.);
#3204=CARTESIAN_POINT('',(-5.68,-1.79,2.555));
#3205=DIRECTION('',(0.0,-1.0,0.0));
#3206=DIRECTION('',(0.0,0.0,-1.0));
#3207=ORIENTED_EDGE('',*,*,#6521,.T.);
#3208=ORIENTED_EDGE('',*,*,#6522,.T.);
#3209=ORIENTED_EDGE('',*,*,#6523,.T.);
#3210=ORIENTED_EDGE('',*,*,#6524,.T.);
#3211=ORIENTED_EDGE('',*,*,#6525,.T.);
#3212=ORIENTED_EDGE('',*,*,#6526,.F.);
#3213=ORIENTED_EDGE('',*,*,#6527,.T.);
#3214=ORIENTED_EDGE('',*,*,#6528,.T.);
#3215=ORIENTED_EDGE('',*,*,#6529,.F.);
#3216=CARTESIAN_POINT('',(-9.325,3.43,-1.645));
#3217=DIRECTION('',(0.0,0.0,1.0));
#3218=DIRECTION('',(1.0,0.0,0.0));
#3219=ORIENTED_EDGE('',*,*,#6530,.T.);
#3220=ORIENTED_EDGE('',*,*,#6531,.T.);
#3221=ORIENTED_EDGE('',*,*,#6532,.T.);
#3222=ORIENTED_EDGE('',*,*,#6533,.T.);
#3223=ORIENTED_EDGE('',*,*,#6534,.F.);
#3224=ORIENTED_EDGE('',*,*,#6535,.T.);
#3225=ORIENTED_EDGE('',*,*,#6536,.T.);
#3226=ORIENTED_EDGE('',*,*,#6537,.F.);
#3227=CARTESIAN_POINT('',(-9.325,3.43,-1.645));
#3228=DIRECTION('',(0.0,0.0,1.0));
#3229=DIRECTION('',(1.0,0.0,0.0));
#3230=ORIENTED_EDGE('',*,*,#6538,.T.);
#3231=ORIENTED_EDGE('',*,*,#6539,.T.);
#3232=ORIENTED_EDGE('',*,*,#6540,.T.);
#3233=ORIENTED_EDGE('',*,*,#6541,.T.);
#3234=ORIENTED_EDGE('',*,*,#6542,.T.);
#3235=ORIENTED_EDGE('',*,*,#6543,.F.);
#3236=ORIENTED_EDGE('',*,*,#6544,.T.);
#3237=ORIENTED_EDGE('',*,*,#6545,.T.);
#3238=ORIENTED_EDGE('',*,*,#6546,.F.);
#3239=CARTESIAN_POINT('',(-9.325,3.43,-1.645));
#3240=DIRECTION('',(0.0,0.0,1.0));
#3241=DIRECTION('',(1.0,0.0,0.0));
#3242=ORIENTED_EDGE('',*,*,#6547,.T.);
#3243=ORIENTED_EDGE('',*,*,#6548,.T.);
#3244=ORIENTED_EDGE('',*,*,#6549,.T.);
#3245=ORIENTED_EDGE('',*,*,#6550,.T.);
#3246=ORIENTED_EDGE('',*,*,#6551,.T.);
#3247=ORIENTED_EDGE('',*,*,#6552,.F.);
#3248=ORIENTED_EDGE('',*,*,#6553,.T.);
#3249=ORIENTED_EDGE('',*,*,#6554,.T.);
#3250=ORIENTED_EDGE('',*,*,#6555,.F.);
#3251=CARTESIAN_POINT('',(-9.325,3.43,-1.645));
#3252=DIRECTION('',(0.0,0.0,1.0));
#3253=DIRECTION('',(1.0,0.0,0.0));
#3254=ORIENTED_EDGE('',*,*,#6556,.T.);
#3255=ORIENTED_EDGE('',*,*,#6557,.T.);
#3256=ORIENTED_EDGE('',*,*,#6558,.T.);
#3257=ORIENTED_EDGE('',*,*,#6559,.T.);
#3258=ORIENTED_EDGE('',*,*,#6560,.T.);
#3259=ORIENTED_EDGE('',*,*,#6561,.F.);
#3260=ORIENTED_EDGE('',*,*,#6562,.T.);
#3261=ORIENTED_EDGE('',*,*,#6563,.T.);
#3262=ORIENTED_EDGE('',*,*,#6564,.F.);
#3263=CARTESIAN_POINT('',(-9.325,3.43,-1.645));
#3264=DIRECTION('',(0.0,0.0,1.0));
#3265=DIRECTION('',(1.0,0.0,0.0));
#3266=ORIENTED_EDGE('',*,*,#6565,.T.);
#3267=ORIENTED_EDGE('',*,*,#6566,.T.);
#3268=ORIENTED_EDGE('',*,*,#6567,.T.);
#3269=ORIENTED_EDGE('',*,*,#6568,.T.);
#3270=ORIENTED_EDGE('',*,*,#6569,.T.);
#3271=ORIENTED_EDGE('',*,*,#6570,.F.);
#3272=ORIENTED_EDGE('',*,*,#6571,.T.);
#3273=ORIENTED_EDGE('',*,*,#6572,.T.);
#3274=ORIENTED_EDGE('',*,*,#6573,.F.);
#3275=CARTESIAN_POINT('',(-9.325,3.43,-1.645));
#3276=DIRECTION('',(0.0,0.0,1.0));
#3277=DIRECTION('',(1.0,0.0,0.0));
#3278=ORIENTED_EDGE('',*,*,#6574,.T.);
#3279=ORIENTED_EDGE('',*,*,#6575,.T.);
#3280=ORIENTED_EDGE('',*,*,#6576,.T.);
#3281=ORIENTED_EDGE('',*,*,#6577,.T.);
#3282=ORIENTED_EDGE('',*,*,#6578,.T.);
#3283=ORIENTED_EDGE('',*,*,#6579,.F.);
#3284=ORIENTED_EDGE('',*,*,#6580,.T.);
#3285=ORIENTED_EDGE('',*,*,#6581,.T.);
#3286=ORIENTED_EDGE('',*,*,#6582,.F.);
#3287=CARTESIAN_POINT('',(-9.325,3.43,-1.645));
#3288=DIRECTION('',(0.0,0.0,1.0));
#3289=DIRECTION('',(1.0,0.0,0.0));
#3290=ORIENTED_EDGE('',*,*,#6583,.T.);
#3291=ORIENTED_EDGE('',*,*,#6584,.T.);
#3292=ORIENTED_EDGE('',*,*,#6585,.T.);
#3293=ORIENTED_EDGE('',*,*,#6586,.T.);
#3294=ORIENTED_EDGE('',*,*,#6587,.T.);
#3295=ORIENTED_EDGE('',*,*,#6588,.F.);
#3296=ORIENTED_EDGE('',*,*,#6589,.T.);
#3297=ORIENTED_EDGE('',*,*,#6590,.T.);
#3298=ORIENTED_EDGE('',*,*,#6591,.F.);
#3299=CARTESIAN_POINT('',(-9.325,3.43,-1.645));
#3300=DIRECTION('',(0.0,0.0,1.0));
#3301=DIRECTION('',(1.0,0.0,0.0));
#3302=ORIENTED_EDGE('',*,*,#6592,.T.);
#3303=ORIENTED_EDGE('',*,*,#6593,.T.);
#3304=ORIENTED_EDGE('',*,*,#6594,.T.);
#3305=ORIENTED_EDGE('',*,*,#6595,.T.);
#3306=ORIENTED_EDGE('',*,*,#6596,.T.);
#3307=ORIENTED_EDGE('',*,*,#6518,.F.);
#3308=ORIENTED_EDGE('',*,*,#6597,.T.);
#3309=ORIENTED_EDGE('',*,*,#6598,.T.);
#3310=ORIENTED_EDGE('',*,*,#6493,.F.);
#3311=CARTESIAN_POINT('',(-9.325,3.43,-1.645));
#3312=DIRECTION('',(0.0,0.0,1.0));
#3313=DIRECTION('',(1.0,0.0,0.0));
#3314=ORIENTED_EDGE('',*,*,#6599,.T.);
#3315=ORIENTED_EDGE('',*,*,#6600,.T.);
#3316=ORIENTED_EDGE('',*,*,#6601,.T.);
#3317=ORIENTED_EDGE('',*,*,#6602,.T.);
#3318=ORIENTED_EDGE('',*,*,#6603,.T.);
#3319=ORIENTED_EDGE('',*,*,#6604,.F.);
#3320=ORIENTED_EDGE('',*,*,#6605,.T.);
#3321=ORIENTED_EDGE('',*,*,#6476,.T.);
#3322=ORIENTED_EDGE('',*,*,#6480,.F.);
#3323=CARTESIAN_POINT('',(-9.325,3.43,-1.645));
#3324=DIRECTION('',(0.0,0.0,1.0));
#3325=DIRECTION('',(1.0,0.0,0.0));
#3326=ORIENTED_EDGE('',*,*,#6606,.T.);
#3327=ORIENTED_EDGE('',*,*,#6525,.F.);
#3328=ORIENTED_EDGE('',*,*,#6607,.F.);
#3329=ORIENTED_EDGE('',*,*,#6159,.T.);
#3330=CARTESIAN_POINT('',(4.73,2.77,4.955));
#3331=DIRECTION('',(-1.0,0.0,0.0));
#3332=DIRECTION('',(0.0,0.0,1.0));
#3333=ORIENTED_EDGE('',*,*,#6607,.T.);
#3334=ORIENTED_EDGE('',*,*,#6524,.F.);
#3335=ORIENTED_EDGE('',*,*,#6608,.F.);
#3336=ORIENTED_EDGE('',*,*,#6155,.T.);
#3337=CARTESIAN_POINT('',(7.27,2.77,4.955));
#3338=DIRECTION('',(-0.0,1.0,0.0));
#3339=DIRECTION('',(1.0,0.0,0.0));
#3340=ORIENTED_EDGE('',*,*,#6608,.T.);
#3341=ORIENTED_EDGE('',*,*,#6523,.F.);
#3342=ORIENTED_EDGE('',*,*,#6609,.F.);
#3343=ORIENTED_EDGE('',*,*,#6156,.T.);
#3344=CARTESIAN_POINT('',(7.27,0.88,4.955));
#3345=DIRECTION('',(1.0,0.0,0.0));
#3346=DIRECTION('',(0.0,1.0,0.0));
#3347=ORIENTED_EDGE('',*,*,#6609,.T.);
#3348=ORIENTED_EDGE('',*,*,#6522,.F.);
#3349=ORIENTED_EDGE('',*,*,#6610,.F.);
#3350=ORIENTED_EDGE('',*,*,#6157,.T.);
#3351=CARTESIAN_POINT('',(6.62,0.23,4.955));
#3352=DIRECTION('',(0.707106781186498,-0.707106781186598,0.0));
#3353=DIRECTION('',(0.0,0.0,-1.0));
#3354=ORIENTED_EDGE('',*,*,#6610,.T.);
#3355=ORIENTED_EDGE('',*,*,#6521,.F.);
#3356=ORIENTED_EDGE('',*,*,#6606,.F.);
#3357=ORIENTED_EDGE('',*,*,#6158,.T.);
#3358=CARTESIAN_POINT('',(4.73,0.23,4.955));
#3359=DIRECTION('',(0.0,-1.0,0.0));
#3360=DIRECTION('',(0.0,0.0,-1.0));
#3361=ORIENTED_EDGE('',*,*,#6611,.T.);
#3362=ORIENTED_EDGE('',*,*,#6533,.F.);
#3363=ORIENTED_EDGE('',*,*,#6612,.F.);
#3364=ORIENTED_EDGE('',*,*,#6163,.T.);
#3365=CARTESIAN_POINT('',(7.27,-0.2299999999999,4.955));
#3366=DIRECTION('',(-0.0,1.0,0.0));
#3367=DIRECTION('',(1.0,0.0,0.0));
#3368=ORIENTED_EDGE('',*,*,#6612,.T.);
#3369=ORIENTED_EDGE('',*,*,#6532,.F.);
#3370=ORIENTED_EDGE('',*,*,#6613,.F.);
#3371=ORIENTED_EDGE('',*,*,#6160,.T.);
#3372=CARTESIAN_POINT('',(7.27,-2.77,4.955));
#3373=DIRECTION('',(1.0,0.0,0.0));
#3374=DIRECTION('',(0.0,1.0,0.0));
#3375=ORIENTED_EDGE('',*,*,#6613,.T.);
#3376=ORIENTED_EDGE('',*,*,#6531,.F.);
#3377=ORIENTED_EDGE('',*,*,#6614,.F.);
#3378=ORIENTED_EDGE('',*,*,#6161,.T.);
#3379=CARTESIAN_POINT('',(4.73,-2.77,4.955));
#3380=DIRECTION('',(0.0,-1.0,0.0));
#3381=DIRECTION('',(0.0,0.0,-1.0));
#3382=ORIENTED_EDGE('',*,*,#6614,.T.);
#3383=ORIENTED_EDGE('',*,*,#6530,.F.);
#3384=ORIENTED_EDGE('',*,*,#6611,.F.);
#3385=ORIENTED_EDGE('',*,*,#6162,.T.);
#3386=CARTESIAN_POINT('',(4.73,-0.2299999999999,4.955));
#3387=DIRECTION('',(-1.0,0.0,0.0));
#3388=DIRECTION('',(0.0,0.0,1.0));
#3389=ORIENTED_EDGE('',*,*,#6615,.T.);
#3390=ORIENTED_EDGE('',*,*,#6542,.F.);
#3391=ORIENTED_EDGE('',*,*,#6616,.F.);
#3392=ORIENTED_EDGE('',*,*,#6168,.T.);
#3393=CARTESIAN_POINT('',(1.73,-0.2299999999999,4.955));
#3394=DIRECTION('',(-1.0,0.0,0.0));
#3395=DIRECTION('',(0.0,0.0,1.0));
#3396=ORIENTED_EDGE('',*,*,#6616,.T.);
#3397=ORIENTED_EDGE('',*,*,#6541,.F.);
#3398=ORIENTED_EDGE('',*,*,#6617,.F.);
#3399=ORIENTED_EDGE('',*,*,#6164,.T.);
#3400=CARTESIAN_POINT('',(4.27,-0.2299999999999,4.955));
#3401=DIRECTION('',(-0.0,1.0,0.0));
#3402=DIRECTION('',(1.0,0.0,0.0));
#3403=ORIENTED_EDGE('',*,*,#6617,.T.);
#3404=ORIENTED_EDGE('',*,*,#6540,.F.);
#3405=ORIENTED_EDGE('',*,*,#6618,.F.);
#3406=ORIENTED_EDGE('',*,*,#6165,.T.);
#3407=CARTESIAN_POINT('',(4.27,-2.77,4.955));
#3408=DIRECTION('',(1.0,0.0,0.0));
#3409=DIRECTION('',(0.0,1.0,0.0));
#3410=ORIENTED_EDGE('',*,*,#6618,.T.);
#3411=ORIENTED_EDGE('',*,*,#6539,.F.);
#3412=ORIENTED_EDGE('',*,*,#6619,.F.);
#3413=ORIENTED_EDGE('',*,*,#6166,.T.);
#3414=CARTESIAN_POINT('',(2.38,-2.77,4.955));
#3415=DIRECTION('',(0.0,-1.0,0.0));
#3416=DIRECTION('',(0.0,0.0,-1.0));
#3417=ORIENTED_EDGE('',*,*,#6619,.T.);
#3418=ORIENTED_EDGE('',*,*,#6538,.F.);
#3419=ORIENTED_EDGE('',*,*,#6615,.F.);
#3420=ORIENTED_EDGE('',*,*,#6167,.T.);
#3421=CARTESIAN_POINT('',(1.73,-2.12,4.955));
#3422=DIRECTION('',(-0.707106781186498,-0.707106781186598,0.0));
#3423=DIRECTION('',(-0.707106781186598,0.707106781186498,0.0));
#3424=ORIENTED_EDGE('',*,*,#6620,.T.);
#3425=ORIENTED_EDGE('',*,*,#6551,.F.);
#3426=ORIENTED_EDGE('',*,*,#6621,.F.);
#3427=ORIENTED_EDGE('',*,*,#6173,.T.);
#3428=CARTESIAN_POINT('',(1.73,0.23,4.955));
#3429=DIRECTION('',(0.0,-1.0,0.0));
#3430=DIRECTION('',(0.0,0.0,-1.0));
#3431=ORIENTED_EDGE('',*,*,#6621,.T.);
#3432=ORIENTED_EDGE('',*,*,#6550,.F.);
#3433=ORIENTED_EDGE('',*,*,#6622,.F.);
#3434=ORIENTED_EDGE('',*,*,#6169,.T.);
#3435=CARTESIAN_POINT('',(1.73,2.77,4.955));
#3436=DIRECTION('',(-1.0,0.0,0.0));
#3437=DIRECTION('',(0.0,0.0,1.0));
#3438=ORIENTED_EDGE('',*,*,#6622,.T.);
#3439=ORIENTED_EDGE('',*,*,#6549,.F.);
#3440=ORIENTED_EDGE('',*,*,#6623,.F.);
#3441=ORIENTED_EDGE('',*,*,#6170,.T.);
#3442=CARTESIAN_POINT('',(4.27,2.77,4.955));
#3443=DIRECTION('',(-0.0,1.0,0.0));
#3444=DIRECTION('',(1.0,0.0,0.0));
#3445=ORIENTED_EDGE('',*,*,#6623,.T.);
#3446=ORIENTED_EDGE('',*,*,#6548,.F.);
#3447=ORIENTED_EDGE('',*,*,#6624,.F.);
#3448=ORIENTED_EDGE('',*,*,#6171,.T.);
#3449=CARTESIAN_POINT('',(4.27,0.88,4.955));
#3450=DIRECTION('',(1.0,0.0,0.0));
#3451=DIRECTION('',(0.0,1.0,0.0));
#3452=ORIENTED_EDGE('',*,*,#6624,.T.);
#3453=ORIENTED_EDGE('',*,*,#6547,.F.);
#3454=ORIENTED_EDGE('',*,*,#6620,.F.);
#3455=ORIENTED_EDGE('',*,*,#6172,.T.);
#3456=CARTESIAN_POINT('',(3.62,0.23,4.955));
#3457=DIRECTION('',(0.707106781186498,-0.707106781186598,0.0));
#3458=DIRECTION('',(0.0,0.0,-1.0));
#3459=ORIENTED_EDGE('',*,*,#6625,.T.);
#3460=ORIENTED_EDGE('',*,*,#6560,.F.);
#3461=ORIENTED_EDGE('',*,*,#6626,.F.);
#3462=ORIENTED_EDGE('',*,*,#6178,.T.);
#3463=CARTESIAN_POINT('',(-1.27,0.23,4.955));
#3464=DIRECTION('',(0.0,-1.0,0.0));
#3465=DIRECTION('',(0.0,0.0,-1.0));
#3466=ORIENTED_EDGE('',*,*,#6626,.T.);
#3467=ORIENTED_EDGE('',*,*,#6559,.F.);
#3468=ORIENTED_EDGE('',*,*,#6627,.F.);
#3469=ORIENTED_EDGE('',*,*,#6174,.T.);
#3470=CARTESIAN_POINT('',(-1.27,2.77,4.955));
#3471=DIRECTION('',(-1.0,0.0,0.0));
#3472=DIRECTION('',(0.0,0.0,1.0));
#3473=ORIENTED_EDGE('',*,*,#6627,.T.);
#3474=ORIENTED_EDGE('',*,*,#6558,.F.);
#3475=ORIENTED_EDGE('',*,*,#6628,.F.);
#3476=ORIENTED_EDGE('',*,*,#6175,.T.);
#3477=CARTESIAN_POINT('',(1.27,2.77,4.955));
#3478=DIRECTION('',(-0.0,1.0,0.0));
#3479=DIRECTION('',(1.0,0.0,0.0));
#3480=ORIENTED_EDGE('',*,*,#6628,.T.);
#3481=ORIENTED_EDGE('',*,*,#6557,.F.);
#3482=ORIENTED_EDGE('',*,*,#6629,.F.);
#3483=ORIENTED_EDGE('',*,*,#6176,.T.);
#3484=CARTESIAN_POINT('',(1.27,0.88,4.955));
#3485=DIRECTION('',(1.0,0.0,0.0));
#3486=DIRECTION('',(0.0,1.0,0.0));
#3487=ORIENTED_EDGE('',*,*,#6629,.T.);
#3488=ORIENTED_EDGE('',*,*,#6556,.F.);
#3489=ORIENTED_EDGE('',*,*,#6625,.F.);
#3490=ORIENTED_EDGE('',*,*,#6177,.T.);
#3491=CARTESIAN_POINT('',(0.62,0.23,4.955));
#3492=DIRECTION('',(0.707106781186498,-0.707106781186598,0.0));
#3493=DIRECTION('',(0.0,0.0,-1.0));
#3494=ORIENTED_EDGE('',*,*,#6630,.T.);
#3495=ORIENTED_EDGE('',*,*,#6569,.F.);
#3496=ORIENTED_EDGE('',*,*,#6631,.F.);
#3497=ORIENTED_EDGE('',*,*,#6183,.T.);
#3498=CARTESIAN_POINT('',(1.27,-0.2299999999999,4.955));
#3499=DIRECTION('',(-0.0,1.0,0.0));
#3500=DIRECTION('',(1.0,0.0,0.0));
#3501=ORIENTED_EDGE('',*,*,#6631,.T.);
#3502=ORIENTED_EDGE('',*,*,#6568,.F.);
#3503=ORIENTED_EDGE('',*,*,#6632,.F.);
#3504=ORIENTED_EDGE('',*,*,#6179,.T.);
#3505=CARTESIAN_POINT('',(1.27,-2.77,4.955));
#3506=DIRECTION('',(1.0,0.0,0.0));
#3507=DIRECTION('',(0.0,1.0,0.0));
#3508=ORIENTED_EDGE('',*,*,#6632,.T.);
#3509=ORIENTED_EDGE('',*,*,#6567,.F.);
#3510=ORIENTED_EDGE('',*,*,#6633,.F.);
#3511=ORIENTED_EDGE('',*,*,#6180,.T.);
#3512=CARTESIAN_POINT('',(-0.62,-2.77,4.955));
#3513=DIRECTION('',(0.0,-1.0,0.0));
#3514=DIRECTION('',(0.0,0.0,-1.0));
#3515=ORIENTED_EDGE('',*,*,#6633,.T.);
#3516=ORIENTED_EDGE('',*,*,#6566,.F.);
#3517=ORIENTED_EDGE('',*,*,#6634,.F.);
#3518=ORIENTED_EDGE('',*,*,#6181,.T.);
#3519=CARTESIAN_POINT('',(-1.27,-2.12,4.955));
#3520=DIRECTION('',(-0.707106781186498,-0.707106781186598,0.0));
#3521=DIRECTION('',(-0.707106781186598,0.707106781186498,0.0));
#3522=ORIENTED_EDGE('',*,*,#6634,.T.);
#3523=ORIENTED_EDGE('',*,*,#6565,.F.);
#3524=ORIENTED_EDGE('',*,*,#6630,.F.);
#3525=ORIENTED_EDGE('',*,*,#6182,.T.);
#3526=CARTESIAN_POINT('',(-1.27,-0.2299999999999,4.955));
#3527=DIRECTION('',(-1.0,0.0,0.0));
#3528=DIRECTION('',(0.0,0.0,1.0));
#3529=ORIENTED_EDGE('',*,*,#6635,.T.);
#3530=ORIENTED_EDGE('',*,*,#6578,.F.);
#3531=ORIENTED_EDGE('',*,*,#6636,.F.);
#3532=ORIENTED_EDGE('',*,*,#6188,.T.);
#3533=CARTESIAN_POINT('',(-4.27,-2.77,4.955));
#3534=DIRECTION('',(0.0,-1.0,0.0));
#3535=DIRECTION('',(0.0,0.0,-1.0));
#3536=ORIENTED_EDGE('',*,*,#6636,.T.);
#3537=ORIENTED_EDGE('',*,*,#6577,.F.);
#3538=ORIENTED_EDGE('',*,*,#6637,.F.);
#3539=ORIENTED_EDGE('',*,*,#6184,.T.);
#3540=CARTESIAN_POINT('',(-4.27,-0.2299999999999,4.955));
#3541=DIRECTION('',(-1.0,0.0,0.0));
#3542=DIRECTION('',(0.0,0.0,1.0));
#3543=ORIENTED_EDGE('',*,*,#6637,.T.);
#3544=ORIENTED_EDGE('',*,*,#6576,.F.);
#3545=ORIENTED_EDGE('',*,*,#6638,.F.);
#3546=ORIENTED_EDGE('',*,*,#6185,.T.);
#3547=CARTESIAN_POINT('',(-1.73,-0.2299999999999,4.955));
#3548=DIRECTION('',(-0.0,1.0,0.0));
#3549=DIRECTION('',(1.0,0.0,0.0));
#3550=ORIENTED_EDGE('',*,*,#6638,.T.);
#3551=ORIENTED_EDGE('',*,*,#6575,.F.);
#3552=ORIENTED_EDGE('',*,*,#6639,.F.);
#3553=ORIENTED_EDGE('',*,*,#6186,.T.);
#3554=CARTESIAN_POINT('',(-1.73,-2.12,4.955));
#3555=DIRECTION('',(1.0,0.0,0.0));
#3556=DIRECTION('',(0.0,1.0,0.0));
#3557=ORIENTED_EDGE('',*,*,#6639,.T.);
#3558=ORIENTED_EDGE('',*,*,#6574,.F.);
#3559=ORIENTED_EDGE('',*,*,#6635,.F.);
#3560=ORIENTED_EDGE('',*,*,#6187,.T.);
#3561=CARTESIAN_POINT('',(-2.38,-2.77,4.955));
#3562=DIRECTION('',(0.707106781186498,-0.707106781186598,0.0));
#3563=DIRECTION('',(0.0,0.0,-1.0));
#3564=ORIENTED_EDGE('',*,*,#6640,.T.);
#3565=ORIENTED_EDGE('',*,*,#6587,.F.);
#3566=ORIENTED_EDGE('',*,*,#6641,.F.);
#3567=ORIENTED_EDGE('',*,*,#6193,.T.);
#3568=CARTESIAN_POINT('',(-4.27,0.23,4.955));
#3569=DIRECTION('',(0.0,-1.0,0.0));
#3570=DIRECTION('',(0.0,0.0,-1.0));
#3571=ORIENTED_EDGE('',*,*,#6641,.T.);
#3572=ORIENTED_EDGE('',*,*,#6586,.F.);
#3573=ORIENTED_EDGE('',*,*,#6642,.F.);
#3574=ORIENTED_EDGE('',*,*,#6189,.T.);
#3575=CARTESIAN_POINT('',(-4.27,2.77,4.955));
#3576=DIRECTION('',(-1.0,0.0,0.0));
#3577=DIRECTION('',(0.0,0.0,1.0));
#3578=ORIENTED_EDGE('',*,*,#6642,.T.);
#3579=ORIENTED_EDGE('',*,*,#6585,.F.);
#3580=ORIENTED_EDGE('',*,*,#6643,.F.);
#3581=ORIENTED_EDGE('',*,*,#6190,.T.);
#3582=CARTESIAN_POINT('',(-1.73,2.77,4.955));
#3583=DIRECTION('',(-0.0,1.0,0.0));
#3584=DIRECTION('',(1.0,0.0,0.0));
#3585=ORIENTED_EDGE('',*,*,#6643,.T.);
#3586=ORIENTED_EDGE('',*,*,#6584,.F.);
#3587=ORIENTED_EDGE('',*,*,#6644,.F.);
#3588=ORIENTED_EDGE('',*,*,#6191,.T.);
#3589=CARTESIAN_POINT('',(-1.73,0.88,4.955));
#3590=DIRECTION('',(1.0,0.0,0.0));
#3591=DIRECTION('',(0.0,1.0,0.0));
#3592=ORIENTED_EDGE('',*,*,#6644,.T.);
#3593=ORIENTED_EDGE('',*,*,#6583,.F.);
#3594=ORIENTED_EDGE('',*,*,#6640,.F.);
#3595=ORIENTED_EDGE('',*,*,#6192,.T.);
#3596=CARTESIAN_POINT('',(-2.38,0.23,4.955));
#3597=DIRECTION('',(0.707106781186498,-0.707106781186598,0.0));
#3598=DIRECTION('',(0.0,0.0,-1.0));
#3599=ORIENTED_EDGE('',*,*,#6645,.T.);
#3600=ORIENTED_EDGE('',*,*,#6596,.F.);
#3601=ORIENTED_EDGE('',*,*,#6646,.F.);
#3602=ORIENTED_EDGE('',*,*,#6198,.T.);
#3603=CARTESIAN_POINT('',(-4.73,-0.2299999999999,4.955));
#3604=DIRECTION('',(-0.0,1.0,0.0));
#3605=DIRECTION('',(1.0,0.0,0.0));
#3606=ORIENTED_EDGE('',*,*,#6646,.T.);
#3607=ORIENTED_EDGE('',*,*,#6595,.F.);
#3608=ORIENTED_EDGE('',*,*,#6647,.F.);
#3609=ORIENTED_EDGE('',*,*,#6194,.T.);
#3610=CARTESIAN_POINT('',(-4.73,-2.77,4.955));
#3611=DIRECTION('',(1.0,0.0,0.0));
#3612=DIRECTION('',(0.0,1.0,0.0));
#3613=ORIENTED_EDGE('',*,*,#6647,.T.);
#3614=ORIENTED_EDGE('',*,*,#6594,.F.);
#3615=ORIENTED_EDGE('',*,*,#6648,.F.);
#3616=ORIENTED_EDGE('',*,*,#6195,.T.);
#3617=CARTESIAN_POINT('',(-6.62,-2.77,4.955));
#3618=DIRECTION('',(0.0,-1.0,0.0));
#3619=DIRECTION('',(0.0,0.0,-1.0));
#3620=ORIENTED_EDGE('',*,*,#6648,.T.);
#3621=ORIENTED_EDGE('',*,*,#6593,.F.);
#3622=ORIENTED_EDGE('',*,*,#6649,.F.);
#3623=ORIENTED_EDGE('',*,*,#6196,.T.);
#3624=CARTESIAN_POINT('',(-7.27,-2.12,4.955));
#3625=DIRECTION('',(-0.707106781186498,-0.707106781186598,0.0));
#3626=DIRECTION('',(-0.707106781186598,0.707106781186498,0.0));
#3627=ORIENTED_EDGE('',*,*,#6649,.T.);
#3628=ORIENTED_EDGE('',*,*,#6592,.F.);
#3629=ORIENTED_EDGE('',*,*,#6645,.F.);
#3630=ORIENTED_EDGE('',*,*,#6197,.T.);
#3631=CARTESIAN_POINT('',(-7.27,-0.2299999999999,4.955));
#3632=DIRECTION('',(-1.0,0.0,0.0));
#3633=DIRECTION('',(0.0,0.0,1.0));
#3634=ORIENTED_EDGE('',*,*,#6650,.T.);
#3635=ORIENTED_EDGE('',*,*,#6603,.F.);
#3636=ORIENTED_EDGE('',*,*,#6651,.F.);
#3637=ORIENTED_EDGE('',*,*,#6203,.T.);
#3638=CARTESIAN_POINT('',(-6.62,0.23,4.955));
#3639=DIRECTION('',(0.0,-1.0,0.0));
#3640=DIRECTION('',(0.0,0.0,-1.0));
#3641=ORIENTED_EDGE('',*,*,#6651,.T.);
#3642=ORIENTED_EDGE('',*,*,#6602,.F.);
#3643=ORIENTED_EDGE('',*,*,#6652,.F.);
#3644=ORIENTED_EDGE('',*,*,#6199,.T.);
#3645=CARTESIAN_POINT('',(-7.27,0.88,4.955));
#3646=DIRECTION('',(-0.707106781186498,-0.707106781186598,0.0));
#3647=DIRECTION('',(-0.707106781186598,0.707106781186498,0.0));
#3648=ORIENTED_EDGE('',*,*,#6652,.T.);
#3649=ORIENTED_EDGE('',*,*,#6601,.F.);
#3650=ORIENTED_EDGE('',*,*,#6653,.F.);
#3651=ORIENTED_EDGE('',*,*,#6200,.T.);
#3652=CARTESIAN_POINT('',(-7.27,2.77,4.955));
#3653=DIRECTION('',(-1.0,0.0,0.0));
#3654=DIRECTION('',(0.0,0.0,1.0));
#3655=ORIENTED_EDGE('',*,*,#6653,.T.);
#3656=ORIENTED_EDGE('',*,*,#6600,.F.);
#3657=ORIENTED_EDGE('',*,*,#6654,.F.);
#3658=ORIENTED_EDGE('',*,*,#6201,.T.);
#3659=CARTESIAN_POINT('',(-4.73,2.77,4.955));
#3660=DIRECTION('',(-0.0,1.0,0.0));
#3661=DIRECTION('',(1.0,0.0,0.0));
#3662=ORIENTED_EDGE('',*,*,#6654,.T.);
#3663=ORIENTED_EDGE('',*,*,#6599,.F.);
#3664=ORIENTED_EDGE('',*,*,#6650,.F.);
#3665=ORIENTED_EDGE('',*,*,#6202,.T.);
#3666=CARTESIAN_POINT('',(-4.73,0.23,4.955));
#3667=DIRECTION('',(1.0,0.0,0.0));
#3668=DIRECTION('',(0.0,1.0,0.0));
#3669=ORIENTED_EDGE('',*,*,#6278,.T.);
#3670=ORIENTED_EDGE('',*,*,#6655,.T.);
#3671=ORIENTED_EDGE('',*,*,#6656,.T.);
#3672=ORIENTED_EDGE('',*,*,#6657,.T.);
#3673=CARTESIAN_POINT('',(6.32,0.0,0.0));
#3674=DIRECTION('',(1.0,0.0,0.0));
#3675=DIRECTION('',(0.0,1.0,0.0));
#3676=ORIENTED_EDGE('',*,*,#6529,.T.);
#3677=ORIENTED_EDGE('',*,*,#6658,.T.);
#3678=ORIENTED_EDGE('',*,*,#6659,.T.);
#3679=ORIENTED_EDGE('',*,*,#6660,.T.);
#3680=CARTESIAN_POINT('',(6.32,0.0,0.0));
#3681=DIRECTION('',(1.0,0.0,0.0));
#3682=DIRECTION('',(0.0,1.0,0.0));
#3683=ORIENTED_EDGE('',*,*,#6661,.F.);
#3684=ORIENTED_EDGE('',*,*,#6662,.F.);
#3685=ORIENTED_EDGE('',*,*,#6282,.T.);
#3686=ORIENTED_EDGE('',*,*,#6663,.T.);
#3687=ORIENTED_EDGE('',*,*,#6664,.T.);
#3688=ORIENTED_EDGE('',*,*,#6665,.T.);
#3689=ORIENTED_EDGE('',*,*,#6666,.T.);
#3690=ORIENTED_EDGE('',*,*,#6667,.T.);
#3691=ORIENTED_EDGE('',*,*,#6668,.T.);
#3692=ORIENTED_EDGE('',*,*,#6669,.T.);
#3693=ORIENTED_EDGE('',*,*,#6670,.T.);
#3694=ORIENTED_EDGE('',*,*,#6671,.T.);
#3695=CARTESIAN_POINT('',(6.32,0.0,0.0));
#3696=DIRECTION('',(1.0,0.0,0.0));
#3697=DIRECTION('',(0.0,1.0,0.0));
#3698=ORIENTED_EDGE('',*,*,#6537,.T.);
#3699=ORIENTED_EDGE('',*,*,#6672,.T.);
#3700=ORIENTED_EDGE('',*,*,#6673,.T.);
#3701=ORIENTED_EDGE('',*,*,#6674,.T.);
#3702=CARTESIAN_POINT('',(6.32,0.0,0.0));
#3703=DIRECTION('',(1.0,0.0,0.0));
#3704=DIRECTION('',(0.0,1.0,0.0));
#3705=ORIENTED_EDGE('',*,*,#6274,.T.);
#3706=ORIENTED_EDGE('',*,*,#6675,.T.);
#3707=ORIENTED_EDGE('',*,*,#6676,.T.);
#3708=ORIENTED_EDGE('',*,*,#6677,.T.);
#3709=ORIENTED_EDGE('',*,*,#6678,.T.);
#3710=ORIENTED_EDGE('',*,*,#6679,.T.);
#3711=ORIENTED_EDGE('',*,*,#6680,.T.);
#3712=ORIENTED_EDGE('',*,*,#6681,.T.);
#3713=ORIENTED_EDGE('',*,*,#6682,.T.);
#3714=ORIENTED_EDGE('',*,*,#6683,.T.);
#3715=CARTESIAN_POINT('',(6.32,0.0,0.0));
#3716=DIRECTION('',(1.0,0.0,0.0));
#3717=DIRECTION('',(0.0,1.0,0.0));
#3718=ORIENTED_EDGE('',*,*,#6684,.T.);
#3719=ORIENTED_EDGE('',*,*,#6685,.T.);
#3720=ORIENTED_EDGE('',*,*,#6305,.T.);
#3721=ORIENTED_EDGE('',*,*,#6430,.T.);
#3722=ORIENTED_EDGE('',*,*,#6420,.T.);
#3723=ORIENTED_EDGE('',*,*,#6407,.T.);
#3724=ORIENTED_EDGE('',*,*,#6279,.T.);
#3725=ORIENTED_EDGE('',*,*,#6657,.F.);
#3726=CARTESIAN_POINT('',(6.32,0.35,-4.955));
#3727=DIRECTION('',(-0.0,1.0,0.0));
#3728=DIRECTION('',(1.0,0.0,0.0));
#3729=ORIENTED_EDGE('',*,*,#6686,.T.);
#3730=ORIENTED_EDGE('',*,*,#6687,.T.);
#3731=ORIENTED_EDGE('',*,*,#6688,.F.);
#3732=ORIENTED_EDGE('',*,*,#6689,.F.);
#3733=ORIENTED_EDGE('',*,*,#6690,.F.);
#3734=ORIENTED_EDGE('',*,*,#6691,.F.);
#3735=ORIENTED_EDGE('',*,*,#6692,.F.);
#3736=ORIENTED_EDGE('',*,*,#6693,.F.);
#3737=ORIENTED_EDGE('',*,*,#6694,.F.);
#3738=ORIENTED_EDGE('',*,*,#6695,.F.);
#3739=ORIENTED_EDGE('',*,*,#6696,.F.);
#3740=ORIENTED_EDGE('',*,*,#6302,.T.);
#3741=CARTESIAN_POINT('',(5.68,0.0,0.0));
#3742=DIRECTION('',(1.0,0.0,0.0));
#3743=DIRECTION('',(0.0,1.0,0.0));
#3744=ORIENTED_EDGE('',*,*,#6697,.F.);
#3745=ORIENTED_EDGE('',*,*,#6698,.F.);
#3746=ORIENTED_EDGE('',*,*,#6306,.F.);
#3747=ORIENTED_EDGE('',*,*,#6685,.F.);
#3748=CARTESIAN_POINT('',(5.68,0.0,0.0));
#3749=DIRECTION('',(1.0,0.0,0.0));
#3750=DIRECTION('',(0.0,1.0,0.0));
#3751=ORIENTED_EDGE('',*,*,#6699,.F.);
#3752=ORIENTED_EDGE('',*,*,#6700,.F.);
#3753=ORIENTED_EDGE('',*,*,#6527,.F.);
#3754=ORIENTED_EDGE('',*,*,#6701,.F.);
#3755=CARTESIAN_POINT('',(5.68,0.0,0.0));
#3756=DIRECTION('',(1.0,0.0,0.0));
#3757=DIRECTION('',(0.0,1.0,0.0));
#3758=ORIENTED_EDGE('',*,*,#6702,.F.);
#3759=ORIENTED_EDGE('',*,*,#6703,.F.);
#3760=ORIENTED_EDGE('',*,*,#6535,.F.);
#3761=ORIENTED_EDGE('',*,*,#6704,.F.);
#3762=CARTESIAN_POINT('',(5.68,0.0,0.0));
#3763=DIRECTION('',(1.0,0.0,0.0));
#3764=DIRECTION('',(0.0,1.0,0.0));
#3765=ORIENTED_EDGE('',*,*,#6705,.F.);
#3766=ORIENTED_EDGE('',*,*,#6706,.F.);
#3767=ORIENTED_EDGE('',*,*,#6707,.F.);
#3768=ORIENTED_EDGE('',*,*,#6708,.F.);
#3769=ORIENTED_EDGE('',*,*,#6709,.F.);
#3770=ORIENTED_EDGE('',*,*,#6710,.F.);
#3771=ORIENTED_EDGE('',*,*,#6711,.F.);
#3772=ORIENTED_EDGE('',*,*,#6712,.F.);
#3773=ORIENTED_EDGE('',*,*,#6310,.F.);
#3774=ORIENTED_EDGE('',*,*,#6713,.F.);
#3775=CARTESIAN_POINT('',(5.68,0.0,0.0));
#3776=DIRECTION('',(1.0,0.0,0.0));
#3777=DIRECTION('',(0.0,1.0,0.0));
#3778=ORIENTED_EDGE('',*,*,#6714,.T.);
#3779=ORIENTED_EDGE('',*,*,#6701,.T.);
#3780=ORIENTED_EDGE('',*,*,#6526,.T.);
#3781=ORIENTED_EDGE('',*,*,#6660,.F.);
#3782=CARTESIAN_POINT('',(6.32,1.21,2.555));
#3783=DIRECTION('',(0.0,-1.0,0.0));
#3784=DIRECTION('',(0.0,0.0,-1.0));
#3785=ORIENTED_EDGE('',*,*,#6303,.F.);
#3786=ORIENTED_EDGE('',*,*,#6696,.T.);
#3787=ORIENTED_EDGE('',*,*,#6715,.F.);
#3788=ORIENTED_EDGE('',*,*,#6663,.F.);
#3789=ORIENTED_EDGE('',*,*,#6281,.F.);
#3790=ORIENTED_EDGE('',*,*,#6406,.F.);
#3791=ORIENTED_EDGE('',*,*,#6419,.F.);
#3792=ORIENTED_EDGE('',*,*,#6431,.F.);
#3793=CARTESIAN_POINT('',(6.32,1.21,2.555));
#3794=DIRECTION('',(0.0,-1.0,0.0));
#3795=DIRECTION('',(0.0,0.0,-1.0));
#3796=ORIENTED_EDGE('',*,*,#6716,.T.);
#3797=ORIENTED_EDGE('',*,*,#6699,.T.);
#3798=ORIENTED_EDGE('',*,*,#6714,.F.);
#3799=ORIENTED_EDGE('',*,*,#6659,.F.);
#3800=CARTESIAN_POINT('',(6.32,1.85,2.555));
#3801=DIRECTION('',(0.0,0.0,1.0));
#3802=DIRECTION('',(1.0,0.0,0.0));
#3803=ORIENTED_EDGE('',*,*,#6717,.T.);
#3804=ORIENTED_EDGE('',*,*,#6688,.T.);
#3805=ORIENTED_EDGE('',*,*,#6718,.T.);
#3806=ORIENTED_EDGE('',*,*,#6427,.T.);
#3807=ORIENTED_EDGE('',*,*,#6417,.T.);
#3808=ORIENTED_EDGE('',*,*,#6404,.T.);
#3809=ORIENTED_EDGE('',*,*,#6719,.T.);
#3810=ORIENTED_EDGE('',*,*,#6671,.F.);
#3811=CARTESIAN_POINT('',(6.32,1.85,-5.573266328441));
#3812=DIRECTION('',(-0.0,1.0,0.0));
#3813=DIRECTION('',(1.0,0.0,0.0));
#3814=ORIENTED_EDGE('',*,*,#6700,.T.);
#3815=ORIENTED_EDGE('',*,*,#6716,.F.);
#3816=ORIENTED_EDGE('',*,*,#6658,.F.);
#3817=ORIENTED_EDGE('',*,*,#6528,.F.);
#3818=CARTESIAN_POINT('',(6.32,1.85,-5.573266328441));
#3819=DIRECTION('',(-0.0,1.0,0.0));
#3820=DIRECTION('',(1.0,0.0,0.0));
#3821=ORIENTED_EDGE('',*,*,#6441,.T.);
#3822=ORIENTED_EDGE('',*,*,#6720,.T.);
#3823=ORIENTED_EDGE('',*,*,#6721,.F.);
#3824=ORIENTED_EDGE('',*,*,#6722,.F.);
#3825=ORIENTED_EDGE('',*,*,#6723,.T.);
#3826=ORIENTED_EDGE('',*,*,#6661,.T.);
#3827=ORIENTED_EDGE('',*,*,#6719,.F.);
#3828=ORIENTED_EDGE('',*,*,#6403,.T.);
#3829=ORIENTED_EDGE('',*,*,#6724,.F.);
#3830=ORIENTED_EDGE('',*,*,#6725,.F.);
#3831=CARTESIAN_POINT('',(-9.325,1.6,-4.955));
#3832=DIRECTION('',(0.0,0.0,-1.0));
#3833=DIRECTION('',(0.0,-1.0,0.0));
#3834=ORIENTED_EDGE('',*,*,#6442,.T.);
#3835=ORIENTED_EDGE('',*,*,#6428,.F.);
#3836=ORIENTED_EDGE('',*,*,#6718,.F.);
#3837=ORIENTED_EDGE('',*,*,#6687,.F.);
#3838=ORIENTED_EDGE('',*,*,#6726,.T.);
#3839=ORIENTED_EDGE('',*,*,#6727,.T.);
#3840=ORIENTED_EDGE('',*,*,#6728,.F.);
#3841=ORIENTED_EDGE('',*,*,#6729,.T.);
#3842=CARTESIAN_POINT('',(-9.325,1.6,-4.955));
#3843=DIRECTION('',(0.0,0.0,-1.0));
#3844=DIRECTION('',(0.0,-1.0,0.0));
#3845=ORIENTED_EDGE('',*,*,#6446,.T.);
#3846=ORIENTED_EDGE('',*,*,#6730,.F.);
#3847=ORIENTED_EDGE('',*,*,#6731,.F.);
#3848=ORIENTED_EDGE('',*,*,#6732,.F.);
#3849=ORIENTED_EDGE('',*,*,#6733,.T.);
#3850=ORIENTED_EDGE('',*,*,#6734,.T.);
#3851=ORIENTED_EDGE('',*,*,#6735,.F.);
#3852=ORIENTED_EDGE('',*,*,#6736,.T.);
#3853=CARTESIAN_POINT('',(-9.325,1.6,-4.955));
#3854=DIRECTION('',(0.0,0.0,-1.0));
#3855=DIRECTION('',(0.0,-1.0,0.0));
#3856=ORIENTED_EDGE('',*,*,#6450,.T.);
#3857=ORIENTED_EDGE('',*,*,#6737,.F.);
#3858=ORIENTED_EDGE('',*,*,#6738,.F.);
#3859=ORIENTED_EDGE('',*,*,#6739,.F.);
#3860=ORIENTED_EDGE('',*,*,#6740,.T.);
#3861=ORIENTED_EDGE('',*,*,#6741,.T.);
#3862=ORIENTED_EDGE('',*,*,#6742,.F.);
#3863=ORIENTED_EDGE('',*,*,#6743,.T.);
#3864=CARTESIAN_POINT('',(-9.325,1.6,-4.955));
#3865=DIRECTION('',(0.0,0.0,-1.0));
#3866=DIRECTION('',(0.0,-1.0,0.0));
#3867=ORIENTED_EDGE('',*,*,#6469,.F.);
#3868=ORIENTED_EDGE('',*,*,#6744,.F.);
#3869=ORIENTED_EDGE('',*,*,#6745,.T.);
#3870=ORIENTED_EDGE('',*,*,#6746,.F.);
#3871=ORIENTED_EDGE('',*,*,#6747,.F.);
#3872=ORIENTED_EDGE('',*,*,#6748,.F.);
#3873=ORIENTED_EDGE('',*,*,#6437,.T.);
#3874=ORIENTED_EDGE('',*,*,#6264,.F.);
#3875=ORIENTED_EDGE('',*,*,#6749,.F.);
#3876=ORIENTED_EDGE('',*,*,#6750,.F.);
#3877=CARTESIAN_POINT('',(-9.325,1.6,-4.955));
#3878=DIRECTION('',(0.0,0.0,-1.0));
#3879=DIRECTION('',(0.0,-1.0,0.0));
#3880=ORIENTED_EDGE('',*,*,#6454,.T.);
#3881=ORIENTED_EDGE('',*,*,#6751,.F.);
#3882=ORIENTED_EDGE('',*,*,#6752,.F.);
#3883=ORIENTED_EDGE('',*,*,#6753,.F.);
#3884=ORIENTED_EDGE('',*,*,#6754,.T.);
#3885=ORIENTED_EDGE('',*,*,#6483,.T.);
#3886=ORIENTED_EDGE('',*,*,#6471,.F.);
#3887=ORIENTED_EDGE('',*,*,#6512,.T.);
#3888=CARTESIAN_POINT('',(-9.325,1.6,-4.955));
#3889=DIRECTION('',(0.0,0.0,-1.0));
#3890=DIRECTION('',(0.0,-1.0,0.0));
#3891=ORIENTED_EDGE('',*,*,#6755,.F.);
#3892=ORIENTED_EDGE('',*,*,#6283,.T.);
#3893=ORIENTED_EDGE('',*,*,#6662,.T.);
#3894=ORIENTED_EDGE('',*,*,#6723,.F.);
#3895=CARTESIAN_POINT('',(-9.325,1.6,-4.285));
#3896=DIRECTION('',(0.0,-1.0,0.0));
#3897=DIRECTION('',(0.0,0.0,-1.0));
#3898=ORIENTED_EDGE('',*,*,#6686,.F.);
#3899=ORIENTED_EDGE('',*,*,#6301,.T.);
#3900=ORIENTED_EDGE('',*,*,#6756,.T.);
#3901=ORIENTED_EDGE('',*,*,#6726,.F.);
#3902=CARTESIAN_POINT('',(-9.325,1.6,-4.285));
#3903=DIRECTION('',(0.0,-1.0,0.0));
#3904=DIRECTION('',(0.0,0.0,-1.0));
#3905=ORIENTED_EDGE('',*,*,#6757,.F.);
#3906=ORIENTED_EDGE('',*,*,#6325,.T.);
#3907=ORIENTED_EDGE('',*,*,#6758,.T.);
#3908=ORIENTED_EDGE('',*,*,#6733,.F.);
#3909=CARTESIAN_POINT('',(-9.325,1.6,-4.285));
#3910=DIRECTION('',(0.0,-1.0,0.0));
#3911=DIRECTION('',(0.0,0.0,-1.0));
#3912=ORIENTED_EDGE('',*,*,#6759,.F.);
#3913=ORIENTED_EDGE('',*,*,#6349,.T.);
#3914=ORIENTED_EDGE('',*,*,#6760,.T.);
#3915=ORIENTED_EDGE('',*,*,#6740,.F.);
#3916=CARTESIAN_POINT('',(-9.325,1.6,-4.285));
#3917=DIRECTION('',(0.0,-1.0,0.0));
#3918=DIRECTION('',(0.0,0.0,-1.0));
#3919=ORIENTED_EDGE('',*,*,#6761,.F.);
#3920=ORIENTED_EDGE('',*,*,#6388,.T.);
#3921=ORIENTED_EDGE('',*,*,#6484,.T.);
#3922=ORIENTED_EDGE('',*,*,#6754,.F.);
#3923=CARTESIAN_POINT('',(-9.325,1.6,-4.285));
#3924=DIRECTION('',(0.0,-1.0,0.0));
#3925=DIRECTION('',(0.0,0.0,-1.0));
#3926=ORIENTED_EDGE('',*,*,#6762,.F.);
#3927=ORIENTED_EDGE('',*,*,#6369,.T.);
#3928=ORIENTED_EDGE('',*,*,#6763,.F.);
#3929=ORIENTED_EDGE('',*,*,#6745,.F.);
#3930=CARTESIAN_POINT('',(-9.325,1.6,-4.285));
#3931=DIRECTION('',(0.0,-1.0,0.0));
#3932=DIRECTION('',(0.0,0.0,-1.0));
#3933=ORIENTED_EDGE('',*,*,#6284,.T.);
#3934=ORIENTED_EDGE('',*,*,#6755,.T.);
#3935=ORIENTED_EDGE('',*,*,#6722,.T.);
#3936=ORIENTED_EDGE('',*,*,#6764,.T.);
#3937=ORIENTED_EDGE('',*,*,#6765,.T.);
#3938=ORIENTED_EDGE('',*,*,#6766,.T.);
#3939=ORIENTED_EDGE('',*,*,#6767,.T.);
#3940=ORIENTED_EDGE('',*,*,#6768,.T.);
#3941=ORIENTED_EDGE('',*,*,#6288,.T.);
#3942=ORIENTED_EDGE('',*,*,#6769,.F.);
#3943=ORIENTED_EDGE('',*,*,#6770,.F.);
#3944=ORIENTED_EDGE('',*,*,#6771,.F.);
#3945=CARTESIAN_POINT('',(9.575,0.0,0.0));
#3946=DIRECTION('',(1.0,0.0,0.0));
#3947=DIRECTION('',(0.0,1.0,0.0));
#3948=ORIENTED_EDGE('',*,*,#6771,.T.);
#3949=ORIENTED_EDGE('',*,*,#6772,.T.);
#3950=ORIENTED_EDGE('',*,*,#6773,.F.);
#3951=ORIENTED_EDGE('',*,*,#6285,.F.);
#3952=CARTESIAN_POINT('',(9.575,0.95,-4.285));
#3953=DIRECTION('',(-0.0,1.0,0.0));
#3954=DIRECTION('',(1.0,0.0,0.0));
#3955=ORIENTED_EDGE('',*,*,#6774,.T.);
#3956=ORIENTED_EDGE('',*,*,#6775,.T.);
#3957=ORIENTED_EDGE('',*,*,#6286,.T.);
#3958=ORIENTED_EDGE('',*,*,#6773,.T.);
#3959=CARTESIAN_POINT('',(8.575,0.0,0.0));
#3960=DIRECTION('',(1.0,0.0,0.0));
#3961=DIRECTION('',(0.0,1.0,0.0));
#3962=ORIENTED_EDGE('',*,*,#6775,.F.);
#3963=ORIENTED_EDGE('',*,*,#6776,.F.);
#3964=ORIENTED_EDGE('',*,*,#6769,.T.);
#3965=ORIENTED_EDGE('',*,*,#6287,.T.);
#3966=CARTESIAN_POINT('',(9.575,-0.95,-3.685));
#3967=DIRECTION('',(0.0,-1.0,0.0));
#3968=DIRECTION('',(0.0,0.0,-1.0));
#3969=ORIENTED_EDGE('',*,*,#6770,.T.);
#3970=ORIENTED_EDGE('',*,*,#6776,.T.);
#3971=ORIENTED_EDGE('',*,*,#6774,.F.);
#3972=ORIENTED_EDGE('',*,*,#6772,.F.);
#3973=CARTESIAN_POINT('',(9.575,0.95,-3.685));
#3974=DIRECTION('',(0.0,0.0,1.0));
#3975=DIRECTION('',(1.0,0.0,0.0));
#3976=ORIENTED_EDGE('',*,*,#6289,.F.);
#3977=ORIENTED_EDGE('',*,*,#6768,.F.);
#3978=ORIENTED_EDGE('',*,*,#6777,.T.);
#3979=ORIENTED_EDGE('',*,*,#6409,.T.);
#3980=CARTESIAN_POINT('',(-9.325,-2.78,-4.955));
#3981=DIRECTION('',(-0.0,1.0,0.0));
#3982=DIRECTION('',(1.0,0.0,0.0));
#3983=ORIENTED_EDGE('',*,*,#6313,.F.);
#3984=ORIENTED_EDGE('',*,*,#6434,.F.);
#3985=ORIENTED_EDGE('',*,*,#6778,.T.);
#3986=ORIENTED_EDGE('',*,*,#6779,.T.);
#3987=CARTESIAN_POINT('',(-9.325,-2.78,-4.955));
#3988=DIRECTION('',(-0.0,1.0,0.0));
#3989=DIRECTION('',(1.0,0.0,0.0));
#3990=ORIENTED_EDGE('',*,*,#6337,.F.);
#3991=ORIENTED_EDGE('',*,*,#6780,.F.);
#3992=ORIENTED_EDGE('',*,*,#6781,.T.);
#3993=ORIENTED_EDGE('',*,*,#6782,.T.);
#3994=CARTESIAN_POINT('',(-9.325,-2.78,-4.955));
#3995=DIRECTION('',(-0.0,1.0,0.0));
#3996=DIRECTION('',(1.0,0.0,0.0));
#3997=ORIENTED_EDGE('',*,*,#6361,.F.);
#3998=ORIENTED_EDGE('',*,*,#6783,.F.);
#3999=ORIENTED_EDGE('',*,*,#6784,.T.);
#4000=ORIENTED_EDGE('',*,*,#6785,.T.);
#4001=CARTESIAN_POINT('',(-9.325,-2.78,-4.955));
#4002=DIRECTION('',(-0.0,1.0,0.0));
#4003=DIRECTION('',(1.0,0.0,0.0));
#4004=ORIENTED_EDGE('',*,*,#6786,.T.);
#4005=ORIENTED_EDGE('',*,*,#6787,.F.);
#4006=ORIENTED_EDGE('',*,*,#6363,.F.);
#4007=ORIENTED_EDGE('',*,*,#6259,.F.);
#4008=CARTESIAN_POINT('',(-9.325,-2.78,-4.955));
#4009=DIRECTION('',(-0.0,1.0,0.0));
#4010=DIRECTION('',(1.0,0.0,0.0));
#4011=ORIENTED_EDGE('',*,*,#6400,.F.);
#4012=ORIENTED_EDGE('',*,*,#6788,.F.);
#4013=ORIENTED_EDGE('',*,*,#6789,.T.);
#4014=ORIENTED_EDGE('',*,*,#6509,.T.);
#4015=CARTESIAN_POINT('',(-9.325,-2.78,-4.955));
#4016=DIRECTION('',(-0.0,1.0,0.0));
#4017=DIRECTION('',(1.0,0.0,0.0));
#4018=ORIENTED_EDGE('',*,*,#6777,.F.);
#4019=ORIENTED_EDGE('',*,*,#6767,.F.);
#4020=ORIENTED_EDGE('',*,*,#6790,.T.);
#4021=ORIENTED_EDGE('',*,*,#6791,.T.);
#4022=ORIENTED_EDGE('',*,*,#6222,.T.);
#4023=ORIENTED_EDGE('',*,*,#6410,.F.);
#4024=CARTESIAN_POINT('',(-9.325,-3.94,-4.955));
#4025=DIRECTION('',(0.0,0.0,-1.0));
#4026=DIRECTION('',(0.0,-1.0,0.0));
#4027=ORIENTED_EDGE('',*,*,#6778,.F.);
#4028=ORIENTED_EDGE('',*,*,#6433,.T.);
#4029=ORIENTED_EDGE('',*,*,#6218,.T.);
#4030=ORIENTED_EDGE('',*,*,#6792,.F.);
#4031=CARTESIAN_POINT('',(-9.325,-3.94,-4.955));
#4032=DIRECTION('',(0.0,0.0,-1.0));
#4033=DIRECTION('',(0.0,-1.0,0.0));
#4034=ORIENTED_EDGE('',*,*,#6781,.F.);
#4035=ORIENTED_EDGE('',*,*,#6793,.T.);
#4036=ORIENTED_EDGE('',*,*,#6214,.T.);
#4037=ORIENTED_EDGE('',*,*,#6794,.F.);
#4038=CARTESIAN_POINT('',(-9.325,-3.94,-4.955));
#4039=DIRECTION('',(0.0,0.0,-1.0));
#4040=DIRECTION('',(0.0,-1.0,0.0));
#4041=ORIENTED_EDGE('',*,*,#6784,.F.);
#4042=ORIENTED_EDGE('',*,*,#6795,.T.);
#4043=ORIENTED_EDGE('',*,*,#6210,.T.);
#4044=ORIENTED_EDGE('',*,*,#6796,.F.);
#4045=CARTESIAN_POINT('',(-9.325,-3.94,-4.955));
#4046=DIRECTION('',(0.0,0.0,-1.0));
#4047=DIRECTION('',(0.0,-1.0,0.0));
#4048=ORIENTED_EDGE('',*,*,#6230,.T.);
#4049=ORIENTED_EDGE('',*,*,#6797,.F.);
#4050=ORIENTED_EDGE('',*,*,#6798,.T.);
#4051=ORIENTED_EDGE('',*,*,#6799,.F.);
#4052=ORIENTED_EDGE('',*,*,#6786,.F.);
#4053=ORIENTED_EDGE('',*,*,#6258,.T.);
#4054=CARTESIAN_POINT('',(-9.325,-3.94,-4.955));
#4055=DIRECTION('',(0.0,0.0,-1.0));
#4056=DIRECTION('',(0.0,-1.0,0.0));
#4057=ORIENTED_EDGE('',*,*,#6789,.F.);
#4058=ORIENTED_EDGE('',*,*,#6800,.T.);
#4059=ORIENTED_EDGE('',*,*,#6206,.T.);
#4060=ORIENTED_EDGE('',*,*,#6510,.F.);
#4061=CARTESIAN_POINT('',(-9.325,-3.94,-4.955));
#4062=DIRECTION('',(0.0,0.0,-1.0));
#4063=DIRECTION('',(0.0,-1.0,0.0));
#4064=ORIENTED_EDGE('',*,*,#6223,.T.);
#4065=ORIENTED_EDGE('',*,*,#6791,.F.);
#4066=ORIENTED_EDGE('',*,*,#6801,.F.);
#4067=ORIENTED_EDGE('',*,*,#6802,.T.);
#4068=CARTESIAN_POINT('',(8.375,-3.94,-3.355));
#4069=DIRECTION('',(1.0,0.0,0.0));
#4070=DIRECTION('',(0.0,1.0,0.0));
#4071=ORIENTED_EDGE('',*,*,#6803,.T.);
#4072=ORIENTED_EDGE('',*,*,#6765,.F.);
#4073=ORIENTED_EDGE('',*,*,#6804,.F.);
#4074=ORIENTED_EDGE('',*,*,#6124,.F.);
#4075=ORIENTED_EDGE('',*,*,#6805,.T.);
#4076=ORIENTED_EDGE('',*,*,#6224,.F.);
#4077=ORIENTED_EDGE('',*,*,#6802,.F.);
#4078=CARTESIAN_POINT('',(-9.325,-3.43,-3.355));
#4079=DIRECTION('',(0.0,0.0,1.0));
#4080=DIRECTION('',(1.0,0.0,0.0));
#4081=ORIENTED_EDGE('',*,*,#6228,.F.);
#4082=ORIENTED_EDGE('',*,*,#6806,.T.);
#4083=ORIENTED_EDGE('',*,*,#6077,.T.);
#4084=ORIENTED_EDGE('',*,*,#6807,.T.);
#4085=ORIENTED_EDGE('',*,*,#6808,.F.);
#4086=ORIENTED_EDGE('',*,*,#6809,.T.);
#4087=ORIENTED_EDGE('',*,*,#6810,.T.);
#4088=CARTESIAN_POINT('',(-9.325,-3.43,-3.355));
#4089=DIRECTION('',(0.0,0.0,1.0));
#4090=DIRECTION('',(1.0,0.0,0.0));
#4091=ORIENTED_EDGE('',*,*,#6109,.T.);
#4092=ORIENTED_EDGE('',*,*,#6225,.T.);
#4093=ORIENTED_EDGE('',*,*,#6805,.F.);
#4094=ORIENTED_EDGE('',*,*,#6123,.F.);
#4095=CARTESIAN_POINT('',(9.325,-3.05,4.955));
#4096=DIRECTION('',(-0.374606593415897,0.927183854566793,0.0));
#4097=DIRECTION('',(0.0,0.0,1.0));
#4098=ORIENTED_EDGE('',*,*,#6747,.T.);
#4099=ORIENTED_EDGE('',*,*,#6811,.F.);
#4100=ORIENTED_EDGE('',*,*,#6807,.F.);
#4101=ORIENTED_EDGE('',*,*,#6076,.T.);
#4102=ORIENTED_EDGE('',*,*,#6812,.F.);
#4103=ORIENTED_EDGE('',*,*,#6151,.T.);
#4104=ORIENTED_EDGE('',*,*,#6104,.F.);
#4105=ORIENTED_EDGE('',*,*,#6125,.F.);
#4106=ORIENTED_EDGE('',*,*,#6804,.T.);
#4107=ORIENTED_EDGE('',*,*,#6764,.F.);
#4108=ORIENTED_EDGE('',*,*,#6721,.T.);
#4109=ORIENTED_EDGE('',*,*,#6813,.T.);
#4110=ORIENTED_EDGE('',*,*,#6814,.F.);
#4111=ORIENTED_EDGE('',*,*,#6815,.F.);
#4112=ORIENTED_EDGE('',*,*,#6816,.T.);
#4113=ORIENTED_EDGE('',*,*,#6817,.F.);
#4114=ORIENTED_EDGE('',*,*,#6818,.F.);
#4115=ORIENTED_EDGE('',*,*,#6819,.T.);
#4116=CARTESIAN_POINT('',(-9.325,3.43,-4.955));
#4117=DIRECTION('',(-0.0,1.0,0.0));
#4118=DIRECTION('',(1.0,0.0,0.0));
#4119=ORIENTED_EDGE('',*,*,#6820,.F.);
#4120=ORIENTED_EDGE('',*,*,#6821,.F.);
#4121=ORIENTED_EDGE('',*,*,#6822,.F.);
#4122=ORIENTED_EDGE('',*,*,#6065,.F.);
#4123=ORIENTED_EDGE('',*,*,#6823,.F.);
#4124=ORIENTED_EDGE('',*,*,#6819,.F.);
#4125=CARTESIAN_POINT('',(-0.7,0.0,0.0));
#4126=DIRECTION('',(1.0,0.0,0.0));
#4127=DIRECTION('',(0.0,1.0,0.0));
#4128=ORIENTED_EDGE('',*,*,#6064,.T.);
#4129=ORIENTED_EDGE('',*,*,#6824,.F.);
#4130=ORIENTED_EDGE('',*,*,#6816,.F.);
#4131=ORIENTED_EDGE('',*,*,#6823,.T.);
#4132=CARTESIAN_POINT('',(-0.7,4.18,1.329177595493));
#4133=DIRECTION('',(-1.0,0.0,-0.0));
#4134=DIRECTION('',(0.0,0.0,-1.0));
#4135=ORIENTED_EDGE('',*,*,#6824,.T.);
#4136=ORIENTED_EDGE('',*,*,#6067,.T.);
#4137=ORIENTED_EDGE('',*,*,#6825,.T.);
#4138=ORIENTED_EDGE('',*,*,#6826,.T.);
#4139=ORIENTED_EDGE('',*,*,#6827,.T.);
#4140=ORIENTED_EDGE('',*,*,#6817,.T.);
#4141=CARTESIAN_POINT('',(0.7,0.0,0.0));
#4142=DIRECTION('',(1.0,0.0,0.0));
#4143=DIRECTION('',(0.0,1.0,0.0));
#4144=ORIENTED_EDGE('',*,*,#6827,.F.);
#4145=ORIENTED_EDGE('',*,*,#6828,.F.);
#4146=ORIENTED_EDGE('',*,*,#6820,.T.);
#4147=ORIENTED_EDGE('',*,*,#6818,.T.);
#4148=CARTESIAN_POINT('',(-0.7,4.83,2.755));
#4149=DIRECTION('',(0.0,0.764433319597122,0.644702799660219));
#4150=DIRECTION('',(1.0,0.0,-0.0));
#4151=ORIENTED_EDGE('',*,*,#6828,.T.);
#4152=ORIENTED_EDGE('',*,*,#6826,.F.);
#4153=ORIENTED_EDGE('',*,*,#6829,.F.);
#4154=ORIENTED_EDGE('',*,*,#6821,.T.);
#4155=CARTESIAN_POINT('',(-0.7,4.83,2.005));
#4156=DIRECTION('',(-0.0,1.0,0.0));
#4157=DIRECTION('',(1.0,0.0,0.0));
#4158=ORIENTED_EDGE('',*,*,#6829,.T.);
#4159=ORIENTED_EDGE('',*,*,#6825,.F.);
#4160=ORIENTED_EDGE('',*,*,#6066,.F.);
#4161=ORIENTED_EDGE('',*,*,#6822,.T.);
#4162=CARTESIAN_POINT('',(-0.7,4.271402007554,2.073587209224));
#4163=DIRECTION('',(0.0,-0.121869343405202,-0.992546151641315));
#4164=DIRECTION('',(0.0,-0.992546151641315,0.121869343405202));
#4165=ORIENTED_EDGE('',*,*,#6830,.T.);
#4166=ORIENTED_EDGE('',*,*,#6438,.F.);
#4167=ORIENTED_EDGE('',*,*,#6748,.T.);
#4168=ORIENTED_EDGE('',*,*,#6815,.T.);
#4169=CARTESIAN_POINT('',(-7.805,3.43,-4.955));
#4170=DIRECTION('',(-1.0,0.0,0.0));
#4171=DIRECTION('',(0.0,0.0,1.0));
#4172=ORIENTED_EDGE('',*,*,#6831,.T.);
#4173=ORIENTED_EDGE('',*,*,#6439,.F.);
#4174=ORIENTED_EDGE('',*,*,#6830,.F.);
#4175=ORIENTED_EDGE('',*,*,#6814,.T.);
#4176=CARTESIAN_POINT('',(-7.805,3.43,-3.105));
#4177=DIRECTION('',(0.0,0.0,1.0));
#4178=DIRECTION('',(1.0,0.0,0.0));
#4179=ORIENTED_EDGE('',*,*,#6720,.F.);
#4180=ORIENTED_EDGE('',*,*,#6440,.F.);
#4181=ORIENTED_EDGE('',*,*,#6831,.F.);
#4182=ORIENTED_EDGE('',*,*,#6813,.F.);
#4183=CARTESIAN_POINT('',(7.805,3.43,-3.105));
#4184=DIRECTION('',(1.0,0.0,0.0));
#4185=DIRECTION('',(0.0,1.0,0.0));
#4186=ORIENTED_EDGE('',*,*,#6152,.F.);
#4187=ORIENTED_EDGE('',*,*,#6812,.T.);
#4188=ORIENTED_EDGE('',*,*,#6075,.T.);
#4189=ORIENTED_EDGE('',*,*,#6113,.F.);
#4190=CARTESIAN_POINT('',(-7.925,3.43,4.955));
#4191=DIRECTION('',(0.762509135372793,0.0,-0.646977448195094));
#4192=DIRECTION('',(0.0,-1.0,0.0));
#4193=ORIENTED_EDGE('',*,*,#6079,.T.);
#4194=ORIENTED_EDGE('',*,*,#6832,.T.);
#4195=ORIENTED_EDGE('',*,*,#6226,.F.);
#4196=ORIENTED_EDGE('',*,*,#6153,.F.);
#4197=ORIENTED_EDGE('',*,*,#6102,.T.);
#4198=CARTESIAN_POINT('',(-7.925,3.43,4.955));
#4199=DIRECTION('',(0.762509135372793,0.0,-0.646977448195094));
#4200=DIRECTION('',(0.0,-1.0,0.0));
#4201=ORIENTED_EDGE('',*,*,#6806,.F.);
#4202=ORIENTED_EDGE('',*,*,#6227,.F.);
#4203=ORIENTED_EDGE('',*,*,#6832,.F.);
#4204=ORIENTED_EDGE('',*,*,#6078,.T.);
#4205=CARTESIAN_POINT('',(-8.384466995702,-3.43,4.955));
#4206=DIRECTION('',(0.374606593415897,0.927183854566793,0.0));
#4207=DIRECTION('',(0.0,0.0,-1.0));
#4208=ORIENTED_EDGE('',*,*,#6833,.T.);
#4209=ORIENTED_EDGE('',*,*,#6834,.T.);
#4210=ORIENTED_EDGE('',*,*,#6364,.T.);
#4211=ORIENTED_EDGE('',*,*,#6787,.T.);
#4212=ORIENTED_EDGE('',*,*,#6799,.T.);
#4213=ORIENTED_EDGE('',*,*,#6835,.T.);
#4214=ORIENTED_EDGE('',*,*,#6808,.T.);
#4215=ORIENTED_EDGE('',*,*,#6811,.T.);
#4216=ORIENTED_EDGE('',*,*,#6746,.T.);
#4217=ORIENTED_EDGE('',*,*,#6763,.T.);
#4218=ORIENTED_EDGE('',*,*,#6368,.T.);
#4219=ORIENTED_EDGE('',*,*,#6836,.T.);
#4220=CARTESIAN_POINT('',(-9.575,0.0,0.0));
#4221=DIRECTION('',(-1.0,0.0,0.0));
#4222=DIRECTION('',(0.0,0.0,1.0));
#4223=ORIENTED_EDGE('',*,*,#6837,.T.);
#4224=ORIENTED_EDGE('',*,*,#6838,.F.);
#4225=ORIENTED_EDGE('',*,*,#6836,.F.);
#4226=ORIENTED_EDGE('',*,*,#6367,.T.);
#4227=CARTESIAN_POINT('',(-9.575,0.95,-4.285));
#4228=DIRECTION('',(0.0,-1.0,0.0));
#4229=DIRECTION('',(0.0,0.0,-1.0));
#4230=ORIENTED_EDGE('',*,*,#6839,.T.);
#4231=ORIENTED_EDGE('',*,*,#6840,.F.);
#4232=ORIENTED_EDGE('',*,*,#6833,.F.);
#4233=ORIENTED_EDGE('',*,*,#6838,.T.);
#4234=CARTESIAN_POINT('',(-9.575,0.95,-3.685));
#4235=DIRECTION('',(0.0,0.0,-1.0));
#4236=DIRECTION('',(0.0,-1.0,0.0));
#4237=ORIENTED_EDGE('',*,*,#6834,.F.);
#4238=ORIENTED_EDGE('',*,*,#6840,.T.);
#4239=ORIENTED_EDGE('',*,*,#6841,.T.);
#4240=ORIENTED_EDGE('',*,*,#6365,.F.);
#4241=CARTESIAN_POINT('',(-9.575,-0.95,-3.685));
#4242=DIRECTION('',(-0.0,1.0,0.0));
#4243=DIRECTION('',(1.0,0.0,0.0));
#4244=ORIENTED_EDGE('',*,*,#6841,.F.);
#4245=ORIENTED_EDGE('',*,*,#6839,.F.);
#4246=ORIENTED_EDGE('',*,*,#6837,.F.);
#4247=ORIENTED_EDGE('',*,*,#6366,.F.);
#4248=CARTESIAN_POINT('',(-8.575,0.0,0.0));
#4249=DIRECTION('',(1.0,0.0,0.0));
#4250=DIRECTION('',(0.0,1.0,0.0));
#4251=ORIENTED_EDGE('',*,*,#6790,.F.);
#4252=ORIENTED_EDGE('',*,*,#6766,.F.);
#4253=ORIENTED_EDGE('',*,*,#6803,.F.);
#4254=ORIENTED_EDGE('',*,*,#6801,.T.);
#4255=CARTESIAN_POINT('',(-9.325,-3.94,-3.355));
#4256=DIRECTION('',(0.0,-1.0,0.0));
#4257=DIRECTION('',(0.0,0.0,-1.0));
#4258=ORIENTED_EDGE('',*,*,#6809,.F.);
#4259=ORIENTED_EDGE('',*,*,#6835,.F.);
#4260=ORIENTED_EDGE('',*,*,#6798,.F.);
#4261=ORIENTED_EDGE('',*,*,#6842,.F.);
#4262=CARTESIAN_POINT('',(-9.325,-3.94,-3.355));
#4263=DIRECTION('',(0.0,-1.0,0.0));
#4264=DIRECTION('',(0.0,0.0,-1.0));
#4265=ORIENTED_EDGE('',*,*,#6842,.T.);
#4266=ORIENTED_EDGE('',*,*,#6797,.T.);
#4267=ORIENTED_EDGE('',*,*,#6229,.F.);
#4268=ORIENTED_EDGE('',*,*,#6810,.F.);
#4269=CARTESIAN_POINT('',(-8.375,-3.43,-3.355));
#4270=DIRECTION('',(-1.0,0.0,0.0));
#4271=DIRECTION('',(0.0,0.0,1.0));
#4272=ORIENTED_EDGE('',*,*,#6779,.F.);
#4273=ORIENTED_EDGE('',*,*,#6792,.T.);
#4274=ORIENTED_EDGE('',*,*,#6217,.T.);
#4275=ORIENTED_EDGE('',*,*,#6843,.F.);
#4276=ORIENTED_EDGE('',*,*,#6844,.T.);
#4277=ORIENTED_EDGE('',*,*,#6314,.F.);
#4278=CARTESIAN_POINT('',(3.2985,3.43,-3.955));
#4279=DIRECTION('',(1.0,0.0,0.0));
#4280=DIRECTION('',(0.0,1.0,0.0));
#4281=ORIENTED_EDGE('',*,*,#6845,.F.);
#4282=ORIENTED_EDGE('',*,*,#6846,.F.);
#4283=ORIENTED_EDGE('',*,*,#6443,.F.);
#4284=ORIENTED_EDGE('',*,*,#6729,.F.);
#4285=CARTESIAN_POINT('',(3.2985,3.43,-3.955));
#4286=DIRECTION('',(1.0,0.0,0.0));
#4287=DIRECTION('',(0.0,1.0,0.0));
#4288=ORIENTED_EDGE('',*,*,#6847,.T.);
#4289=ORIENTED_EDGE('',*,*,#6298,.F.);
#4290=ORIENTED_EDGE('',*,*,#6848,.F.);
#4291=ORIENTED_EDGE('',*,*,#6849,.F.);
#4292=CARTESIAN_POINT('',(3.2985,3.43,-3.955));
#4293=DIRECTION('',(1.0,0.0,0.0));
#4294=DIRECTION('',(0.0,1.0,0.0));
#4295=ORIENTED_EDGE('',*,*,#6850,.F.);
#4296=ORIENTED_EDGE('',*,*,#6851,.F.);
#4297=ORIENTED_EDGE('',*,*,#6852,.T.);
#4298=ORIENTED_EDGE('',*,*,#6294,.F.);
#4299=CARTESIAN_POINT('',(3.2985,3.43,-3.955));
#4300=DIRECTION('',(1.0,0.0,0.0));
#4301=DIRECTION('',(0.0,1.0,0.0));
#4302=ORIENTED_EDGE('',*,*,#6853,.T.);
#4303=ORIENTED_EDGE('',*,*,#6854,.T.);
#4304=ORIENTED_EDGE('',*,*,#6543,.T.);
#4305=ORIENTED_EDGE('',*,*,#6855,.F.);
#4306=CARTESIAN_POINT('',(3.32,-1.79,2.555));
#4307=DIRECTION('',(0.0,-1.0,0.0));
#4308=DIRECTION('',(0.0,0.0,-1.0));
#4309=ORIENTED_EDGE('',*,*,#6335,.F.);
#4310=ORIENTED_EDGE('',*,*,#6856,.T.);
#4311=ORIENTED_EDGE('',*,*,#6857,.F.);
#4312=ORIENTED_EDGE('',*,*,#6858,.F.);
#4313=ORIENTED_EDGE('',*,*,#6291,.F.);
#4314=ORIENTED_EDGE('',*,*,#6844,.F.);
#4315=ORIENTED_EDGE('',*,*,#6859,.F.);
#4316=ORIENTED_EDGE('',*,*,#6860,.F.);
#4317=CARTESIAN_POINT('',(3.32,-1.79,2.555));
#4318=DIRECTION('',(0.0,-1.0,0.0));
#4319=DIRECTION('',(0.0,0.0,-1.0));
#4320=ORIENTED_EDGE('',*,*,#6296,.T.);
#4321=ORIENTED_EDGE('',*,*,#6861,.T.);
#4322=ORIENTED_EDGE('',*,*,#6862,.T.);
#4323=ORIENTED_EDGE('',*,*,#6863,.T.);
#4324=CARTESIAN_POINT('',(3.32,0.0,0.0));
#4325=DIRECTION('',(1.0,0.0,0.0));
#4326=DIRECTION('',(0.0,1.0,0.0));
#4327=ORIENTED_EDGE('',*,*,#6864,.T.);
#4328=ORIENTED_EDGE('',*,*,#6865,.T.);
#4329=ORIENTED_EDGE('',*,*,#6866,.T.);
#4330=ORIENTED_EDGE('',*,*,#6867,.T.);
#4331=ORIENTED_EDGE('',*,*,#6868,.T.);
#4332=ORIENTED_EDGE('',*,*,#6869,.T.);
#4333=ORIENTED_EDGE('',*,*,#6870,.T.);
#4334=ORIENTED_EDGE('',*,*,#6871,.T.);
#4335=ORIENTED_EDGE('',*,*,#6872,.T.);
#4336=ORIENTED_EDGE('',*,*,#6727,.F.);
#4337=ORIENTED_EDGE('',*,*,#6756,.F.);
#4338=ORIENTED_EDGE('',*,*,#6300,.T.);
#4339=CARTESIAN_POINT('',(3.32,0.0,0.0));
#4340=DIRECTION('',(1.0,0.0,0.0));
#4341=DIRECTION('',(0.0,1.0,0.0));
#4342=ORIENTED_EDGE('',*,*,#6555,.T.);
#4343=ORIENTED_EDGE('',*,*,#6873,.T.);
#4344=ORIENTED_EDGE('',*,*,#6874,.T.);
#4345=ORIENTED_EDGE('',*,*,#6875,.T.);
#4346=CARTESIAN_POINT('',(3.32,0.0,0.0));
#4347=DIRECTION('',(1.0,0.0,0.0));
#4348=DIRECTION('',(0.0,1.0,0.0));
#4349=ORIENTED_EDGE('',*,*,#6546,.T.);
#4350=ORIENTED_EDGE('',*,*,#6876,.T.);
#4351=ORIENTED_EDGE('',*,*,#6877,.T.);
#4352=ORIENTED_EDGE('',*,*,#6855,.T.);
#4353=CARTESIAN_POINT('',(3.32,0.0,0.0));
#4354=DIRECTION('',(1.0,0.0,0.0));
#4355=DIRECTION('',(0.0,1.0,0.0));
#4356=ORIENTED_EDGE('',*,*,#6292,.T.);
#4357=ORIENTED_EDGE('',*,*,#6858,.T.);
#4358=ORIENTED_EDGE('',*,*,#6878,.T.);
#4359=ORIENTED_EDGE('',*,*,#6879,.T.);
#4360=ORIENTED_EDGE('',*,*,#6880,.T.);
#4361=ORIENTED_EDGE('',*,*,#6881,.T.);
#4362=ORIENTED_EDGE('',*,*,#6882,.T.);
#4363=ORIENTED_EDGE('',*,*,#6883,.T.);
#4364=ORIENTED_EDGE('',*,*,#6884,.T.);
#4365=ORIENTED_EDGE('',*,*,#6885,.T.);
#4366=CARTESIAN_POINT('',(3.32,0.0,0.0));
#4367=DIRECTION('',(1.0,0.0,0.0));
#4368=DIRECTION('',(0.0,1.0,0.0));
#4369=ORIENTED_EDGE('',*,*,#6886,.T.);
#4370=ORIENTED_EDGE('',*,*,#6887,.T.);
#4371=ORIENTED_EDGE('',*,*,#6329,.T.);
#4372=ORIENTED_EDGE('',*,*,#6888,.T.);
#4373=ORIENTED_EDGE('',*,*,#6889,.T.);
#4374=ORIENTED_EDGE('',*,*,#6848,.T.);
#4375=ORIENTED_EDGE('',*,*,#6297,.T.);
#4376=ORIENTED_EDGE('',*,*,#6863,.F.);
#4377=CARTESIAN_POINT('',(3.32,0.35,-4.955));
#4378=DIRECTION('',(-0.0,1.0,0.0));
#4379=DIRECTION('',(1.0,0.0,0.0));
#4380=ORIENTED_EDGE('',*,*,#6444,.T.);
#4381=ORIENTED_EDGE('',*,*,#6846,.T.);
#4382=ORIENTED_EDGE('',*,*,#6890,.F.);
#4383=ORIENTED_EDGE('',*,*,#6891,.F.);
#4384=CARTESIAN_POINT('',(2.7015,3.43,-3.955));
#4385=DIRECTION('',(0.0,0.0,1.0));
#4386=DIRECTION('',(1.0,0.0,0.0));
#4387=ORIENTED_EDGE('',*,*,#6892,.T.);
#4388=ORIENTED_EDGE('',*,*,#6849,.T.);
#4389=ORIENTED_EDGE('',*,*,#6889,.F.);
#4390=ORIENTED_EDGE('',*,*,#6893,.F.);
#4391=CARTESIAN_POINT('',(2.7015,3.43,-3.955));
#4392=DIRECTION('',(0.0,0.0,1.0));
#4393=DIRECTION('',(1.0,0.0,0.0));
#4394=ORIENTED_EDGE('',*,*,#6851,.T.);
#4395=ORIENTED_EDGE('',*,*,#6894,.F.);
#4396=ORIENTED_EDGE('',*,*,#6895,.F.);
#4397=ORIENTED_EDGE('',*,*,#6896,.T.);
#4398=CARTESIAN_POINT('',(2.7015,3.43,-3.955));
#4399=DIRECTION('',(0.0,0.0,1.0));
#4400=DIRECTION('',(1.0,0.0,0.0));
#4401=ORIENTED_EDGE('',*,*,#6843,.T.);
#4402=ORIENTED_EDGE('',*,*,#6216,.F.);
#4403=ORIENTED_EDGE('',*,*,#6897,.F.);
#4404=ORIENTED_EDGE('',*,*,#6859,.T.);
#4405=CARTESIAN_POINT('',(2.7015,3.43,-3.955));
#4406=DIRECTION('',(0.0,0.0,1.0));
#4407=DIRECTION('',(1.0,0.0,0.0));
#4408=ORIENTED_EDGE('',*,*,#6860,.T.);
#4409=ORIENTED_EDGE('',*,*,#6897,.T.);
#4410=ORIENTED_EDGE('',*,*,#6215,.F.);
#4411=ORIENTED_EDGE('',*,*,#6793,.F.);
#4412=ORIENTED_EDGE('',*,*,#6780,.T.);
#4413=ORIENTED_EDGE('',*,*,#6336,.T.);
#4414=CARTESIAN_POINT('',(2.7015,3.43,-4.955));
#4415=DIRECTION('',(-1.0,0.0,0.0));
#4416=DIRECTION('',(0.0,0.0,1.0));
#4417=ORIENTED_EDGE('',*,*,#6445,.T.);
#4418=ORIENTED_EDGE('',*,*,#6891,.T.);
#4419=ORIENTED_EDGE('',*,*,#6898,.F.);
#4420=ORIENTED_EDGE('',*,*,#6730,.T.);
#4421=CARTESIAN_POINT('',(2.7015,3.43,-4.955));
#4422=DIRECTION('',(-1.0,0.0,0.0));
#4423=DIRECTION('',(0.0,0.0,1.0));
#4424=ORIENTED_EDGE('',*,*,#6888,.F.);
#4425=ORIENTED_EDGE('',*,*,#6328,.T.);
#4426=ORIENTED_EDGE('',*,*,#6899,.T.);
#4427=ORIENTED_EDGE('',*,*,#6893,.T.);
#4428=CARTESIAN_POINT('',(2.7015,3.43,-4.955));
#4429=DIRECTION('',(-1.0,0.0,0.0));
#4430=DIRECTION('',(0.0,0.0,1.0));
#4431=ORIENTED_EDGE('',*,*,#6900,.T.);
#4432=ORIENTED_EDGE('',*,*,#6895,.T.);
#4433=ORIENTED_EDGE('',*,*,#6901,.F.);
#4434=ORIENTED_EDGE('',*,*,#6332,.T.);
#4435=CARTESIAN_POINT('',(2.7015,3.43,-4.955));
#4436=DIRECTION('',(-1.0,0.0,0.0));
#4437=DIRECTION('',(0.0,0.0,1.0));
#4438=ORIENTED_EDGE('',*,*,#6902,.T.);
#4439=ORIENTED_EDGE('',*,*,#6903,.T.);
#4440=ORIENTED_EDGE('',*,*,#6731,.T.);
#4441=ORIENTED_EDGE('',*,*,#6898,.T.);
#4442=ORIENTED_EDGE('',*,*,#6890,.T.);
#4443=ORIENTED_EDGE('',*,*,#6845,.T.);
#4444=ORIENTED_EDGE('',*,*,#6728,.T.);
#4445=ORIENTED_EDGE('',*,*,#6872,.F.);
#4446=CARTESIAN_POINT('',(3.32,1.85,-5.573266328441));
#4447=DIRECTION('',(-0.0,1.0,0.0));
#4448=DIRECTION('',(1.0,0.0,0.0));
#4449=ORIENTED_EDGE('',*,*,#6904,.T.);
#4450=ORIENTED_EDGE('',*,*,#6905,.F.);
#4451=ORIENTED_EDGE('',*,*,#6873,.F.);
#4452=ORIENTED_EDGE('',*,*,#6554,.F.);
#4453=CARTESIAN_POINT('',(3.32,1.85,-5.573266328441));
#4454=DIRECTION('',(-0.0,1.0,0.0));
#4455=DIRECTION('',(1.0,0.0,0.0));
#4456=ORIENTED_EDGE('',*,*,#6906,.F.);
#4457=ORIENTED_EDGE('',*,*,#6907,.F.);
#4458=ORIENTED_EDGE('',*,*,#6330,.F.);
#4459=ORIENTED_EDGE('',*,*,#6887,.F.);
#4460=CARTESIAN_POINT('',(2.68,0.0,0.0));
#4461=DIRECTION('',(1.0,0.0,0.0));
#4462=DIRECTION('',(0.0,1.0,0.0));
#4463=ORIENTED_EDGE('',*,*,#6757,.T.);
#4464=ORIENTED_EDGE('',*,*,#6732,.T.);
#4465=ORIENTED_EDGE('',*,*,#6903,.F.);
#4466=ORIENTED_EDGE('',*,*,#6908,.F.);
#4467=ORIENTED_EDGE('',*,*,#6909,.F.);
#4468=ORIENTED_EDGE('',*,*,#6910,.F.);
#4469=ORIENTED_EDGE('',*,*,#6911,.F.);
#4470=ORIENTED_EDGE('',*,*,#6912,.F.);
#4471=ORIENTED_EDGE('',*,*,#6913,.F.);
#4472=ORIENTED_EDGE('',*,*,#6914,.F.);
#4473=ORIENTED_EDGE('',*,*,#6915,.F.);
#4474=ORIENTED_EDGE('',*,*,#6326,.F.);
#4475=CARTESIAN_POINT('',(2.68,0.0,0.0));
#4476=DIRECTION('',(1.0,0.0,0.0));
#4477=DIRECTION('',(0.0,1.0,0.0));
#4478=ORIENTED_EDGE('',*,*,#6916,.F.);
#4479=ORIENTED_EDGE('',*,*,#6904,.F.);
#4480=ORIENTED_EDGE('',*,*,#6553,.F.);
#4481=ORIENTED_EDGE('',*,*,#6917,.F.);
#4482=CARTESIAN_POINT('',(2.68,0.0,0.0));
#4483=DIRECTION('',(1.0,0.0,0.0));
#4484=DIRECTION('',(0.0,1.0,0.0));
#4485=ORIENTED_EDGE('',*,*,#6918,.F.);
#4486=ORIENTED_EDGE('',*,*,#6919,.F.);
#4487=ORIENTED_EDGE('',*,*,#6544,.F.);
#4488=ORIENTED_EDGE('',*,*,#6854,.F.);
#4489=CARTESIAN_POINT('',(2.68,0.0,0.0));
#4490=DIRECTION('',(1.0,0.0,0.0));
#4491=DIRECTION('',(0.0,1.0,0.0));
#4492=ORIENTED_EDGE('',*,*,#6920,.F.);
#4493=ORIENTED_EDGE('',*,*,#6921,.F.);
#4494=ORIENTED_EDGE('',*,*,#6922,.F.);
#4495=ORIENTED_EDGE('',*,*,#6923,.F.);
#4496=ORIENTED_EDGE('',*,*,#6924,.F.);
#4497=ORIENTED_EDGE('',*,*,#6925,.F.);
#4498=ORIENTED_EDGE('',*,*,#6926,.F.);
#4499=ORIENTED_EDGE('',*,*,#6856,.F.);
#4500=ORIENTED_EDGE('',*,*,#6334,.F.);
#4501=ORIENTED_EDGE('',*,*,#6927,.F.);
#4502=CARTESIAN_POINT('',(2.68,0.0,0.0));
#4503=DIRECTION('',(1.0,0.0,0.0));
#4504=DIRECTION('',(0.0,1.0,0.0));
#4505=ORIENTED_EDGE('',*,*,#6295,.F.);
#4506=ORIENTED_EDGE('',*,*,#6852,.F.);
#4507=ORIENTED_EDGE('',*,*,#6896,.F.);
#4508=ORIENTED_EDGE('',*,*,#6900,.F.);
#4509=ORIENTED_EDGE('',*,*,#6331,.F.);
#4510=ORIENTED_EDGE('',*,*,#6907,.T.);
#4511=ORIENTED_EDGE('',*,*,#6928,.F.);
#4512=ORIENTED_EDGE('',*,*,#6861,.F.);
#4513=CARTESIAN_POINT('',(3.32,-0.29,-3.455));
#4514=DIRECTION('',(0.0,-1.0,0.0));
#4515=DIRECTION('',(0.0,0.0,-1.0));
#4516=ORIENTED_EDGE('',*,*,#6928,.T.);
#4517=ORIENTED_EDGE('',*,*,#6906,.T.);
#4518=ORIENTED_EDGE('',*,*,#6886,.F.);
#4519=ORIENTED_EDGE('',*,*,#6862,.F.);
#4520=CARTESIAN_POINT('',(3.32,-0.29,-4.955));
#4521=DIRECTION('',(0.0,0.0,-1.0));
#4522=DIRECTION('',(0.0,-1.0,0.0));
#4523=ORIENTED_EDGE('',*,*,#6929,.T.);
#4524=ORIENTED_EDGE('',*,*,#6917,.T.);
#4525=ORIENTED_EDGE('',*,*,#6552,.T.);
#4526=ORIENTED_EDGE('',*,*,#6875,.F.);
#4527=CARTESIAN_POINT('',(3.32,1.21,2.555));
#4528=DIRECTION('',(0.0,-1.0,0.0));
#4529=DIRECTION('',(0.0,0.0,-1.0));
#4530=ORIENTED_EDGE('',*,*,#6327,.F.);
#4531=ORIENTED_EDGE('',*,*,#6915,.T.);
#4532=ORIENTED_EDGE('',*,*,#6930,.F.);
#4533=ORIENTED_EDGE('',*,*,#6864,.F.);
#4534=ORIENTED_EDGE('',*,*,#6299,.F.);
#4535=ORIENTED_EDGE('',*,*,#6847,.F.);
#4536=ORIENTED_EDGE('',*,*,#6892,.F.);
#4537=ORIENTED_EDGE('',*,*,#6899,.F.);
#4538=CARTESIAN_POINT('',(3.32,1.21,2.555));
#4539=DIRECTION('',(0.0,-1.0,0.0));
#4540=DIRECTION('',(0.0,0.0,-1.0));
#4541=ORIENTED_EDGE('',*,*,#6905,.T.);
#4542=ORIENTED_EDGE('',*,*,#6916,.T.);
#4543=ORIENTED_EDGE('',*,*,#6929,.F.);
#4544=ORIENTED_EDGE('',*,*,#6874,.F.);
#4545=CARTESIAN_POINT('',(3.32,1.85,2.555));
#4546=DIRECTION('',(0.0,0.0,1.0));
#4547=DIRECTION('',(1.0,0.0,0.0));
#4548=ORIENTED_EDGE('',*,*,#6930,.T.);
#4549=ORIENTED_EDGE('',*,*,#6914,.T.);
#4550=ORIENTED_EDGE('',*,*,#6931,.F.);
#4551=ORIENTED_EDGE('',*,*,#6865,.F.);
#4552=CARTESIAN_POINT('',(3.32,-0.12,-6.309133164221));
#4553=DIRECTION('',(-1.0,0.0,-0.0));
#4554=DIRECTION('',(0.0,0.0,-1.0));
#4555=ORIENTED_EDGE('',*,*,#6931,.T.);
#4556=ORIENTED_EDGE('',*,*,#6913,.T.);
#4557=ORIENTED_EDGE('',*,*,#6932,.F.);
#4558=ORIENTED_EDGE('',*,*,#6866,.F.);
#4559=CARTESIAN_POINT('',(3.32,1.21,-7.045));
#4560=DIRECTION('',(0.0,-1.0,0.0));
#4561=DIRECTION('',(0.0,0.0,-1.0));
#4562=ORIENTED_EDGE('',*,*,#6932,.T.);
#4563=ORIENTED_EDGE('',*,*,#6912,.T.);
#4564=ORIENTED_EDGE('',*,*,#6933,.F.);
#4565=ORIENTED_EDGE('',*,*,#6867,.F.);
#4566=CARTESIAN_POINT('',(3.32,1.21,-7.295));
#4567=DIRECTION('',(0.0,-0.970295726275989,-0.241921895599697));
#4568=DIRECTION('',(0.0,0.241921895599697,-0.970295726275989));
#4569=ORIENTED_EDGE('',*,*,#6933,.T.);
#4570=ORIENTED_EDGE('',*,*,#6911,.T.);
#4571=ORIENTED_EDGE('',*,*,#6934,.F.);
#4572=ORIENTED_EDGE('',*,*,#6868,.F.);
#4573=CARTESIAN_POINT('',(3.32,1.419435522388,-8.135));
#4574=DIRECTION('',(0.0,0.0,-1.0));
#4575=DIRECTION('',(0.0,-1.0,0.0));
#4576=ORIENTED_EDGE('',*,*,#6934,.T.);
#4577=ORIENTED_EDGE('',*,*,#6910,.T.);
#4578=ORIENTED_EDGE('',*,*,#6935,.F.);
#4579=ORIENTED_EDGE('',*,*,#6869,.F.);
#4580=CARTESIAN_POINT('',(3.32,1.640564477612,-8.135));
#4581=DIRECTION('',(0.0,0.970295726275989,-0.241921895599697));
#4582=DIRECTION('',(-1.0,0.0,0.0));
#4583=ORIENTED_EDGE('',*,*,#6935,.T.);
#4584=ORIENTED_EDGE('',*,*,#6909,.T.);
#4585=ORIENTED_EDGE('',*,*,#6936,.F.);
#4586=ORIENTED_EDGE('',*,*,#6870,.F.);
#4587=CARTESIAN_POINT('',(3.32,1.85,-7.295));
#4588=DIRECTION('',(-0.0,1.0,0.0));
#4589=DIRECTION('',(1.0,0.0,0.0));
#4590=ORIENTED_EDGE('',*,*,#6936,.T.);
#4591=ORIENTED_EDGE('',*,*,#6908,.T.);
#4592=ORIENTED_EDGE('',*,*,#6902,.F.);
#4593=ORIENTED_EDGE('',*,*,#6871,.F.);
#4594=CARTESIAN_POINT('',(3.32,0.52,-6.309133164221));
#4595=DIRECTION('',(-1.0,0.0,-0.0));
#4596=DIRECTION('',(0.0,0.0,-1.0));
#4597=ORIENTED_EDGE('',*,*,#6937,.T.);
#4598=ORIENTED_EDGE('',*,*,#6927,.T.);
#4599=ORIENTED_EDGE('',*,*,#6333,.T.);
#4600=ORIENTED_EDGE('',*,*,#6901,.T.);
#4601=ORIENTED_EDGE('',*,*,#6894,.T.);
#4602=ORIENTED_EDGE('',*,*,#6850,.T.);
#4603=ORIENTED_EDGE('',*,*,#6293,.T.);
#4604=ORIENTED_EDGE('',*,*,#6885,.F.);
#4605=CARTESIAN_POINT('',(3.32,-1.15,-5.573266328441));
#4606=DIRECTION('',(-0.0,1.0,0.0));
#4607=DIRECTION('',(1.0,0.0,0.0));
#4608=ORIENTED_EDGE('',*,*,#6919,.T.);
#4609=ORIENTED_EDGE('',*,*,#6938,.F.);
#4610=ORIENTED_EDGE('',*,*,#6876,.F.);
#4611=ORIENTED_EDGE('',*,*,#6545,.F.);
#4612=CARTESIAN_POINT('',(3.32,-1.15,-5.573266328441));
#4613=DIRECTION('',(-0.0,1.0,0.0));
#4614=DIRECTION('',(1.0,0.0,0.0));
#4615=ORIENTED_EDGE('',*,*,#6939,.T.);
#4616=ORIENTED_EDGE('',*,*,#6920,.T.);
#4617=ORIENTED_EDGE('',*,*,#6937,.F.);
#4618=ORIENTED_EDGE('',*,*,#6884,.F.);
#4619=CARTESIAN_POINT('',(3.32,0.18,-6.309133164221));
#4620=DIRECTION('',(-1.0,0.0,-0.0));
#4621=DIRECTION('',(0.0,0.0,-1.0));
#4622=ORIENTED_EDGE('',*,*,#6940,.T.);
#4623=ORIENTED_EDGE('',*,*,#6921,.T.);
#4624=ORIENTED_EDGE('',*,*,#6939,.F.);
#4625=ORIENTED_EDGE('',*,*,#6883,.F.);
#4626=CARTESIAN_POINT('',(3.32,-1.15,-7.295));
#4627=DIRECTION('',(-0.0,1.0,0.0));
#4628=DIRECTION('',(1.0,0.0,0.0));
#4629=ORIENTED_EDGE('',*,*,#6941,.T.);
#4630=ORIENTED_EDGE('',*,*,#6922,.T.);
#4631=ORIENTED_EDGE('',*,*,#6940,.F.);
#4632=ORIENTED_EDGE('',*,*,#6882,.F.);
#4633=CARTESIAN_POINT('',(3.32,-1.359435522388,-8.135));
#4634=DIRECTION('',(0.0,0.970295726275989,-0.241921895599697));
#4635=DIRECTION('',(-1.0,0.0,0.0));
#4636=ORIENTED_EDGE('',*,*,#6942,.T.);
#4637=ORIENTED_EDGE('',*,*,#6923,.T.);
#4638=ORIENTED_EDGE('',*,*,#6941,.F.);
#4639=ORIENTED_EDGE('',*,*,#6881,.F.);
#4640=CARTESIAN_POINT('',(3.32,-1.580564477612,-8.135));
#4641=DIRECTION('',(0.0,0.0,-1.0));
#4642=DIRECTION('',(0.0,-1.0,0.0));
#4643=ORIENTED_EDGE('',*,*,#6943,.T.);
#4644=ORIENTED_EDGE('',*,*,#6924,.T.);
#4645=ORIENTED_EDGE('',*,*,#6942,.F.);
#4646=ORIENTED_EDGE('',*,*,#6880,.F.);
#4647=CARTESIAN_POINT('',(3.32,-1.79,-7.295));
#4648=DIRECTION('',(0.0,-0.970295726275989,-0.241921895599697));
#4649=DIRECTION('',(0.0,0.241921895599697,-0.970295726275989));
#4650=ORIENTED_EDGE('',*,*,#6944,.T.);
#4651=ORIENTED_EDGE('',*,*,#6925,.T.);
#4652=ORIENTED_EDGE('',*,*,#6943,.F.);
#4653=ORIENTED_EDGE('',*,*,#6879,.F.);
#4654=CARTESIAN_POINT('',(3.32,-1.79,-7.045));
#4655=DIRECTION('',(0.0,-1.0,0.0));
#4656=DIRECTION('',(0.0,0.0,-1.0));
#4657=ORIENTED_EDGE('',*,*,#6857,.T.);
#4658=ORIENTED_EDGE('',*,*,#6926,.T.);
#4659=ORIENTED_EDGE('',*,*,#6944,.F.);
#4660=ORIENTED_EDGE('',*,*,#6878,.F.);
#4661=CARTESIAN_POINT('',(3.32,-0.46,-6.309133164221));
#4662=DIRECTION('',(-1.0,0.0,-0.0));
#4663=DIRECTION('',(0.0,0.0,-1.0));
#4664=ORIENTED_EDGE('',*,*,#6938,.T.);
#4665=ORIENTED_EDGE('',*,*,#6918,.T.);
#4666=ORIENTED_EDGE('',*,*,#6853,.F.);
#4667=ORIENTED_EDGE('',*,*,#6877,.F.);
#4668=CARTESIAN_POINT('',(3.32,-1.15,2.555));
#4669=DIRECTION('',(0.0,0.0,1.0));
#4670=DIRECTION('',(1.0,0.0,0.0));
#4671=ORIENTED_EDGE('',*,*,#6782,.F.);
#4672=ORIENTED_EDGE('',*,*,#6794,.T.);
#4673=ORIENTED_EDGE('',*,*,#6213,.T.);
#4674=ORIENTED_EDGE('',*,*,#6945,.F.);
#4675=ORIENTED_EDGE('',*,*,#6946,.T.);
#4676=ORIENTED_EDGE('',*,*,#6338,.F.);
#4677=CARTESIAN_POINT('',(0.2985,3.43,-3.955));
#4678=DIRECTION('',(1.0,0.0,0.0));
#4679=DIRECTION('',(0.0,1.0,0.0));
#4680=ORIENTED_EDGE('',*,*,#6947,.F.);
#4681=ORIENTED_EDGE('',*,*,#6948,.F.);
#4682=ORIENTED_EDGE('',*,*,#6447,.F.);
#4683=ORIENTED_EDGE('',*,*,#6736,.F.);
#4684=CARTESIAN_POINT('',(0.2985,3.43,-3.955));
#4685=DIRECTION('',(1.0,0.0,0.0));
#4686=DIRECTION('',(0.0,1.0,0.0));
#4687=ORIENTED_EDGE('',*,*,#6949,.T.);
#4688=ORIENTED_EDGE('',*,*,#6322,.F.);
#4689=ORIENTED_EDGE('',*,*,#6950,.F.);
#4690=ORIENTED_EDGE('',*,*,#6951,.F.);
#4691=CARTESIAN_POINT('',(0.2985,3.43,-3.955));
#4692=DIRECTION('',(1.0,0.0,0.0));
#4693=DIRECTION('',(0.0,1.0,0.0));
#4694=ORIENTED_EDGE('',*,*,#6952,.F.);
#4695=ORIENTED_EDGE('',*,*,#6953,.F.);
#4696=ORIENTED_EDGE('',*,*,#6954,.T.);
#4697=ORIENTED_EDGE('',*,*,#6318,.F.);
#4698=CARTESIAN_POINT('',(0.2985,3.43,-3.955));
#4699=DIRECTION('',(1.0,0.0,0.0));
#4700=DIRECTION('',(0.0,1.0,0.0));
#4701=ORIENTED_EDGE('',*,*,#6955,.T.);
#4702=ORIENTED_EDGE('',*,*,#6956,.T.);
#4703=ORIENTED_EDGE('',*,*,#6570,.T.);
#4704=ORIENTED_EDGE('',*,*,#6957,.F.);
#4705=CARTESIAN_POINT('',(0.32,-1.79,2.555));
#4706=DIRECTION('',(0.0,-1.0,0.0));
#4707=DIRECTION('',(0.0,0.0,-1.0));
#4708=ORIENTED_EDGE('',*,*,#6359,.F.);
#4709=ORIENTED_EDGE('',*,*,#6958,.T.);
#4710=ORIENTED_EDGE('',*,*,#6959,.F.);
#4711=ORIENTED_EDGE('',*,*,#6960,.F.);
#4712=ORIENTED_EDGE('',*,*,#6315,.F.);
#4713=ORIENTED_EDGE('',*,*,#6946,.F.);
#4714=ORIENTED_EDGE('',*,*,#6961,.F.);
#4715=ORIENTED_EDGE('',*,*,#6962,.F.);
#4716=CARTESIAN_POINT('',(0.32,-1.79,2.555));
#4717=DIRECTION('',(0.0,-1.0,0.0));
#4718=DIRECTION('',(0.0,0.0,-1.0));
#4719=ORIENTED_EDGE('',*,*,#6320,.T.);
#4720=ORIENTED_EDGE('',*,*,#6963,.T.);
#4721=ORIENTED_EDGE('',*,*,#6964,.T.);
#4722=ORIENTED_EDGE('',*,*,#6965,.T.);
#4723=CARTESIAN_POINT('',(0.32,0.0,0.0));
#4724=DIRECTION('',(1.0,0.0,0.0));
#4725=DIRECTION('',(0.0,1.0,0.0));
#4726=ORIENTED_EDGE('',*,*,#6564,.T.);
#4727=ORIENTED_EDGE('',*,*,#6966,.T.);
#4728=ORIENTED_EDGE('',*,*,#6967,.T.);
#4729=ORIENTED_EDGE('',*,*,#6968,.T.);
#4730=CARTESIAN_POINT('',(0.32,0.0,0.0));
#4731=DIRECTION('',(1.0,0.0,0.0));
#4732=DIRECTION('',(0.0,1.0,0.0));
#4733=ORIENTED_EDGE('',*,*,#6734,.F.);
#4734=ORIENTED_EDGE('',*,*,#6758,.F.);
#4735=ORIENTED_EDGE('',*,*,#6324,.T.);
#4736=ORIENTED_EDGE('',*,*,#6969,.T.);
#4737=ORIENTED_EDGE('',*,*,#6970,.T.);
#4738=ORIENTED_EDGE('',*,*,#6971,.T.);
#4739=ORIENTED_EDGE('',*,*,#6972,.T.);
#4740=ORIENTED_EDGE('',*,*,#6973,.T.);
#4741=ORIENTED_EDGE('',*,*,#6974,.T.);
#4742=ORIENTED_EDGE('',*,*,#6975,.T.);
#4743=ORIENTED_EDGE('',*,*,#6976,.T.);
#4744=ORIENTED_EDGE('',*,*,#6977,.T.);
#4745=CARTESIAN_POINT('',(0.32,0.0,0.0));
#4746=DIRECTION('',(1.0,0.0,0.0));
#4747=DIRECTION('',(0.0,1.0,0.0));
#4748=ORIENTED_EDGE('',*,*,#6573,.T.);
#4749=ORIENTED_EDGE('',*,*,#6978,.T.);
#4750=ORIENTED_EDGE('',*,*,#6979,.T.);
#4751=ORIENTED_EDGE('',*,*,#6957,.T.);
#4752=CARTESIAN_POINT('',(0.32,0.0,0.0));
#4753=DIRECTION('',(1.0,0.0,0.0));
#4754=DIRECTION('',(0.0,1.0,0.0));
#4755=ORIENTED_EDGE('',*,*,#6316,.T.);
#4756=ORIENTED_EDGE('',*,*,#6960,.T.);
#4757=ORIENTED_EDGE('',*,*,#6980,.T.);
#4758=ORIENTED_EDGE('',*,*,#6981,.T.);
#4759=ORIENTED_EDGE('',*,*,#6982,.T.);
#4760=ORIENTED_EDGE('',*,*,#6983,.T.);
#4761=ORIENTED_EDGE('',*,*,#6984,.T.);
#4762=ORIENTED_EDGE('',*,*,#6985,.T.);
#4763=ORIENTED_EDGE('',*,*,#6986,.T.);
#4764=ORIENTED_EDGE('',*,*,#6987,.T.);
#4765=CARTESIAN_POINT('',(0.32,0.0,0.0));
#4766=DIRECTION('',(1.0,0.0,0.0));
#4767=DIRECTION('',(0.0,1.0,0.0));
#4768=ORIENTED_EDGE('',*,*,#6988,.T.);
#4769=ORIENTED_EDGE('',*,*,#6989,.T.);
#4770=ORIENTED_EDGE('',*,*,#6353,.T.);
#4771=ORIENTED_EDGE('',*,*,#6990,.T.);
#4772=ORIENTED_EDGE('',*,*,#6991,.T.);
#4773=ORIENTED_EDGE('',*,*,#6950,.T.);
#4774=ORIENTED_EDGE('',*,*,#6321,.T.);
#4775=ORIENTED_EDGE('',*,*,#6965,.F.);
#4776=CARTESIAN_POINT('',(0.32,0.35,-4.955));
#4777=DIRECTION('',(-0.0,1.0,0.0));
#4778=DIRECTION('',(1.0,0.0,0.0));
#4779=ORIENTED_EDGE('',*,*,#6448,.T.);
#4780=ORIENTED_EDGE('',*,*,#6948,.T.);
#4781=ORIENTED_EDGE('',*,*,#6992,.F.);
#4782=ORIENTED_EDGE('',*,*,#6993,.F.);
#4783=CARTESIAN_POINT('',(-0.2985,3.43,-3.955));
#4784=DIRECTION('',(0.0,0.0,1.0));
#4785=DIRECTION('',(1.0,0.0,0.0));
#4786=ORIENTED_EDGE('',*,*,#6994,.T.);
#4787=ORIENTED_EDGE('',*,*,#6951,.T.);
#4788=ORIENTED_EDGE('',*,*,#6991,.F.);
#4789=ORIENTED_EDGE('',*,*,#6995,.F.);
#4790=CARTESIAN_POINT('',(-0.2985,3.43,-3.955));
#4791=DIRECTION('',(0.0,0.0,1.0));
#4792=DIRECTION('',(1.0,0.0,0.0));
#4793=ORIENTED_EDGE('',*,*,#6953,.T.);
#4794=ORIENTED_EDGE('',*,*,#6996,.F.);
#4795=ORIENTED_EDGE('',*,*,#6997,.F.);
#4796=ORIENTED_EDGE('',*,*,#6998,.T.);
#4797=CARTESIAN_POINT('',(-0.2985,3.43,-3.955));
#4798=DIRECTION('',(0.0,0.0,1.0));
#4799=DIRECTION('',(1.0,0.0,0.0));
#4800=ORIENTED_EDGE('',*,*,#6945,.T.);
#4801=ORIENTED_EDGE('',*,*,#6212,.F.);
#4802=ORIENTED_EDGE('',*,*,#6999,.F.);
#4803=ORIENTED_EDGE('',*,*,#6961,.T.);
#4804=CARTESIAN_POINT('',(-0.2985,3.43,-3.955));
#4805=DIRECTION('',(0.0,0.0,1.0));
#4806=DIRECTION('',(1.0,0.0,0.0));
#4807=ORIENTED_EDGE('',*,*,#6962,.T.);
#4808=ORIENTED_EDGE('',*,*,#6999,.T.);
#4809=ORIENTED_EDGE('',*,*,#6211,.F.);
#4810=ORIENTED_EDGE('',*,*,#6795,.F.);
#4811=ORIENTED_EDGE('',*,*,#6783,.T.);
#4812=ORIENTED_EDGE('',*,*,#6360,.T.);
#4813=CARTESIAN_POINT('',(-0.2985,3.43,-4.955));
#4814=DIRECTION('',(-1.0,0.0,0.0));
#4815=DIRECTION('',(0.0,0.0,1.0));
#4816=ORIENTED_EDGE('',*,*,#6449,.T.);
#4817=ORIENTED_EDGE('',*,*,#6993,.T.);
#4818=ORIENTED_EDGE('',*,*,#7000,.F.);
#4819=ORIENTED_EDGE('',*,*,#6737,.T.);
#4820=CARTESIAN_POINT('',(-0.2985,3.43,-4.955));
#4821=DIRECTION('',(-1.0,0.0,0.0));
#4822=DIRECTION('',(0.0,0.0,1.0));
#4823=ORIENTED_EDGE('',*,*,#6990,.F.);
#4824=ORIENTED_EDGE('',*,*,#6352,.T.);
#4825=ORIENTED_EDGE('',*,*,#7001,.T.);
#4826=ORIENTED_EDGE('',*,*,#6995,.T.);
#4827=CARTESIAN_POINT('',(-0.2985,3.43,-4.955));
#4828=DIRECTION('',(-1.0,0.0,0.0));
#4829=DIRECTION('',(0.0,0.0,1.0));
#4830=ORIENTED_EDGE('',*,*,#7002,.T.);
#4831=ORIENTED_EDGE('',*,*,#6997,.T.);
#4832=ORIENTED_EDGE('',*,*,#7003,.F.);
#4833=ORIENTED_EDGE('',*,*,#6356,.T.);
#4834=CARTESIAN_POINT('',(-0.2985,3.43,-4.955));
#4835=DIRECTION('',(-1.0,0.0,0.0));
#4836=DIRECTION('',(0.0,0.0,1.0));
#4837=ORIENTED_EDGE('',*,*,#7004,.T.);
#4838=ORIENTED_EDGE('',*,*,#7005,.T.);
#4839=ORIENTED_EDGE('',*,*,#6738,.T.);
#4840=ORIENTED_EDGE('',*,*,#7000,.T.);
#4841=ORIENTED_EDGE('',*,*,#6992,.T.);
#4842=ORIENTED_EDGE('',*,*,#6947,.T.);
#4843=ORIENTED_EDGE('',*,*,#6735,.T.);
#4844=ORIENTED_EDGE('',*,*,#6977,.F.);
#4845=CARTESIAN_POINT('',(0.32,1.85,-5.573266328441));
#4846=DIRECTION('',(-0.0,1.0,0.0));
#4847=DIRECTION('',(1.0,0.0,0.0));
#4848=ORIENTED_EDGE('',*,*,#7006,.T.);
#4849=ORIENTED_EDGE('',*,*,#7007,.F.);
#4850=ORIENTED_EDGE('',*,*,#6966,.F.);
#4851=ORIENTED_EDGE('',*,*,#6563,.F.);
#4852=CARTESIAN_POINT('',(0.32,1.85,-5.573266328441));
#4853=DIRECTION('',(-0.0,1.0,0.0));
#4854=DIRECTION('',(1.0,0.0,0.0));
#4855=ORIENTED_EDGE('',*,*,#7008,.F.);
#4856=ORIENTED_EDGE('',*,*,#7009,.F.);
#4857=ORIENTED_EDGE('',*,*,#6354,.F.);
#4858=ORIENTED_EDGE('',*,*,#6989,.F.);
#4859=CARTESIAN_POINT('',(-0.32,0.0,0.0));
#4860=DIRECTION('',(1.0,0.0,0.0));
#4861=DIRECTION('',(0.0,1.0,0.0));
#4862=ORIENTED_EDGE('',*,*,#7010,.F.);
#4863=ORIENTED_EDGE('',*,*,#7006,.F.);
#4864=ORIENTED_EDGE('',*,*,#6562,.F.);
#4865=ORIENTED_EDGE('',*,*,#7011,.F.);
#4866=CARTESIAN_POINT('',(-0.32,0.0,0.0));
#4867=DIRECTION('',(1.0,0.0,0.0));
#4868=DIRECTION('',(0.0,1.0,0.0));
#4869=ORIENTED_EDGE('',*,*,#7012,.F.);
#4870=ORIENTED_EDGE('',*,*,#7013,.F.);
#4871=ORIENTED_EDGE('',*,*,#7014,.F.);
#4872=ORIENTED_EDGE('',*,*,#7015,.F.);
#4873=ORIENTED_EDGE('',*,*,#7016,.F.);
#4874=ORIENTED_EDGE('',*,*,#7017,.F.);
#4875=ORIENTED_EDGE('',*,*,#7018,.F.);
#4876=ORIENTED_EDGE('',*,*,#7019,.F.);
#4877=ORIENTED_EDGE('',*,*,#6350,.F.);
#4878=ORIENTED_EDGE('',*,*,#6759,.T.);
#4879=ORIENTED_EDGE('',*,*,#6739,.T.);
#4880=ORIENTED_EDGE('',*,*,#7005,.F.);
#4881=CARTESIAN_POINT('',(-0.32,0.0,0.0));
#4882=DIRECTION('',(1.0,0.0,0.0));
#4883=DIRECTION('',(0.0,1.0,0.0));
#4884=ORIENTED_EDGE('',*,*,#7020,.F.);
#4885=ORIENTED_EDGE('',*,*,#7021,.F.);
#4886=ORIENTED_EDGE('',*,*,#6571,.F.);
#4887=ORIENTED_EDGE('',*,*,#6956,.F.);
#4888=CARTESIAN_POINT('',(-0.32,0.0,0.0));
#4889=DIRECTION('',(1.0,0.0,0.0));
#4890=DIRECTION('',(0.0,1.0,0.0));
#4891=ORIENTED_EDGE('',*,*,#7022,.F.);
#4892=ORIENTED_EDGE('',*,*,#7023,.F.);
#4893=ORIENTED_EDGE('',*,*,#7024,.F.);
#4894=ORIENTED_EDGE('',*,*,#7025,.F.);
#4895=ORIENTED_EDGE('',*,*,#7026,.F.);
#4896=ORIENTED_EDGE('',*,*,#7027,.F.);
#4897=ORIENTED_EDGE('',*,*,#7028,.F.);
#4898=ORIENTED_EDGE('',*,*,#6958,.F.);
#4899=ORIENTED_EDGE('',*,*,#6358,.F.);
#4900=ORIENTED_EDGE('',*,*,#7029,.F.);
#4901=CARTESIAN_POINT('',(-0.32,0.0,0.0));
#4902=DIRECTION('',(1.0,0.0,0.0));
#4903=DIRECTION('',(0.0,1.0,0.0));
#4904=ORIENTED_EDGE('',*,*,#6319,.F.);
#4905=ORIENTED_EDGE('',*,*,#6954,.F.);
#4906=ORIENTED_EDGE('',*,*,#6998,.F.);
#4907=ORIENTED_EDGE('',*,*,#7002,.F.);
#4908=ORIENTED_EDGE('',*,*,#6355,.F.);
#4909=ORIENTED_EDGE('',*,*,#7009,.T.);
#4910=ORIENTED_EDGE('',*,*,#7030,.F.);
#4911=ORIENTED_EDGE('',*,*,#6963,.F.);
#4912=CARTESIAN_POINT('',(0.32,-0.29,-3.455));
#4913=DIRECTION('',(0.0,-1.0,0.0));
#4914=DIRECTION('',(0.0,0.0,-1.0));
#4915=ORIENTED_EDGE('',*,*,#7030,.T.);
#4916=ORIENTED_EDGE('',*,*,#7008,.T.);
#4917=ORIENTED_EDGE('',*,*,#6988,.F.);
#4918=ORIENTED_EDGE('',*,*,#6964,.F.);
#4919=CARTESIAN_POINT('',(0.32,-0.29,-4.955));
#4920=DIRECTION('',(0.0,0.0,-1.0));
#4921=DIRECTION('',(0.0,-1.0,0.0));
#4922=ORIENTED_EDGE('',*,*,#7031,.T.);
#4923=ORIENTED_EDGE('',*,*,#7011,.T.);
#4924=ORIENTED_EDGE('',*,*,#6561,.T.);
#4925=ORIENTED_EDGE('',*,*,#6968,.F.);
#4926=CARTESIAN_POINT('',(0.32,1.21,2.555));
#4927=DIRECTION('',(0.0,-1.0,0.0));
#4928=DIRECTION('',(0.0,0.0,-1.0));
#4929=ORIENTED_EDGE('',*,*,#6351,.F.);
#4930=ORIENTED_EDGE('',*,*,#7019,.T.);
#4931=ORIENTED_EDGE('',*,*,#7032,.F.);
#4932=ORIENTED_EDGE('',*,*,#6969,.F.);
#4933=ORIENTED_EDGE('',*,*,#6323,.F.);
#4934=ORIENTED_EDGE('',*,*,#6949,.F.);
#4935=ORIENTED_EDGE('',*,*,#6994,.F.);
#4936=ORIENTED_EDGE('',*,*,#7001,.F.);
#4937=CARTESIAN_POINT('',(0.32,1.21,2.555));
#4938=DIRECTION('',(0.0,-1.0,0.0));
#4939=DIRECTION('',(0.0,0.0,-1.0));
#4940=ORIENTED_EDGE('',*,*,#7007,.T.);
#4941=ORIENTED_EDGE('',*,*,#7010,.T.);
#4942=ORIENTED_EDGE('',*,*,#7031,.F.);
#4943=ORIENTED_EDGE('',*,*,#6967,.F.);
#4944=CARTESIAN_POINT('',(0.32,1.85,2.555));
#4945=DIRECTION('',(0.0,0.0,1.0));
#4946=DIRECTION('',(1.0,0.0,0.0));
#4947=ORIENTED_EDGE('',*,*,#7032,.T.);
#4948=ORIENTED_EDGE('',*,*,#7018,.T.);
#4949=ORIENTED_EDGE('',*,*,#7033,.F.);
#4950=ORIENTED_EDGE('',*,*,#6970,.F.);
#4951=CARTESIAN_POINT('',(0.32,-0.12,-6.309133164221));
#4952=DIRECTION('',(-1.0,0.0,-0.0));
#4953=DIRECTION('',(0.0,0.0,-1.0));
#4954=ORIENTED_EDGE('',*,*,#7033,.T.);
#4955=ORIENTED_EDGE('',*,*,#7017,.T.);
#4956=ORIENTED_EDGE('',*,*,#7034,.F.);
#4957=ORIENTED_EDGE('',*,*,#6971,.F.);
#4958=CARTESIAN_POINT('',(0.32,1.21,-7.045));
#4959=DIRECTION('',(0.0,-1.0,0.0));
#4960=DIRECTION('',(0.0,0.0,-1.0));
#4961=ORIENTED_EDGE('',*,*,#7034,.T.);
#4962=ORIENTED_EDGE('',*,*,#7016,.T.);
#4963=ORIENTED_EDGE('',*,*,#7035,.F.);
#4964=ORIENTED_EDGE('',*,*,#6972,.F.);
#4965=CARTESIAN_POINT('',(0.32,1.21,-7.295));
#4966=DIRECTION('',(0.0,-0.970295726275989,-0.241921895599697));
#4967=DIRECTION('',(0.0,0.241921895599697,-0.970295726275989));
#4968=ORIENTED_EDGE('',*,*,#7035,.T.);
#4969=ORIENTED_EDGE('',*,*,#7015,.T.);
#4970=ORIENTED_EDGE('',*,*,#7036,.F.);
#4971=ORIENTED_EDGE('',*,*,#6973,.F.);
#4972=CARTESIAN_POINT('',(0.32,1.419435522388,-8.135));
#4973=DIRECTION('',(0.0,0.0,-1.0));
#4974=DIRECTION('',(0.0,-1.0,0.0));
#4975=ORIENTED_EDGE('',*,*,#7036,.T.);
#4976=ORIENTED_EDGE('',*,*,#7014,.T.);
#4977=ORIENTED_EDGE('',*,*,#7037,.F.);
#4978=ORIENTED_EDGE('',*,*,#6974,.F.);
#4979=CARTESIAN_POINT('',(0.32,1.640564477612,-8.135));
#4980=DIRECTION('',(0.0,0.970295726275989,-0.241921895599697));
#4981=DIRECTION('',(-1.0,0.0,0.0));
#4982=ORIENTED_EDGE('',*,*,#7037,.T.);
#4983=ORIENTED_EDGE('',*,*,#7013,.T.);
#4984=ORIENTED_EDGE('',*,*,#7038,.F.);
#4985=ORIENTED_EDGE('',*,*,#6975,.F.);
#4986=CARTESIAN_POINT('',(0.32,1.85,-7.295));
#4987=DIRECTION('',(-0.0,1.0,0.0));
#4988=DIRECTION('',(1.0,0.0,0.0));
#4989=ORIENTED_EDGE('',*,*,#7038,.T.);
#4990=ORIENTED_EDGE('',*,*,#7012,.T.);
#4991=ORIENTED_EDGE('',*,*,#7004,.F.);
#4992=ORIENTED_EDGE('',*,*,#6976,.F.);
#4993=CARTESIAN_POINT('',(0.32,0.52,-6.309133164221));
#4994=DIRECTION('',(-1.0,0.0,-0.0));
#4995=DIRECTION('',(0.0,0.0,-1.0));
#4996=ORIENTED_EDGE('',*,*,#7039,.T.);
#4997=ORIENTED_EDGE('',*,*,#7029,.T.);
#4998=ORIENTED_EDGE('',*,*,#6357,.T.);
#4999=ORIENTED_EDGE('',*,*,#7003,.T.);
#5000=ORIENTED_EDGE('',*,*,#6996,.T.);
#5001=ORIENTED_EDGE('',*,*,#6952,.T.);
#5002=ORIENTED_EDGE('',*,*,#6317,.T.);
#5003=ORIENTED_EDGE('',*,*,#6987,.F.);
#5004=CARTESIAN_POINT('',(0.32,-1.15,-5.573266328441));
#5005=DIRECTION('',(-0.0,1.0,0.0));
#5006=DIRECTION('',(1.0,0.0,0.0));
#5007=ORIENTED_EDGE('',*,*,#7021,.T.);
#5008=ORIENTED_EDGE('',*,*,#7040,.F.);
#5009=ORIENTED_EDGE('',*,*,#6978,.F.);
#5010=ORIENTED_EDGE('',*,*,#6572,.F.);
#5011=CARTESIAN_POINT('',(0.32,-1.15,-5.573266328441));
#5012=DIRECTION('',(-0.0,1.0,0.0));
#5013=DIRECTION('',(1.0,0.0,0.0));
#5014=ORIENTED_EDGE('',*,*,#7041,.T.);
#5015=ORIENTED_EDGE('',*,*,#7022,.T.);
#5016=ORIENTED_EDGE('',*,*,#7039,.F.);
#5017=ORIENTED_EDGE('',*,*,#6986,.F.);
#5018=CARTESIAN_POINT('',(0.32,0.18,-6.309133164221));
#5019=DIRECTION('',(-1.0,0.0,-0.0));
#5020=DIRECTION('',(0.0,0.0,-1.0));
#5021=ORIENTED_EDGE('',*,*,#7042,.T.);
#5022=ORIENTED_EDGE('',*,*,#7023,.T.);
#5023=ORIENTED_EDGE('',*,*,#7041,.F.);
#5024=ORIENTED_EDGE('',*,*,#6985,.F.);
#5025=CARTESIAN_POINT('',(0.32,-1.15,-7.295));
#5026=DIRECTION('',(-0.0,1.0,0.0));
#5027=DIRECTION('',(1.0,0.0,0.0));
#5028=ORIENTED_EDGE('',*,*,#7043,.T.);
#5029=ORIENTED_EDGE('',*,*,#7024,.T.);
#5030=ORIENTED_EDGE('',*,*,#7042,.F.);
#5031=ORIENTED_EDGE('',*,*,#6984,.F.);
#5032=CARTESIAN_POINT('',(0.32,-1.359435522388,-8.135));
#5033=DIRECTION('',(0.0,0.970295726275989,-0.241921895599697));
#5034=DIRECTION('',(-1.0,0.0,0.0));
#5035=ORIENTED_EDGE('',*,*,#7044,.T.);
#5036=ORIENTED_EDGE('',*,*,#7025,.T.);
#5037=ORIENTED_EDGE('',*,*,#7043,.F.);
#5038=ORIENTED_EDGE('',*,*,#6983,.F.);
#5039=CARTESIAN_POINT('',(0.32,-1.580564477612,-8.135));
#5040=DIRECTION('',(0.0,0.0,-1.0));
#5041=DIRECTION('',(0.0,-1.0,0.0));
#5042=ORIENTED_EDGE('',*,*,#7045,.T.);
#5043=ORIENTED_EDGE('',*,*,#7026,.T.);
#5044=ORIENTED_EDGE('',*,*,#7044,.F.);
#5045=ORIENTED_EDGE('',*,*,#6982,.F.);
#5046=CARTESIAN_POINT('',(0.32,-1.79,-7.295));
#5047=DIRECTION('',(0.0,-0.970295726275989,-0.241921895599697));
#5048=DIRECTION('',(0.0,0.241921895599697,-0.970295726275989));
#5049=ORIENTED_EDGE('',*,*,#7046,.T.);
#5050=ORIENTED_EDGE('',*,*,#7027,.T.);
#5051=ORIENTED_EDGE('',*,*,#7045,.F.);
#5052=ORIENTED_EDGE('',*,*,#6981,.F.);
#5053=CARTESIAN_POINT('',(0.32,-1.79,-7.045));
#5054=DIRECTION('',(0.0,-1.0,0.0));
#5055=DIRECTION('',(0.0,0.0,-1.0));
#5056=ORIENTED_EDGE('',*,*,#6959,.T.);
#5057=ORIENTED_EDGE('',*,*,#7028,.T.);
#5058=ORIENTED_EDGE('',*,*,#7046,.F.);
#5059=ORIENTED_EDGE('',*,*,#6980,.F.);
#5060=CARTESIAN_POINT('',(0.32,-0.46,-6.309133164221));
#5061=DIRECTION('',(-1.0,0.0,-0.0));
#5062=DIRECTION('',(0.0,0.0,-1.0));
#5063=ORIENTED_EDGE('',*,*,#7040,.T.);
#5064=ORIENTED_EDGE('',*,*,#7020,.T.);
#5065=ORIENTED_EDGE('',*,*,#6955,.F.);
#5066=ORIENTED_EDGE('',*,*,#6979,.F.);
#5067=CARTESIAN_POINT('',(0.32,-1.15,2.555));
#5068=DIRECTION('',(0.0,0.0,1.0));
#5069=DIRECTION('',(1.0,0.0,0.0));
#5070=ORIENTED_EDGE('',*,*,#6785,.F.);
#5071=ORIENTED_EDGE('',*,*,#6796,.T.);
#5072=ORIENTED_EDGE('',*,*,#6209,.T.);
#5073=ORIENTED_EDGE('',*,*,#7047,.F.);
#5074=ORIENTED_EDGE('',*,*,#7048,.T.);
#5075=ORIENTED_EDGE('',*,*,#6362,.F.);
#5076=CARTESIAN_POINT('',(-2.7015,3.43,-3.955));
#5077=DIRECTION('',(1.0,0.0,0.0));
#5078=DIRECTION('',(0.0,1.0,0.0));
#5079=ORIENTED_EDGE('',*,*,#7049,.F.);
#5080=ORIENTED_EDGE('',*,*,#7050,.F.);
#5081=ORIENTED_EDGE('',*,*,#6451,.F.);
#5082=ORIENTED_EDGE('',*,*,#6743,.F.);
#5083=CARTESIAN_POINT('',(-2.7015,3.43,-3.955));
#5084=DIRECTION('',(1.0,0.0,0.0));
#5085=DIRECTION('',(0.0,1.0,0.0));
#5086=ORIENTED_EDGE('',*,*,#7051,.T.);
#5087=ORIENTED_EDGE('',*,*,#6346,.F.);
#5088=ORIENTED_EDGE('',*,*,#7052,.F.);
#5089=ORIENTED_EDGE('',*,*,#7053,.F.);
#5090=CARTESIAN_POINT('',(-2.7015,3.43,-3.955));
#5091=DIRECTION('',(1.0,0.0,0.0));
#5092=DIRECTION('',(0.0,1.0,0.0));
#5093=ORIENTED_EDGE('',*,*,#7054,.F.);
#5094=ORIENTED_EDGE('',*,*,#7055,.F.);
#5095=ORIENTED_EDGE('',*,*,#7056,.T.);
#5096=ORIENTED_EDGE('',*,*,#6342,.F.);
#5097=CARTESIAN_POINT('',(-2.7015,3.43,-3.955));
#5098=DIRECTION('',(1.0,0.0,0.0));
#5099=DIRECTION('',(0.0,1.0,0.0));
#5100=ORIENTED_EDGE('',*,*,#7057,.T.);
#5101=ORIENTED_EDGE('',*,*,#7058,.T.);
#5102=ORIENTED_EDGE('',*,*,#6579,.T.);
#5103=ORIENTED_EDGE('',*,*,#7059,.F.);
#5104=CARTESIAN_POINT('',(-2.68,-1.79,2.555));
#5105=DIRECTION('',(0.0,-1.0,0.0));
#5106=DIRECTION('',(0.0,0.0,-1.0));
#5107=ORIENTED_EDGE('',*,*,#6398,.F.);
#5108=ORIENTED_EDGE('',*,*,#7060,.T.);
#5109=ORIENTED_EDGE('',*,*,#7061,.F.);
#5110=ORIENTED_EDGE('',*,*,#7062,.F.);
#5111=ORIENTED_EDGE('',*,*,#6339,.F.);
#5112=ORIENTED_EDGE('',*,*,#7048,.F.);
#5113=ORIENTED_EDGE('',*,*,#7063,.F.);
#5114=ORIENTED_EDGE('',*,*,#7064,.F.);
#5115=CARTESIAN_POINT('',(-2.68,-1.79,2.555));
#5116=DIRECTION('',(0.0,-1.0,0.0));
#5117=DIRECTION('',(0.0,0.0,-1.0));
#5118=ORIENTED_EDGE('',*,*,#6344,.T.);
#5119=ORIENTED_EDGE('',*,*,#7065,.T.);
#5120=ORIENTED_EDGE('',*,*,#7066,.T.);
#5121=ORIENTED_EDGE('',*,*,#7067,.T.);
#5122=CARTESIAN_POINT('',(-2.68,0.0,0.0));
#5123=DIRECTION('',(1.0,0.0,0.0));
#5124=DIRECTION('',(0.0,1.0,0.0));
#5125=ORIENTED_EDGE('',*,*,#7068,.T.);
#5126=ORIENTED_EDGE('',*,*,#7069,.T.);
#5127=ORIENTED_EDGE('',*,*,#7070,.T.);
#5128=ORIENTED_EDGE('',*,*,#7071,.T.);
#5129=ORIENTED_EDGE('',*,*,#7072,.T.);
#5130=ORIENTED_EDGE('',*,*,#7073,.T.);
#5131=ORIENTED_EDGE('',*,*,#7074,.T.);
#5132=ORIENTED_EDGE('',*,*,#7075,.T.);
#5133=ORIENTED_EDGE('',*,*,#7076,.T.);
#5134=ORIENTED_EDGE('',*,*,#6741,.F.);
#5135=ORIENTED_EDGE('',*,*,#6760,.F.);
#5136=ORIENTED_EDGE('',*,*,#6348,.T.);
#5137=CARTESIAN_POINT('',(-2.68,0.0,0.0));
#5138=DIRECTION('',(1.0,0.0,0.0));
#5139=DIRECTION('',(0.0,1.0,0.0));
#5140=ORIENTED_EDGE('',*,*,#6591,.T.);
#5141=ORIENTED_EDGE('',*,*,#7077,.T.);
#5142=ORIENTED_EDGE('',*,*,#7078,.T.);
#5143=ORIENTED_EDGE('',*,*,#7079,.T.);
#5144=CARTESIAN_POINT('',(-2.68,0.0,0.0));
#5145=DIRECTION('',(1.0,0.0,0.0));
#5146=DIRECTION('',(0.0,1.0,0.0));
#5147=ORIENTED_EDGE('',*,*,#6582,.T.);
#5148=ORIENTED_EDGE('',*,*,#7080,.T.);
#5149=ORIENTED_EDGE('',*,*,#7081,.T.);
#5150=ORIENTED_EDGE('',*,*,#7059,.T.);
#5151=CARTESIAN_POINT('',(-2.68,0.0,0.0));
#5152=DIRECTION('',(1.0,0.0,0.0));
#5153=DIRECTION('',(0.0,1.0,0.0));
#5154=ORIENTED_EDGE('',*,*,#6340,.T.);
#5155=ORIENTED_EDGE('',*,*,#7062,.T.);
#5156=ORIENTED_EDGE('',*,*,#7082,.T.);
#5157=ORIENTED_EDGE('',*,*,#7083,.T.);
#5158=ORIENTED_EDGE('',*,*,#7084,.T.);
#5159=ORIENTED_EDGE('',*,*,#7085,.T.);
#5160=ORIENTED_EDGE('',*,*,#7086,.T.);
#5161=ORIENTED_EDGE('',*,*,#7087,.T.);
#5162=ORIENTED_EDGE('',*,*,#7088,.T.);
#5163=ORIENTED_EDGE('',*,*,#7089,.T.);
#5164=CARTESIAN_POINT('',(-2.68,0.0,0.0));
#5165=DIRECTION('',(1.0,0.0,0.0));
#5166=DIRECTION('',(0.0,1.0,0.0));
#5167=ORIENTED_EDGE('',*,*,#7090,.T.);
#5168=ORIENTED_EDGE('',*,*,#7091,.T.);
#5169=ORIENTED_EDGE('',*,*,#6392,.T.);
#5170=ORIENTED_EDGE('',*,*,#7092,.T.);
#5171=ORIENTED_EDGE('',*,*,#7093,.T.);
#5172=ORIENTED_EDGE('',*,*,#7052,.T.);
#5173=ORIENTED_EDGE('',*,*,#6345,.T.);
#5174=ORIENTED_EDGE('',*,*,#7067,.F.);
#5175=CARTESIAN_POINT('',(-2.68,0.35,-4.955));
#5176=DIRECTION('',(-0.0,1.0,0.0));
#5177=DIRECTION('',(1.0,0.0,0.0));
#5178=ORIENTED_EDGE('',*,*,#6452,.T.);
#5179=ORIENTED_EDGE('',*,*,#7050,.T.);
#5180=ORIENTED_EDGE('',*,*,#7094,.F.);
#5181=ORIENTED_EDGE('',*,*,#7095,.F.);
#5182=CARTESIAN_POINT('',(-3.2985,3.43,-3.955));
#5183=DIRECTION('',(0.0,0.0,1.0));
#5184=DIRECTION('',(1.0,0.0,0.0));
#5185=ORIENTED_EDGE('',*,*,#7096,.T.);
#5186=ORIENTED_EDGE('',*,*,#7053,.T.);
#5187=ORIENTED_EDGE('',*,*,#7093,.F.);
#5188=ORIENTED_EDGE('',*,*,#7097,.F.);
#5189=CARTESIAN_POINT('',(-3.2985,3.43,-3.955));
#5190=DIRECTION('',(0.0,0.0,1.0));
#5191=DIRECTION('',(1.0,0.0,0.0));
#5192=ORIENTED_EDGE('',*,*,#7055,.T.);
#5193=ORIENTED_EDGE('',*,*,#7098,.F.);
#5194=ORIENTED_EDGE('',*,*,#7099,.F.);
#5195=ORIENTED_EDGE('',*,*,#7100,.T.);
#5196=CARTESIAN_POINT('',(-3.2985,3.43,-3.955));
#5197=DIRECTION('',(0.0,0.0,1.0));
#5198=DIRECTION('',(1.0,0.0,0.0));
#5199=ORIENTED_EDGE('',*,*,#7047,.T.);
#5200=ORIENTED_EDGE('',*,*,#6208,.F.);
#5201=ORIENTED_EDGE('',*,*,#7101,.F.);
#5202=ORIENTED_EDGE('',*,*,#7063,.T.);
#5203=CARTESIAN_POINT('',(-3.2985,3.43,-3.955));
#5204=DIRECTION('',(0.0,0.0,1.0));
#5205=DIRECTION('',(1.0,0.0,0.0));
#5206=ORIENTED_EDGE('',*,*,#7064,.T.);
#5207=ORIENTED_EDGE('',*,*,#7101,.T.);
#5208=ORIENTED_EDGE('',*,*,#6207,.F.);
#5209=ORIENTED_EDGE('',*,*,#6800,.F.);
#5210=ORIENTED_EDGE('',*,*,#6788,.T.);
#5211=ORIENTED_EDGE('',*,*,#6399,.T.);
#5212=CARTESIAN_POINT('',(-3.2985,3.43,-4.955));
#5213=DIRECTION('',(-1.0,0.0,0.0));
#5214=DIRECTION('',(0.0,0.0,1.0));
#5215=ORIENTED_EDGE('',*,*,#6453,.T.);
#5216=ORIENTED_EDGE('',*,*,#7095,.T.);
#5217=ORIENTED_EDGE('',*,*,#7102,.F.);
#5218=ORIENTED_EDGE('',*,*,#6751,.T.);
#5219=CARTESIAN_POINT('',(-3.2985,3.43,-4.955));
#5220=DIRECTION('',(-1.0,0.0,0.0));
#5221=DIRECTION('',(0.0,0.0,1.0));
#5222=ORIENTED_EDGE('',*,*,#7092,.F.);
#5223=ORIENTED_EDGE('',*,*,#6391,.T.);
#5224=ORIENTED_EDGE('',*,*,#7103,.T.);
#5225=ORIENTED_EDGE('',*,*,#7097,.T.);
#5226=CARTESIAN_POINT('',(-3.2985,3.43,-4.955));
#5227=DIRECTION('',(-1.0,0.0,0.0));
#5228=DIRECTION('',(0.0,0.0,1.0));
#5229=ORIENTED_EDGE('',*,*,#7104,.T.);
#5230=ORIENTED_EDGE('',*,*,#7099,.T.);
#5231=ORIENTED_EDGE('',*,*,#7105,.F.);
#5232=ORIENTED_EDGE('',*,*,#6395,.T.);
#5233=CARTESIAN_POINT('',(-3.2985,3.43,-4.955));
#5234=DIRECTION('',(-1.0,0.0,0.0));
#5235=DIRECTION('',(0.0,0.0,1.0));
#5236=ORIENTED_EDGE('',*,*,#7106,.T.);
#5237=ORIENTED_EDGE('',*,*,#7107,.T.);
#5238=ORIENTED_EDGE('',*,*,#6752,.T.);
#5239=ORIENTED_EDGE('',*,*,#7102,.T.);
#5240=ORIENTED_EDGE('',*,*,#7094,.T.);
#5241=ORIENTED_EDGE('',*,*,#7049,.T.);
#5242=ORIENTED_EDGE('',*,*,#6742,.T.);
#5243=ORIENTED_EDGE('',*,*,#7076,.F.);
#5244=CARTESIAN_POINT('',(-2.68,1.85,-5.573266328441));
#5245=DIRECTION('',(-0.0,1.0,0.0));
#5246=DIRECTION('',(1.0,0.0,0.0));
#5247=ORIENTED_EDGE('',*,*,#7108,.T.);
#5248=ORIENTED_EDGE('',*,*,#7109,.F.);
#5249=ORIENTED_EDGE('',*,*,#7077,.F.);
#5250=ORIENTED_EDGE('',*,*,#6590,.F.);
#5251=CARTESIAN_POINT('',(-2.68,1.85,-5.573266328441));
#5252=DIRECTION('',(-0.0,1.0,0.0));
#5253=DIRECTION('',(1.0,0.0,0.0));
#5254=ORIENTED_EDGE('',*,*,#7110,.F.);
#5255=ORIENTED_EDGE('',*,*,#7111,.F.);
#5256=ORIENTED_EDGE('',*,*,#6393,.F.);
#5257=ORIENTED_EDGE('',*,*,#7091,.F.);
#5258=CARTESIAN_POINT('',(-3.32,0.0,0.0));
#5259=DIRECTION('',(1.0,0.0,0.0));
#5260=DIRECTION('',(0.0,1.0,0.0));
#5261=ORIENTED_EDGE('',*,*,#6761,.T.);
#5262=ORIENTED_EDGE('',*,*,#6753,.T.);
#5263=ORIENTED_EDGE('',*,*,#7107,.F.);
#5264=ORIENTED_EDGE('',*,*,#7112,.F.);
#5265=ORIENTED_EDGE('',*,*,#7113,.F.);
#5266=ORIENTED_EDGE('',*,*,#7114,.F.);
#5267=ORIENTED_EDGE('',*,*,#7115,.F.);
#5268=ORIENTED_EDGE('',*,*,#7116,.F.);
#5269=ORIENTED_EDGE('',*,*,#7117,.F.);
#5270=ORIENTED_EDGE('',*,*,#7118,.F.);
#5271=ORIENTED_EDGE('',*,*,#7119,.F.);
#5272=ORIENTED_EDGE('',*,*,#6389,.F.);
#5273=CARTESIAN_POINT('',(-3.32,0.0,0.0));
#5274=DIRECTION('',(1.0,0.0,0.0));
#5275=DIRECTION('',(0.0,1.0,0.0));
#5276=ORIENTED_EDGE('',*,*,#7120,.F.);
#5277=ORIENTED_EDGE('',*,*,#7108,.F.);
#5278=ORIENTED_EDGE('',*,*,#6589,.F.);
#5279=ORIENTED_EDGE('',*,*,#7121,.F.);
#5280=CARTESIAN_POINT('',(-3.32,0.0,0.0));
#5281=DIRECTION('',(1.0,0.0,0.0));
#5282=DIRECTION('',(0.0,1.0,0.0));
#5283=ORIENTED_EDGE('',*,*,#7122,.F.);
#5284=ORIENTED_EDGE('',*,*,#7123,.F.);
#5285=ORIENTED_EDGE('',*,*,#6580,.F.);
#5286=ORIENTED_EDGE('',*,*,#7058,.F.);
#5287=CARTESIAN_POINT('',(-3.32,0.0,0.0));
#5288=DIRECTION('',(1.0,0.0,0.0));
#5289=DIRECTION('',(0.0,1.0,0.0));
#5290=ORIENTED_EDGE('',*,*,#7124,.F.);
#5291=ORIENTED_EDGE('',*,*,#7125,.F.);
#5292=ORIENTED_EDGE('',*,*,#7126,.F.);
#5293=ORIENTED_EDGE('',*,*,#7127,.F.);
#5294=ORIENTED_EDGE('',*,*,#7128,.F.);
#5295=ORIENTED_EDGE('',*,*,#7129,.F.);
#5296=ORIENTED_EDGE('',*,*,#7130,.F.);
#5297=ORIENTED_EDGE('',*,*,#7060,.F.);
#5298=ORIENTED_EDGE('',*,*,#6397,.F.);
#5299=ORIENTED_EDGE('',*,*,#7131,.F.);
#5300=CARTESIAN_POINT('',(-3.32,0.0,0.0));
#5301=DIRECTION('',(1.0,0.0,0.0));
#5302=DIRECTION('',(0.0,1.0,0.0));
#5303=ORIENTED_EDGE('',*,*,#6343,.F.);
#5304=ORIENTED_EDGE('',*,*,#7056,.F.);
#5305=ORIENTED_EDGE('',*,*,#7100,.F.);
#5306=ORIENTED_EDGE('',*,*,#7104,.F.);
#5307=ORIENTED_EDGE('',*,*,#6394,.F.);
#5308=ORIENTED_EDGE('',*,*,#7111,.T.);
#5309=ORIENTED_EDGE('',*,*,#7132,.F.);
#5310=ORIENTED_EDGE('',*,*,#7065,.F.);
#5311=CARTESIAN_POINT('',(-2.68,-0.29,-3.455));
#5312=DIRECTION('',(0.0,-1.0,0.0));
#5313=DIRECTION('',(0.0,0.0,-1.0));
#5314=ORIENTED_EDGE('',*,*,#7132,.T.);
#5315=ORIENTED_EDGE('',*,*,#7110,.T.);
#5316=ORIENTED_EDGE('',*,*,#7090,.F.);
#5317=ORIENTED_EDGE('',*,*,#7066,.F.);
#5318=CARTESIAN_POINT('',(-2.68,-0.29,-4.955));
#5319=DIRECTION('',(0.0,0.0,-1.0));
#5320=DIRECTION('',(0.0,-1.0,0.0));
#5321=ORIENTED_EDGE('',*,*,#7133,.T.);
#5322=ORIENTED_EDGE('',*,*,#7121,.T.);
#5323=ORIENTED_EDGE('',*,*,#6588,.T.);
#5324=ORIENTED_EDGE('',*,*,#7079,.F.);
#5325=CARTESIAN_POINT('',(-2.68,1.21,2.555));
#5326=DIRECTION('',(0.0,-1.0,0.0));
#5327=DIRECTION('',(0.0,0.0,-1.0));
#5328=ORIENTED_EDGE('',*,*,#6390,.F.);
#5329=ORIENTED_EDGE('',*,*,#7119,.T.);
#5330=ORIENTED_EDGE('',*,*,#7134,.F.);
#5331=ORIENTED_EDGE('',*,*,#7068,.F.);
#5332=ORIENTED_EDGE('',*,*,#6347,.F.);
#5333=ORIENTED_EDGE('',*,*,#7051,.F.);
#5334=ORIENTED_EDGE('',*,*,#7096,.F.);
#5335=ORIENTED_EDGE('',*,*,#7103,.F.);
#5336=CARTESIAN_POINT('',(-2.68,1.21,2.555));
#5337=DIRECTION('',(0.0,-1.0,0.0));
#5338=DIRECTION('',(0.0,0.0,-1.0));
#5339=ORIENTED_EDGE('',*,*,#7109,.T.);
#5340=ORIENTED_EDGE('',*,*,#7120,.T.);
#5341=ORIENTED_EDGE('',*,*,#7133,.F.);
#5342=ORIENTED_EDGE('',*,*,#7078,.F.);
#5343=CARTESIAN_POINT('',(-2.68,1.85,2.555));
#5344=DIRECTION('',(0.0,0.0,1.0));
#5345=DIRECTION('',(1.0,0.0,0.0));
#5346=ORIENTED_EDGE('',*,*,#7134,.T.);
#5347=ORIENTED_EDGE('',*,*,#7118,.T.);
#5348=ORIENTED_EDGE('',*,*,#7135,.F.);
#5349=ORIENTED_EDGE('',*,*,#7069,.F.);
#5350=CARTESIAN_POINT('',(-2.68,-0.12,-6.309133164221));
#5351=DIRECTION('',(-1.0,0.0,-0.0));
#5352=DIRECTION('',(0.0,0.0,-1.0));
#5353=ORIENTED_EDGE('',*,*,#7135,.T.);
#5354=ORIENTED_EDGE('',*,*,#7117,.T.);
#5355=ORIENTED_EDGE('',*,*,#7136,.F.);
#5356=ORIENTED_EDGE('',*,*,#7070,.F.);
#5357=CARTESIAN_POINT('',(-2.68,1.21,-7.045));
#5358=DIRECTION('',(0.0,-1.0,0.0));
#5359=DIRECTION('',(0.0,0.0,-1.0));
#5360=ORIENTED_EDGE('',*,*,#7136,.T.);
#5361=ORIENTED_EDGE('',*,*,#7116,.T.);
#5362=ORIENTED_EDGE('',*,*,#7137,.F.);
#5363=ORIENTED_EDGE('',*,*,#7071,.F.);
#5364=CARTESIAN_POINT('',(-2.68,1.21,-7.295));
#5365=DIRECTION('',(0.0,-0.970295726275989,-0.241921895599697));
#5366=DIRECTION('',(0.0,0.241921895599697,-0.970295726275989));
#5367=ORIENTED_EDGE('',*,*,#7137,.T.);
#5368=ORIENTED_EDGE('',*,*,#7115,.T.);
#5369=ORIENTED_EDGE('',*,*,#7138,.F.);
#5370=ORIENTED_EDGE('',*,*,#7072,.F.);
#5371=CARTESIAN_POINT('',(-2.68,1.419435522388,-8.135));
#5372=DIRECTION('',(0.0,0.0,-1.0));
#5373=DIRECTION('',(0.0,-1.0,0.0));
#5374=ORIENTED_EDGE('',*,*,#7138,.T.);
#5375=ORIENTED_EDGE('',*,*,#7114,.T.);
#5376=ORIENTED_EDGE('',*,*,#7139,.F.);
#5377=ORIENTED_EDGE('',*,*,#7073,.F.);
#5378=CARTESIAN_POINT('',(-2.68,1.640564477612,-8.135));
#5379=DIRECTION('',(0.0,0.970295726275989,-0.241921895599697));
#5380=DIRECTION('',(-1.0,0.0,0.0));
#5381=ORIENTED_EDGE('',*,*,#7139,.T.);
#5382=ORIENTED_EDGE('',*,*,#7113,.T.);
#5383=ORIENTED_EDGE('',*,*,#7140,.F.);
#5384=ORIENTED_EDGE('',*,*,#7074,.F.);
#5385=CARTESIAN_POINT('',(-2.68,1.85,-7.295));
#5386=DIRECTION('',(-0.0,1.0,0.0));
#5387=DIRECTION('',(1.0,0.0,0.0));
#5388=ORIENTED_EDGE('',*,*,#7140,.T.);
#5389=ORIENTED_EDGE('',*,*,#7112,.T.);
#5390=ORIENTED_EDGE('',*,*,#7106,.F.);
#5391=ORIENTED_EDGE('',*,*,#7075,.F.);
#5392=CARTESIAN_POINT('',(-2.68,0.52,-6.309133164221));
#5393=DIRECTION('',(-1.0,0.0,-0.0));
#5394=DIRECTION('',(0.0,0.0,-1.0));
#5395=ORIENTED_EDGE('',*,*,#7141,.T.);
#5396=ORIENTED_EDGE('',*,*,#7131,.T.);
#5397=ORIENTED_EDGE('',*,*,#6396,.T.);
#5398=ORIENTED_EDGE('',*,*,#7105,.T.);
#5399=ORIENTED_EDGE('',*,*,#7098,.T.);
#5400=ORIENTED_EDGE('',*,*,#7054,.T.);
#5401=ORIENTED_EDGE('',*,*,#6341,.T.);
#5402=ORIENTED_EDGE('',*,*,#7089,.F.);
#5403=CARTESIAN_POINT('',(-2.68,-1.15,-5.573266328441));
#5404=DIRECTION('',(-0.0,1.0,0.0));
#5405=DIRECTION('',(1.0,0.0,0.0));
#5406=ORIENTED_EDGE('',*,*,#7123,.T.);
#5407=ORIENTED_EDGE('',*,*,#7142,.F.);
#5408=ORIENTED_EDGE('',*,*,#7080,.F.);
#5409=ORIENTED_EDGE('',*,*,#6581,.F.);
#5410=CARTESIAN_POINT('',(-2.68,-1.15,-5.573266328441));
#5411=DIRECTION('',(-0.0,1.0,0.0));
#5412=DIRECTION('',(1.0,0.0,0.0));
#5413=ORIENTED_EDGE('',*,*,#7143,.T.);
#5414=ORIENTED_EDGE('',*,*,#7124,.T.);
#5415=ORIENTED_EDGE('',*,*,#7141,.F.);
#5416=ORIENTED_EDGE('',*,*,#7088,.F.);
#5417=CARTESIAN_POINT('',(-2.68,0.18,-6.309133164221));
#5418=DIRECTION('',(-1.0,0.0,-0.0));
#5419=DIRECTION('',(0.0,0.0,-1.0));
#5420=ORIENTED_EDGE('',*,*,#7144,.T.);
#5421=ORIENTED_EDGE('',*,*,#7125,.T.);
#5422=ORIENTED_EDGE('',*,*,#7143,.F.);
#5423=ORIENTED_EDGE('',*,*,#7087,.F.);
#5424=CARTESIAN_POINT('',(-2.68,-1.15,-7.295));
#5425=DIRECTION('',(-0.0,1.0,0.0));
#5426=DIRECTION('',(1.0,0.0,0.0));
#5427=ORIENTED_EDGE('',*,*,#7145,.T.);
#5428=ORIENTED_EDGE('',*,*,#7126,.T.);
#5429=ORIENTED_EDGE('',*,*,#7144,.F.);
#5430=ORIENTED_EDGE('',*,*,#7086,.F.);
#5431=CARTESIAN_POINT('',(-2.68,-1.359435522388,-8.135));
#5432=DIRECTION('',(0.0,0.970295726275989,-0.241921895599697));
#5433=DIRECTION('',(-1.0,0.0,0.0));
#5434=ORIENTED_EDGE('',*,*,#7146,.T.);
#5435=ORIENTED_EDGE('',*,*,#7127,.T.);
#5436=ORIENTED_EDGE('',*,*,#7145,.F.);
#5437=ORIENTED_EDGE('',*,*,#7085,.F.);
#5438=CARTESIAN_POINT('',(-2.68,-1.580564477612,-8.135));
#5439=DIRECTION('',(0.0,0.0,-1.0));
#5440=DIRECTION('',(0.0,-1.0,0.0));
#5441=ORIENTED_EDGE('',*,*,#7147,.T.);
#5442=ORIENTED_EDGE('',*,*,#7128,.T.);
#5443=ORIENTED_EDGE('',*,*,#7146,.F.);
#5444=ORIENTED_EDGE('',*,*,#7084,.F.);
#5445=CARTESIAN_POINT('',(-2.68,-1.79,-7.295));
#5446=DIRECTION('',(0.0,-0.970295726275989,-0.241921895599697));
#5447=DIRECTION('',(0.0,0.241921895599697,-0.970295726275989));
#5448=ORIENTED_EDGE('',*,*,#7148,.T.);
#5449=ORIENTED_EDGE('',*,*,#7129,.T.);
#5450=ORIENTED_EDGE('',*,*,#7147,.F.);
#5451=ORIENTED_EDGE('',*,*,#7083,.F.);
#5452=CARTESIAN_POINT('',(-2.68,-1.79,-7.045));
#5453=DIRECTION('',(0.0,-1.0,0.0));
#5454=DIRECTION('',(0.0,0.0,-1.0));
#5455=ORIENTED_EDGE('',*,*,#7061,.T.);
#5456=ORIENTED_EDGE('',*,*,#7130,.T.);
#5457=ORIENTED_EDGE('',*,*,#7148,.F.);
#5458=ORIENTED_EDGE('',*,*,#7082,.F.);
#5459=CARTESIAN_POINT('',(-2.68,-0.46,-6.309133164221));
#5460=DIRECTION('',(-1.0,0.0,-0.0));
#5461=DIRECTION('',(0.0,0.0,-1.0));
#5462=ORIENTED_EDGE('',*,*,#7142,.T.);
#5463=ORIENTED_EDGE('',*,*,#7122,.T.);
#5464=ORIENTED_EDGE('',*,*,#7057,.F.);
#5465=ORIENTED_EDGE('',*,*,#7081,.F.);
#5466=CARTESIAN_POINT('',(-2.68,-1.15,2.555));
#5467=DIRECTION('',(0.0,0.0,1.0));
#5468=DIRECTION('',(1.0,0.0,0.0));
#5469=ORIENTED_EDGE('',*,*,#7149,.F.);
#5470=ORIENTED_EDGE('',*,*,#7150,.F.);
#5471=ORIENTED_EDGE('',*,*,#6373,.F.);
#5472=ORIENTED_EDGE('',*,*,#6507,.F.);
#5473=CARTESIAN_POINT('',(-6.32,0.0,0.0));
#5474=DIRECTION('',(1.0,0.0,0.0));
#5475=DIRECTION('',(0.0,1.0,0.0));
#5476=ORIENTED_EDGE('',*,*,#7151,.F.);
#5477=ORIENTED_EDGE('',*,*,#6473,.F.);
#5478=ORIENTED_EDGE('',*,*,#6605,.F.);
#5479=ORIENTED_EDGE('',*,*,#7152,.F.);
#5480=CARTESIAN_POINT('',(-6.32,0.0,0.0));
#5481=DIRECTION('',(1.0,0.0,0.0));
#5482=DIRECTION('',(0.0,1.0,0.0));
#5483=ORIENTED_EDGE('',*,*,#7153,.F.);
#5484=ORIENTED_EDGE('',*,*,#7154,.F.);
#5485=ORIENTED_EDGE('',*,*,#7155,.F.);
#5486=ORIENTED_EDGE('',*,*,#7156,.F.);
#5487=ORIENTED_EDGE('',*,*,#7157,.F.);
#5488=ORIENTED_EDGE('',*,*,#7158,.F.);
#5489=ORIENTED_EDGE('',*,*,#7159,.F.);
#5490=ORIENTED_EDGE('',*,*,#7160,.F.);
#5491=ORIENTED_EDGE('',*,*,#6370,.F.);
#5492=ORIENTED_EDGE('',*,*,#6762,.T.);
#5493=ORIENTED_EDGE('',*,*,#6744,.T.);
#5494=ORIENTED_EDGE('',*,*,#6468,.F.);
#5495=CARTESIAN_POINT('',(-6.32,0.0,0.0));
#5496=DIRECTION('',(1.0,0.0,0.0));
#5497=DIRECTION('',(0.0,1.0,0.0));
#5498=ORIENTED_EDGE('',*,*,#7161,.F.);
#5499=ORIENTED_EDGE('',*,*,#7162,.F.);
#5500=ORIENTED_EDGE('',*,*,#6597,.F.);
#5501=ORIENTED_EDGE('',*,*,#6517,.F.);
#5502=CARTESIAN_POINT('',(-6.32,0.0,0.0));
#5503=DIRECTION('',(1.0,0.0,0.0));
#5504=DIRECTION('',(0.0,1.0,0.0));
#5505=ORIENTED_EDGE('',*,*,#7163,.F.);
#5506=ORIENTED_EDGE('',*,*,#7164,.F.);
#5507=ORIENTED_EDGE('',*,*,#7165,.F.);
#5508=ORIENTED_EDGE('',*,*,#7166,.F.);
#5509=ORIENTED_EDGE('',*,*,#7167,.F.);
#5510=ORIENTED_EDGE('',*,*,#7168,.F.);
#5511=ORIENTED_EDGE('',*,*,#7169,.F.);
#5512=ORIENTED_EDGE('',*,*,#6519,.F.);
#5513=ORIENTED_EDGE('',*,*,#6376,.F.);
#5514=ORIENTED_EDGE('',*,*,#7170,.F.);
#5515=CARTESIAN_POINT('',(-6.32,0.0,0.0));
#5516=DIRECTION('',(1.0,0.0,0.0));
#5517=DIRECTION('',(0.0,1.0,0.0));
#5518=ORIENTED_EDGE('',*,*,#6382,.F.);
#5519=ORIENTED_EDGE('',*,*,#6515,.F.);
#5520=ORIENTED_EDGE('',*,*,#6464,.F.);
#5521=ORIENTED_EDGE('',*,*,#6269,.F.);
#5522=ORIENTED_EDGE('',*,*,#6374,.F.);
#5523=ORIENTED_EDGE('',*,*,#7150,.T.);
#5524=ORIENTED_EDGE('',*,*,#7171,.F.);
#5525=ORIENTED_EDGE('',*,*,#6477,.F.);
#5526=CARTESIAN_POINT('',(-5.68,-0.29,-3.455));
#5527=DIRECTION('',(0.0,-1.0,0.0));
#5528=DIRECTION('',(0.0,0.0,-1.0));
#5529=ORIENTED_EDGE('',*,*,#7171,.T.);
#5530=ORIENTED_EDGE('',*,*,#7149,.T.);
#5531=ORIENTED_EDGE('',*,*,#6506,.F.);
#5532=ORIENTED_EDGE('',*,*,#6478,.F.);
#5533=CARTESIAN_POINT('',(-5.68,-0.29,-4.955));
#5534=DIRECTION('',(0.0,0.0,-1.0));
#5535=DIRECTION('',(0.0,-1.0,0.0));
#5536=ORIENTED_EDGE('',*,*,#7172,.T.);
#5537=ORIENTED_EDGE('',*,*,#7152,.T.);
#5538=ORIENTED_EDGE('',*,*,#6604,.T.);
#5539=ORIENTED_EDGE('',*,*,#6482,.F.);
#5540=CARTESIAN_POINT('',(-5.68,1.21,2.555));
#5541=DIRECTION('',(0.0,-1.0,0.0));
#5542=DIRECTION('',(0.0,0.0,-1.0));
#5543=ORIENTED_EDGE('',*,*,#6371,.F.);
#5544=ORIENTED_EDGE('',*,*,#7160,.T.);
#5545=ORIENTED_EDGE('',*,*,#7173,.F.);
#5546=ORIENTED_EDGE('',*,*,#6485,.F.);
#5547=ORIENTED_EDGE('',*,*,#6386,.F.);
#5548=ORIENTED_EDGE('',*,*,#6513,.F.);
#5549=ORIENTED_EDGE('',*,*,#6459,.F.);
#5550=ORIENTED_EDGE('',*,*,#6267,.F.);
#5551=CARTESIAN_POINT('',(-5.68,1.21,2.555));
#5552=DIRECTION('',(0.0,-1.0,0.0));
#5553=DIRECTION('',(0.0,0.0,-1.0));
#5554=ORIENTED_EDGE('',*,*,#6474,.T.);
#5555=ORIENTED_EDGE('',*,*,#7151,.T.);
#5556=ORIENTED_EDGE('',*,*,#7172,.F.);
#5557=ORIENTED_EDGE('',*,*,#6481,.F.);
#5558=CARTESIAN_POINT('',(-5.68,1.85,2.555));
#5559=DIRECTION('',(0.0,0.0,1.0));
#5560=DIRECTION('',(1.0,0.0,0.0));
#5561=ORIENTED_EDGE('',*,*,#7173,.T.);
#5562=ORIENTED_EDGE('',*,*,#7159,.T.);
#5563=ORIENTED_EDGE('',*,*,#7174,.F.);
#5564=ORIENTED_EDGE('',*,*,#6486,.F.);
#5565=CARTESIAN_POINT('',(-5.68,-0.12,-6.309133164221));
#5566=DIRECTION('',(-1.0,0.0,-0.0));
#5567=DIRECTION('',(0.0,0.0,-1.0));
#5568=ORIENTED_EDGE('',*,*,#7174,.T.);
#5569=ORIENTED_EDGE('',*,*,#7158,.T.);
#5570=ORIENTED_EDGE('',*,*,#7175,.F.);
#5571=ORIENTED_EDGE('',*,*,#6487,.F.);
#5572=CARTESIAN_POINT('',(-5.68,1.21,-7.045));
#5573=DIRECTION('',(0.0,-1.0,0.0));
#5574=DIRECTION('',(0.0,0.0,-1.0));
#5575=ORIENTED_EDGE('',*,*,#7175,.T.);
#5576=ORIENTED_EDGE('',*,*,#7157,.T.);
#5577=ORIENTED_EDGE('',*,*,#7176,.F.);
#5578=ORIENTED_EDGE('',*,*,#6488,.F.);
#5579=CARTESIAN_POINT('',(-5.68,1.21,-7.295));
#5580=DIRECTION('',(0.0,-0.970295726275989,-0.241921895599697));
#5581=DIRECTION('',(0.0,0.241921895599697,-0.970295726275989));
#5582=ORIENTED_EDGE('',*,*,#7176,.T.);
#5583=ORIENTED_EDGE('',*,*,#7156,.T.);
#5584=ORIENTED_EDGE('',*,*,#7177,.F.);
#5585=ORIENTED_EDGE('',*,*,#6489,.F.);
#5586=CARTESIAN_POINT('',(-5.68,1.419435522388,-8.135));
#5587=DIRECTION('',(0.0,0.0,-1.0));
#5588=DIRECTION('',(0.0,-1.0,0.0));
#5589=ORIENTED_EDGE('',*,*,#7177,.T.);
#5590=ORIENTED_EDGE('',*,*,#7155,.T.);
#5591=ORIENTED_EDGE('',*,*,#7178,.F.);
#5592=ORIENTED_EDGE('',*,*,#6490,.F.);
#5593=CARTESIAN_POINT('',(-5.68,1.640564477612,-8.135));
#5594=DIRECTION('',(0.0,0.970295726275989,-0.241921895599697));
#5595=DIRECTION('',(-1.0,0.0,0.0));
#5596=ORIENTED_EDGE('',*,*,#7178,.T.);
#5597=ORIENTED_EDGE('',*,*,#7154,.T.);
#5598=ORIENTED_EDGE('',*,*,#7179,.F.);
#5599=ORIENTED_EDGE('',*,*,#6491,.F.);
#5600=CARTESIAN_POINT('',(-5.68,1.85,-7.295));
#5601=DIRECTION('',(-0.0,1.0,0.0));
#5602=DIRECTION('',(1.0,0.0,0.0));
#5603=ORIENTED_EDGE('',*,*,#7179,.T.);
#5604=ORIENTED_EDGE('',*,*,#7153,.T.);
#5605=ORIENTED_EDGE('',*,*,#6467,.F.);
#5606=ORIENTED_EDGE('',*,*,#6492,.F.);
#5607=CARTESIAN_POINT('',(-5.68,0.52,-6.309133164221));
#5608=DIRECTION('',(-1.0,0.0,-0.0));
#5609=DIRECTION('',(0.0,0.0,-1.0));
#5610=ORIENTED_EDGE('',*,*,#7180,.T.);
#5611=ORIENTED_EDGE('',*,*,#7170,.T.);
#5612=ORIENTED_EDGE('',*,*,#6375,.T.);
#5613=ORIENTED_EDGE('',*,*,#6271,.T.);
#5614=ORIENTED_EDGE('',*,*,#6463,.T.);
#5615=ORIENTED_EDGE('',*,*,#6514,.T.);
#5616=ORIENTED_EDGE('',*,*,#6380,.T.);
#5617=ORIENTED_EDGE('',*,*,#6505,.F.);
#5618=CARTESIAN_POINT('',(-5.68,-1.15,-5.573266328441));
#5619=DIRECTION('',(-0.0,1.0,0.0));
#5620=DIRECTION('',(1.0,0.0,0.0));
#5621=ORIENTED_EDGE('',*,*,#7162,.T.);
#5622=ORIENTED_EDGE('',*,*,#7181,.F.);
#5623=ORIENTED_EDGE('',*,*,#6494,.F.);
#5624=ORIENTED_EDGE('',*,*,#6598,.F.);
#5625=CARTESIAN_POINT('',(-5.68,-1.15,-5.573266328441));
#5626=DIRECTION('',(-0.0,1.0,0.0));
#5627=DIRECTION('',(1.0,0.0,0.0));
#5628=ORIENTED_EDGE('',*,*,#7182,.T.);
#5629=ORIENTED_EDGE('',*,*,#7163,.T.);
#5630=ORIENTED_EDGE('',*,*,#7180,.F.);
#5631=ORIENTED_EDGE('',*,*,#6504,.F.);
#5632=CARTESIAN_POINT('',(-5.68,0.18,-6.309133164221));
#5633=DIRECTION('',(-1.0,0.0,-0.0));
#5634=DIRECTION('',(0.0,0.0,-1.0));
#5635=ORIENTED_EDGE('',*,*,#7183,.T.);
#5636=ORIENTED_EDGE('',*,*,#7164,.T.);
#5637=ORIENTED_EDGE('',*,*,#7182,.F.);
#5638=ORIENTED_EDGE('',*,*,#6503,.F.);
#5639=CARTESIAN_POINT('',(-5.68,-1.15,-7.295));
#5640=DIRECTION('',(-0.0,1.0,0.0));
#5641=DIRECTION('',(1.0,0.0,0.0));
#5642=ORIENTED_EDGE('',*,*,#7184,.T.);
#5643=ORIENTED_EDGE('',*,*,#7165,.T.);
#5644=ORIENTED_EDGE('',*,*,#7183,.F.);
#5645=ORIENTED_EDGE('',*,*,#6502,.F.);
#5646=CARTESIAN_POINT('',(-5.68,-1.359435522388,-8.135));
#5647=DIRECTION('',(0.0,0.970295726275989,-0.241921895599697));
#5648=DIRECTION('',(-1.0,0.0,0.0));
#5649=ORIENTED_EDGE('',*,*,#7185,.T.);
#5650=ORIENTED_EDGE('',*,*,#7166,.T.);
#5651=ORIENTED_EDGE('',*,*,#7184,.F.);
#5652=ORIENTED_EDGE('',*,*,#6501,.F.);
#5653=CARTESIAN_POINT('',(-5.68,-1.580564477612,-8.135));
#5654=DIRECTION('',(0.0,0.0,-1.0));
#5655=DIRECTION('',(0.0,-1.0,0.0));
#5656=ORIENTED_EDGE('',*,*,#7186,.T.);
#5657=ORIENTED_EDGE('',*,*,#7167,.T.);
#5658=ORIENTED_EDGE('',*,*,#7185,.F.);
#5659=ORIENTED_EDGE('',*,*,#6500,.F.);
#5660=CARTESIAN_POINT('',(-5.68,-1.79,-7.295));
#5661=DIRECTION('',(0.0,-0.970295726275989,-0.241921895599697));
#5662=DIRECTION('',(0.0,0.241921895599697,-0.970295726275989));
#5663=ORIENTED_EDGE('',*,*,#7187,.T.);
#5664=ORIENTED_EDGE('',*,*,#7168,.T.);
#5665=ORIENTED_EDGE('',*,*,#7186,.F.);
#5666=ORIENTED_EDGE('',*,*,#6499,.F.);
#5667=CARTESIAN_POINT('',(-5.68,-1.79,-7.045));
#5668=DIRECTION('',(0.0,-1.0,0.0));
#5669=DIRECTION('',(0.0,0.0,-1.0));
#5670=ORIENTED_EDGE('',*,*,#6520,.T.);
#5671=ORIENTED_EDGE('',*,*,#7169,.T.);
#5672=ORIENTED_EDGE('',*,*,#7187,.F.);
#5673=ORIENTED_EDGE('',*,*,#6498,.F.);
#5674=CARTESIAN_POINT('',(-5.68,-0.46,-6.309133164221));
#5675=DIRECTION('',(-1.0,0.0,-0.0));
#5676=DIRECTION('',(0.0,0.0,-1.0));
#5677=ORIENTED_EDGE('',*,*,#7181,.T.);
#5678=ORIENTED_EDGE('',*,*,#7161,.T.);
#5679=ORIENTED_EDGE('',*,*,#6516,.F.);
#5680=ORIENTED_EDGE('',*,*,#6495,.F.);
#5681=CARTESIAN_POINT('',(-5.68,-1.15,2.555));
#5682=DIRECTION('',(0.0,0.0,1.0));
#5683=DIRECTION('',(1.0,0.0,0.0));
#5684=ORIENTED_EDGE('',*,*,#7188,.F.);
#5685=ORIENTED_EDGE('',*,*,#6750,.T.);
#5686=ORIENTED_EDGE('',*,*,#7189,.T.);
#5687=ORIENTED_EDGE('',*,*,#6062,.F.);
#5688=ORIENTED_EDGE('',*,*,#7190,.F.);
#5689=CARTESIAN_POINT('',(-9.0,2.47,-4.955));
#5690=DIRECTION('',(0.0,0.0,1.0));
#5691=DIRECTION('',(-1.0,0.0,0.0));
#5692=ORIENTED_EDGE('',*,*,#6061,.T.);
#5693=ORIENTED_EDGE('',*,*,#7191,.F.);
#5694=ORIENTED_EDGE('',*,*,#7192,.T.);
#5695=ORIENTED_EDGE('',*,*,#7190,.T.);
#5696=CARTESIAN_POINT('',(-9.0,2.47,-5.649999223136));
#5697=DIRECTION('',(-0.0,0.0,1.0));
#5698=DIRECTION('',(0.0,-1.0,0.0));
#5699=ORIENTED_EDGE('',*,*,#7193,.T.);
#5700=ORIENTED_EDGE('',*,*,#6057,.T.);
#5701=ORIENTED_EDGE('',*,*,#6059,.T.);
#5702=ORIENTED_EDGE('',*,*,#7194,.T.);
#5703=CARTESIAN_POINT('',(-9.325,0.0,-5.815));
#5704=DIRECTION('',(0.0,0.0,-1.0));
#5705=DIRECTION('',(0.0,-1.0,0.0));
#5706=ORIENTED_EDGE('',*,*,#7191,.T.);
#5707=ORIENTED_EDGE('',*,*,#6063,.T.);
#5708=ORIENTED_EDGE('',*,*,#6051,.T.);
#5709=ORIENTED_EDGE('',*,*,#7195,.T.);
#5710=CARTESIAN_POINT('',(-9.325,0.0,-5.815));
#5711=DIRECTION('',(0.0,0.0,-1.0));
#5712=DIRECTION('',(0.0,-1.0,0.0));
#5713=ORIENTED_EDGE('',*,*,#6058,.T.);
#5714=ORIENTED_EDGE('',*,*,#7196,.T.);
#5715=ORIENTED_EDGE('',*,*,#7197,.F.);
#5716=ORIENTED_EDGE('',*,*,#7194,.F.);
#5717=CARTESIAN_POINT('',(9.0,2.47,-5.649999223136));
#5718=DIRECTION('',(-0.0,0.0,1.0));
#5719=DIRECTION('',(0.0,-1.0,0.0));
#5720=ORIENTED_EDGE('',*,*,#6054,.T.);
#5721=ORIENTED_EDGE('',*,*,#7193,.F.);
#5722=ORIENTED_EDGE('',*,*,#7197,.T.);
#5723=ORIENTED_EDGE('',*,*,#7198,.T.);
#5724=CARTESIAN_POINT('',(9.0,2.47,-5.649999223136));
#5725=DIRECTION('',(-0.0,0.0,1.0));
#5726=DIRECTION('',(0.0,-1.0,0.0));
#5727=ORIENTED_EDGE('',*,*,#7199,.F.);
#5728=ORIENTED_EDGE('',*,*,#6725,.T.);
#5729=ORIENTED_EDGE('',*,*,#7200,.T.);
#5730=ORIENTED_EDGE('',*,*,#6055,.F.);
#5731=ORIENTED_EDGE('',*,*,#7198,.F.);
#5732=CARTESIAN_POINT('',(9.0,2.47,-4.955));
#5733=DIRECTION('',(0.0,0.0,1.0));
#5734=DIRECTION('',(-1.0,0.0,0.0));
#5735=ORIENTED_EDGE('',*,*,#7200,.F.);
#5736=ORIENTED_EDGE('',*,*,#6724,.T.);
#5737=ORIENTED_EDGE('',*,*,#7199,.T.);
#5738=ORIENTED_EDGE('',*,*,#7196,.F.);
#5739=ORIENTED_EDGE('',*,*,#6060,.F.);
#5740=CARTESIAN_POINT('',(9.0,2.47,-4.955));
#5741=DIRECTION('',(0.0,0.0,1.0));
#5742=DIRECTION('',(-1.0,0.0,0.0));
#5743=ORIENTED_EDGE('',*,*,#6050,.T.);
#5744=ORIENTED_EDGE('',*,*,#7201,.T.);
#5745=ORIENTED_EDGE('',*,*,#7192,.F.);
#5746=ORIENTED_EDGE('',*,*,#7195,.F.);
#5747=CARTESIAN_POINT('',(-9.0,2.47,-5.649999223136));
#5748=DIRECTION('',(-0.0,0.0,1.0));
#5749=DIRECTION('',(0.0,-1.0,0.0));
#5750=ORIENTED_EDGE('',*,*,#7189,.F.);
#5751=ORIENTED_EDGE('',*,*,#6749,.T.);
#5752=ORIENTED_EDGE('',*,*,#7188,.T.);
#5753=ORIENTED_EDGE('',*,*,#7201,.F.);
#5754=ORIENTED_EDGE('',*,*,#6053,.F.);
#5755=CARTESIAN_POINT('',(-9.0,2.47,-4.955));
#5756=DIRECTION('',(0.0,0.0,1.0));
#5757=DIRECTION('',(-1.0,0.0,0.0));
#5758=ORIENTED_EDGE('',*,*,#7202,.T.);
#5759=ORIENTED_EDGE('',*,*,#6689,.T.);
#5760=ORIENTED_EDGE('',*,*,#6717,.F.);
#5761=ORIENTED_EDGE('',*,*,#6670,.F.);
#5762=CARTESIAN_POINT('',(6.32,0.52,-6.309133164221));
#5763=DIRECTION('',(-1.0,0.0,-0.0));
#5764=DIRECTION('',(0.0,0.0,-1.0));
#5765=ORIENTED_EDGE('',*,*,#7203,.T.);
#5766=ORIENTED_EDGE('',*,*,#6690,.T.);
#5767=ORIENTED_EDGE('',*,*,#7202,.F.);
#5768=ORIENTED_EDGE('',*,*,#6669,.F.);
#5769=CARTESIAN_POINT('',(6.32,1.85,-7.295));
#5770=DIRECTION('',(-0.0,1.0,0.0));
#5771=DIRECTION('',(1.0,0.0,0.0));
#5772=ORIENTED_EDGE('',*,*,#7204,.T.);
#5773=ORIENTED_EDGE('',*,*,#6691,.T.);
#5774=ORIENTED_EDGE('',*,*,#7203,.F.);
#5775=ORIENTED_EDGE('',*,*,#6668,.F.);
#5776=CARTESIAN_POINT('',(6.32,1.640564477612,-8.135));
#5777=DIRECTION('',(0.0,0.970295726275989,-0.241921895599697));
#5778=DIRECTION('',(-1.0,0.0,0.0));
#5779=ORIENTED_EDGE('',*,*,#7205,.T.);
#5780=ORIENTED_EDGE('',*,*,#6692,.T.);
#5781=ORIENTED_EDGE('',*,*,#7204,.F.);
#5782=ORIENTED_EDGE('',*,*,#6667,.F.);
#5783=CARTESIAN_POINT('',(6.32,1.419435522388,-8.135));
#5784=DIRECTION('',(0.0,0.0,-1.0));
#5785=DIRECTION('',(0.0,-1.0,0.0));
#5786=ORIENTED_EDGE('',*,*,#7206,.T.);
#5787=ORIENTED_EDGE('',*,*,#6693,.T.);
#5788=ORIENTED_EDGE('',*,*,#7205,.F.);
#5789=ORIENTED_EDGE('',*,*,#6666,.F.);
#5790=CARTESIAN_POINT('',(6.32,1.21,-7.295));
#5791=DIRECTION('',(0.0,-0.970295726275989,-0.241921895599697));
#5792=DIRECTION('',(0.0,0.241921895599697,-0.970295726275989));
#5793=ORIENTED_EDGE('',*,*,#7207,.T.);
#5794=ORIENTED_EDGE('',*,*,#6694,.T.);
#5795=ORIENTED_EDGE('',*,*,#7206,.F.);
#5796=ORIENTED_EDGE('',*,*,#6665,.F.);
#5797=CARTESIAN_POINT('',(6.32,1.21,-7.045));
#5798=DIRECTION('',(0.0,-1.0,0.0));
#5799=DIRECTION('',(0.0,0.0,-1.0));
#5800=ORIENTED_EDGE('',*,*,#6715,.T.);
#5801=ORIENTED_EDGE('',*,*,#6695,.T.);
#5802=ORIENTED_EDGE('',*,*,#7207,.F.);
#5803=ORIENTED_EDGE('',*,*,#6664,.F.);
#5804=CARTESIAN_POINT('',(6.32,-0.12,-6.309133164221));
#5805=DIRECTION('',(-1.0,0.0,-0.0));
#5806=DIRECTION('',(0.0,0.0,-1.0));
#5807=ORIENTED_EDGE('',*,*,#6277,.F.);
#5808=ORIENTED_EDGE('',*,*,#6415,.F.);
#5809=ORIENTED_EDGE('',*,*,#6424,.F.);
#5810=ORIENTED_EDGE('',*,*,#6435,.F.);
#5811=ORIENTED_EDGE('',*,*,#6307,.F.);
#5812=ORIENTED_EDGE('',*,*,#6698,.T.);
#5813=ORIENTED_EDGE('',*,*,#7208,.F.);
#5814=ORIENTED_EDGE('',*,*,#6655,.F.);
#5815=CARTESIAN_POINT('',(6.32,-0.29,-3.455));
#5816=DIRECTION('',(0.0,-1.0,0.0));
#5817=DIRECTION('',(0.0,0.0,-1.0));
#5818=ORIENTED_EDGE('',*,*,#7208,.T.);
#5819=ORIENTED_EDGE('',*,*,#6697,.T.);
#5820=ORIENTED_EDGE('',*,*,#6684,.F.);
#5821=ORIENTED_EDGE('',*,*,#6656,.F.);
#5822=CARTESIAN_POINT('',(6.32,-0.29,-4.955));
#5823=DIRECTION('',(0.0,0.0,-1.0));
#5824=DIRECTION('',(0.0,-1.0,0.0));
#5825=ORIENTED_EDGE('',*,*,#7209,.T.);
#5826=ORIENTED_EDGE('',*,*,#6704,.T.);
#5827=ORIENTED_EDGE('',*,*,#6534,.T.);
#5828=ORIENTED_EDGE('',*,*,#6674,.F.);
#5829=CARTESIAN_POINT('',(6.32,-1.79,2.555));
#5830=DIRECTION('',(0.0,-1.0,0.0));
#5831=DIRECTION('',(0.0,0.0,-1.0));
#5832=ORIENTED_EDGE('',*,*,#6311,.F.);
#5833=ORIENTED_EDGE('',*,*,#6712,.T.);
#5834=ORIENTED_EDGE('',*,*,#7210,.F.);
#5835=ORIENTED_EDGE('',*,*,#6675,.F.);
#5836=ORIENTED_EDGE('',*,*,#6273,.F.);
#5837=ORIENTED_EDGE('',*,*,#6412,.F.);
#5838=ORIENTED_EDGE('',*,*,#6426,.F.);
#5839=ORIENTED_EDGE('',*,*,#6432,.F.);
#5840=CARTESIAN_POINT('',(6.32,-1.79,2.555));
#5841=DIRECTION('',(0.0,-1.0,0.0));
#5842=DIRECTION('',(0.0,0.0,-1.0));
#5843=ORIENTED_EDGE('',*,*,#7211,.T.);
#5844=ORIENTED_EDGE('',*,*,#6702,.T.);
#5845=ORIENTED_EDGE('',*,*,#7209,.F.);
#5846=ORIENTED_EDGE('',*,*,#6673,.F.);
#5847=CARTESIAN_POINT('',(6.32,-1.15,2.555));
#5848=DIRECTION('',(0.0,0.0,1.0));
#5849=DIRECTION('',(1.0,0.0,0.0));
#5850=ORIENTED_EDGE('',*,*,#7212,.T.);
#5851=ORIENTED_EDGE('',*,*,#6713,.T.);
#5852=ORIENTED_EDGE('',*,*,#6309,.T.);
#5853=ORIENTED_EDGE('',*,*,#6436,.T.);
#5854=ORIENTED_EDGE('',*,*,#6422,.T.);
#5855=ORIENTED_EDGE('',*,*,#6413,.T.);
#5856=ORIENTED_EDGE('',*,*,#6275,.T.);
#5857=ORIENTED_EDGE('',*,*,#6683,.F.);
#5858=CARTESIAN_POINT('',(6.32,-1.15,-5.573266328441));
#5859=DIRECTION('',(-0.0,1.0,0.0));
#5860=DIRECTION('',(1.0,0.0,0.0));
#5861=ORIENTED_EDGE('',*,*,#6703,.T.);
#5862=ORIENTED_EDGE('',*,*,#7211,.F.);
#5863=ORIENTED_EDGE('',*,*,#6672,.F.);
#5864=ORIENTED_EDGE('',*,*,#6536,.F.);
#5865=CARTESIAN_POINT('',(6.32,-1.15,-5.573266328441));
#5866=DIRECTION('',(-0.0,1.0,0.0));
#5867=DIRECTION('',(1.0,0.0,0.0));
#5868=ORIENTED_EDGE('',*,*,#7213,.T.);
#5869=ORIENTED_EDGE('',*,*,#6705,.T.);
#5870=ORIENTED_EDGE('',*,*,#7212,.F.);
#5871=ORIENTED_EDGE('',*,*,#6682,.F.);
#5872=CARTESIAN_POINT('',(6.32,0.18,-6.309133164221));
#5873=DIRECTION('',(-1.0,0.0,-0.0));
#5874=DIRECTION('',(0.0,0.0,-1.0));
#5875=ORIENTED_EDGE('',*,*,#7214,.T.);
#5876=ORIENTED_EDGE('',*,*,#6706,.T.);
#5877=ORIENTED_EDGE('',*,*,#7213,.F.);
#5878=ORIENTED_EDGE('',*,*,#6681,.F.);
#5879=CARTESIAN_POINT('',(6.32,-1.15,-7.295));
#5880=DIRECTION('',(-0.0,1.0,0.0));
#5881=DIRECTION('',(1.0,0.0,0.0));
#5882=ORIENTED_EDGE('',*,*,#7215,.T.);
#5883=ORIENTED_EDGE('',*,*,#6707,.T.);
#5884=ORIENTED_EDGE('',*,*,#7214,.F.);
#5885=ORIENTED_EDGE('',*,*,#6680,.F.);
#5886=CARTESIAN_POINT('',(6.32,-1.359435522388,-8.135));
#5887=DIRECTION('',(0.0,0.970295726275989,-0.241921895599697));
#5888=DIRECTION('',(-1.0,0.0,0.0));
#5889=ORIENTED_EDGE('',*,*,#7216,.T.);
#5890=ORIENTED_EDGE('',*,*,#6708,.T.);
#5891=ORIENTED_EDGE('',*,*,#7215,.F.);
#5892=ORIENTED_EDGE('',*,*,#6679,.F.);
#5893=CARTESIAN_POINT('',(6.32,-1.580564477612,-8.135));
#5894=DIRECTION('',(0.0,0.0,-1.0));
#5895=DIRECTION('',(0.0,-1.0,0.0));
#5896=ORIENTED_EDGE('',*,*,#7217,.T.);
#5897=ORIENTED_EDGE('',*,*,#6709,.T.);
#5898=ORIENTED_EDGE('',*,*,#7216,.F.);
#5899=ORIENTED_EDGE('',*,*,#6678,.F.);
#5900=CARTESIAN_POINT('',(6.32,-1.79,-7.295));
#5901=DIRECTION('',(0.0,-0.970295726275989,-0.241921895599697));
#5902=DIRECTION('',(0.0,0.241921895599697,-0.970295726275989));
#5903=ORIENTED_EDGE('',*,*,#7218,.T.);
#5904=ORIENTED_EDGE('',*,*,#6710,.T.);
#5905=ORIENTED_EDGE('',*,*,#7217,.F.);
#5906=ORIENTED_EDGE('',*,*,#6677,.F.);
#5907=CARTESIAN_POINT('',(6.32,-1.79,-7.045));
#5908=DIRECTION('',(0.0,-1.0,0.0));
#5909=DIRECTION('',(0.0,0.0,-1.0));
#5910=ORIENTED_EDGE('',*,*,#7210,.T.);
#5911=ORIENTED_EDGE('',*,*,#6711,.T.);
#5912=ORIENTED_EDGE('',*,*,#7218,.F.);
#5913=ORIENTED_EDGE('',*,*,#6676,.F.);
#5914=CARTESIAN_POINT('',(6.32,-0.46,-6.309133164221));
#5915=DIRECTION('',(-1.0,0.0,-0.0));
#5916=DIRECTION('',(0.0,0.0,-1.0));
#5917=ORIENTED_EDGE('',*,*,#7219,.T.);
#5918=ORIENTED_EDGE('',*,*,#7220,.F.);
#5919=ORIENTED_EDGE('',*,*,#7221,.F.);
#5920=ORIENTED_EDGE('',*,*,#6138,.T.);
#5921=CARTESIAN_POINT('',(9.325,-2.1175,1.555));
#5922=DIRECTION('',(-0.0,1.0,0.0));
#5923=DIRECTION('',(1.0,0.0,0.0));
#5924=ORIENTED_EDGE('',*,*,#7221,.T.);
#5925=ORIENTED_EDGE('',*,*,#7222,.F.);
#5926=ORIENTED_EDGE('',*,*,#7223,.F.);
#5927=ORIENTED_EDGE('',*,*,#6132,.T.);
#5928=CARTESIAN_POINT('',(9.325,-2.27375,1.555));
#5929=DIRECTION('',(0.0,0.0,-1.0));
#5930=DIRECTION('',(0.0,-1.0,0.0));
#5931=ORIENTED_EDGE('',*,*,#7223,.T.);
#5932=ORIENTED_EDGE('',*,*,#7224,.F.);
#5933=ORIENTED_EDGE('',*,*,#7225,.F.);
#5934=ORIENTED_EDGE('',*,*,#6133,.T.);
#5935=CARTESIAN_POINT('',(9.325,-2.27375,2.592234067917));
#5936=DIRECTION('',(0.0,-1.0,0.0));
#5937=DIRECTION('',(0.0,0.0,-1.0));
#5938=ORIENTED_EDGE('',*,*,#7225,.T.);
#5939=ORIENTED_EDGE('',*,*,#7226,.F.);
#5940=ORIENTED_EDGE('',*,*,#7227,.F.);
#5941=ORIENTED_EDGE('',*,*,#6134,.T.);
#5942=CARTESIAN_POINT('',(9.325,-2.43,2.406063802838));
#5943=DIRECTION('',(0.0,0.765974342782488,-0.64287114276419));
#5944=DIRECTION('',(-1.0,0.0,0.0));
#5945=ORIENTED_EDGE('',*,*,#7227,.T.);
#5946=ORIENTED_EDGE('',*,*,#7228,.F.);
#5947=ORIENTED_EDGE('',*,*,#7229,.F.);
#5948=ORIENTED_EDGE('',*,*,#6135,.T.);
#5949=CARTESIAN_POINT('',(9.325,-2.43,2.618829809427));
#5950=DIRECTION('',(0.0,-1.0,0.0));
#5951=DIRECTION('',(0.0,0.0,-1.0));
#5952=ORIENTED_EDGE('',*,*,#7229,.T.);
#5953=ORIENTED_EDGE('',*,*,#7230,.F.);
#5954=ORIENTED_EDGE('',*,*,#7231,.F.);
#5955=ORIENTED_EDGE('',*,*,#6136,.T.);
#5956=CARTESIAN_POINT('',(9.325,-2.27375,2.805));
#5957=DIRECTION('',(0.0,-0.765974216092578,0.642871293713882));
#5958=DIRECTION('',(-1.0,0.0,0.0));
#5959=ORIENTED_EDGE('',*,*,#7231,.T.);
#5960=ORIENTED_EDGE('',*,*,#7232,.F.);
#5961=ORIENTED_EDGE('',*,*,#7219,.F.);
#5962=ORIENTED_EDGE('',*,*,#6137,.T.);
#5963=CARTESIAN_POINT('',(9.325,-2.1175,2.805));
#5964=DIRECTION('',(0.0,0.0,1.0));
#5965=DIRECTION('',(1.0,0.0,0.0));
#5966=ORIENTED_EDGE('',*,*,#7232,.T.);
#5967=ORIENTED_EDGE('',*,*,#7230,.T.);
#5968=ORIENTED_EDGE('',*,*,#7228,.T.);
#5969=ORIENTED_EDGE('',*,*,#7226,.T.);
#5970=ORIENTED_EDGE('',*,*,#7224,.T.);
#5971=ORIENTED_EDGE('',*,*,#7222,.T.);
#5972=ORIENTED_EDGE('',*,*,#7220,.T.);
#5973=CARTESIAN_POINT('',(9.275,0.0,0.0));
#5974=DIRECTION('',(1.0,0.0,0.0));
#5975=DIRECTION('',(0.0,1.0,0.0));
#5976=ORIENTED_EDGE('',*,*,#6098,.T.);
#5977=ORIENTED_EDGE('',*,*,#6073,.T.);
#5978=ORIENTED_EDGE('',*,*,#7233,.T.);
#5979=ORIENTED_EDGE('',*,*,#6089,.T.);
#5980=CARTESIAN_POINT('',(-9.825,1.1,-0.345));
#5981=DIRECTION('',(0.0,-1.0,0.0));
#5982=DIRECTION('',(0.0,0.0,-1.0));
#5983=ORIENTED_EDGE('',*,*,#6090,.T.);
#5984=ORIENTED_EDGE('',*,*,#7233,.F.);
#5985=ORIENTED_EDGE('',*,*,#6072,.F.);
#5986=ORIENTED_EDGE('',*,*,#7234,.T.);
#5987=CARTESIAN_POINT('',(-9.825,0.575,-0.345));
#5988=DIRECTION('',(0.0,0.0,1.0));
#5989=DIRECTION('',(1.0,0.0,0.0));
#5990=ORIENTED_EDGE('',*,*,#6091,.T.);
#5991=ORIENTED_EDGE('',*,*,#7234,.F.);
#5992=ORIENTED_EDGE('',*,*,#6071,.F.);
#5993=ORIENTED_EDGE('',*,*,#7235,.T.);
#5994=CARTESIAN_POINT('',(-9.825,0.575,-2.845));
#5995=DIRECTION('',(0.0,-1.0,0.0));
#5996=DIRECTION('',(0.0,0.0,-1.0));
#5997=ORIENTED_EDGE('',*,*,#6092,.T.);
#5998=ORIENTED_EDGE('',*,*,#7235,.F.);
#5999=ORIENTED_EDGE('',*,*,#6070,.F.);
#6000=ORIENTED_EDGE('',*,*,#7236,.T.);
#6001=CARTESIAN_POINT('',(-9.825,-0.575,-2.845));
#6002=DIRECTION('',(0.0,0.0,1.0));
#6003=DIRECTION('',(1.0,0.0,0.0));
#6004=ORIENTED_EDGE('',*,*,#6093,.T.);
#6005=ORIENTED_EDGE('',*,*,#7236,.F.);
#6006=ORIENTED_EDGE('',*,*,#6069,.F.);
#6007=ORIENTED_EDGE('',*,*,#7237,.T.);
#6008=CARTESIAN_POINT('',(-9.825,-0.575,-0.345));
#6009=DIRECTION('',(-0.0,1.0,0.0));
#6010=DIRECTION('',(1.0,0.0,0.0));
#6011=ORIENTED_EDGE('',*,*,#6094,.T.);
#6012=ORIENTED_EDGE('',*,*,#7237,.F.);
#6013=ORIENTED_EDGE('',*,*,#6068,.F.);
#6014=ORIENTED_EDGE('',*,*,#6082,.T.);
#6015=CARTESIAN_POINT('',(-9.825,-1.1,-0.345));
#6016=DIRECTION('',(0.0,0.0,1.0));
#6017=DIRECTION('',(1.0,0.0,0.0));
#6018=AXIS2_PLACEMENT_3D('',#7238,#7239,#7240);
#6019=AXIS2_PLACEMENT_3D('',#7241,#7242,#7243);
#6020=AXIS2_PLACEMENT_3D('',#7244,#7245,#7246);
#6021=AXIS2_PLACEMENT_3D('',#7247,#7248,#7249);
#6022=AXIS2_PLACEMENT_3D('',#7250,#7251,#7252);
#6023=AXIS2_PLACEMENT_3D('',#7253,#7254,#7255);
#6024=AXIS2_PLACEMENT_3D('',#7256,#7257,#7258);
#6025=AXIS2_PLACEMENT_3D('',#7259,#7260,#7261);
#6026=AXIS2_PLACEMENT_3D('',#7262,#7263,#7264);
#6027=AXIS2_PLACEMENT_3D('',#7265,#7266,#7267);
#6028=AXIS2_PLACEMENT_3D('',#7268,#7269,#7270);
#6029=AXIS2_PLACEMENT_3D('',#7271,#7272,#7273);
#6030=AXIS2_PLACEMENT_3D('',#7274,#7275,#7276);
#6031=AXIS2_PLACEMENT_3D('',#7277,#7278,#7279);
#6032=AXIS2_PLACEMENT_3D('',#7280,#7281,#7282);
#6033=AXIS2_PLACEMENT_3D('',#7283,#7284,#7285);
#6034=AXIS2_PLACEMENT_3D('',#7286,#7287,#7288);
#6035=AXIS2_PLACEMENT_3D('',#7289,#7290,#7291);
#6036=AXIS2_PLACEMENT_3D('',#7292,#7293,#7294);
#6037=AXIS2_PLACEMENT_3D('',#7295,#7296,#7297);
#6038=AXIS2_PLACEMENT_3D('',#7298,#7299,#7300);
#6039=AXIS2_PLACEMENT_3D('',#7301,#7302,#7303);
#6040=AXIS2_PLACEMENT_3D('',#7304,#7305,#7306);
#6041=AXIS2_PLACEMENT_3D('',#7307,#7308,#7309);
#6042=CARTESIAN_POINT('',(9.325,-3.05,-3.355));
#6043=VECTOR('',#7310,7.768485326494);
#6044=CARTESIAN_POINT('',(-9.325,-3.05,-3.355));
#6045=VECTOR('',#7311,7.768485326494);
#6046=CARTESIAN_POINT('',(-9.0,2.47,-4.955));
#6047=VECTOR('',#7312,0.5300006341578);
#6048=CARTESIAN_POINT('',(9.0,2.47,-4.955));
#6049=VECTOR('',#7313,0.5300006341578);
#6050=EDGE_CURVE('',#7314,#7315,#7316,.T.);
#6051=EDGE_CURVE('',#7317,#7314,#7318,.T.);
#6052=EDGE_CURVE('',#7317,#7319,#7320,.T.);
#6053=EDGE_CURVE('',#7319,#7315,#7321,.T.);
#6054=EDGE_CURVE('',#7322,#7323,#7324,.T.);
#6055=EDGE_CURVE('',#7322,#7325,#7326,.T.);
#6056=EDGE_CURVE('',#7327,#7325,#7328,.T.);
#6057=EDGE_CURVE('',#7323,#7327,#7329,.T.);
#6058=EDGE_CURVE('',#7330,#7331,#7332,.T.);
#6059=EDGE_CURVE('',#7327,#7330,#7333,.T.);
#6060=EDGE_CURVE('',#7325,#7331,#7334,.T.);
#6061=EDGE_CURVE('',#7335,#7336,#7337,.T.);
#6062=EDGE_CURVE('',#7335,#7319,#7338,.T.);
#6063=EDGE_CURVE('',#7336,#7317,#7339,.T.);
#6064=EDGE_CURVE('',#7340,#7341,#7342,.T.);
#6065=EDGE_CURVE('',#7340,#7343,#7344,.T.);
#6066=EDGE_CURVE('',#7343,#7345,#7346,.T.);
#6067=EDGE_CURVE('',#7341,#7345,#7347,.T.);
#6068=EDGE_CURVE('',#7348,#7349,#7350,.T.);
#6069=EDGE_CURVE('',#7349,#7351,#7352,.T.);
#6070=EDGE_CURVE('',#7351,#7353,#7354,.T.);
#6071=EDGE_CURVE('',#7353,#7355,#7356,.T.);
#6072=EDGE_CURVE('',#7355,#7357,#7358,.T.);
#6073=EDGE_CURVE('',#7359,#7357,#7360,.T.);
#6074=EDGE_CURVE('',#7359,#7361,#7362,.T.);
#6075=EDGE_CURVE('',#7363,#7361,#7364,.T.);
#6076=EDGE_CURVE('',#7365,#7363,#7366,.T.);
#6077=EDGE_CURVE('',#7367,#7365,#7368,.T.);
#6078=EDGE_CURVE('',#7369,#7367,#7370,.T.);
#6079=EDGE_CURVE('',#7371,#7369,#7372,.T.);
#6080=EDGE_CURVE('',#7371,#7373,#7374,.T.);
#6081=EDGE_CURVE('',#7373,#7348,#7375,.T.);
#6082=EDGE_CURVE('',#7348,#7376,#7377,.T.);
#6083=EDGE_CURVE('',#7378,#7373,#7379,.T.);
#6084=EDGE_CURVE('',#7378,#7376,#7380,.T.);
#6085=EDGE_CURVE('',#7381,#7382,#7383,.T.);
#6086=EDGE_CURVE('',#7381,#7384,#7385,.T.);
#6087=EDGE_CURVE('',#7384,#7386,#7387,.T.);
#6088=EDGE_CURVE('',#7386,#7388,#7389,.T.);
#6089=EDGE_CURVE('',#7390,#7388,#7391,.T.);
#6090=EDGE_CURVE('',#7392,#7390,#7393,.T.);
#6091=EDGE_CURVE('',#7394,#7392,#7395,.T.);
#6092=EDGE_CURVE('',#7396,#7394,#7397,.T.);
#6093=EDGE_CURVE('',#7398,#7396,#7399,.T.);
#6094=EDGE_CURVE('',#7376,#7398,#7400,.T.);
#6095=EDGE_CURVE('',#7378,#7382,#7401,.T.);
#6096=EDGE_CURVE('',#7382,#7371,#7402,.T.);
#6097=EDGE_CURVE('',#7386,#7361,#7403,.T.);
#6098=EDGE_CURVE('',#7388,#7359,#7404,.T.);
#6099=EDGE_CURVE('',#7405,#7406,#7407,.T.);
#6100=EDGE_CURVE('',#7406,#7408,#7409,.T.);
#6101=EDGE_CURVE('',#7405,#7408,#7410,.T.);
#6102=EDGE_CURVE('',#7381,#7371,#7411,.T.);
#6103=EDGE_CURVE('',#7412,#7413,#7414,.T.);
#6104=EDGE_CURVE('',#7412,#7415,#7416,.T.);
#6105=EDGE_CURVE('',#7415,#7417,#7418,.T.);
#6106=EDGE_CURVE('',#7413,#7417,#7419,.T.);
#6107=EDGE_CURVE('',#7408,#7420,#7421,.T.);
#6108=EDGE_CURVE('',#7422,#7420,#7423,.T.);
#6109=EDGE_CURVE('',#7424,#7422,#7425,.T.);
#6110=EDGE_CURVE('',#7405,#7424,#7426,.T.);
#6111=EDGE_CURVE('',#7427,#7417,#7428,.T.);
#6112=EDGE_CURVE('',#7413,#7427,#7429,.T.);
#6113=EDGE_CURVE('',#7384,#7361,#7430,.T.);
#6114=EDGE_CURVE('',#7431,#7406,#7432,.T.);
#6115=EDGE_CURVE('',#7405,#7433,#7434,.T.);
#6116=EDGE_CURVE('',#7433,#7431,#7435,.T.);
#6117=EDGE_CURVE('',#7436,#7413,#7437,.T.);
#6118=EDGE_CURVE('',#7427,#7438,#7439,.T.);
#6119=EDGE_CURVE('',#7436,#7438,#7440,.T.);
#6120=EDGE_CURVE('',#7441,#7442,#7443,.T.);
#6121=EDGE_CURVE('',#7431,#7442,#7444,.T.);
#6122=EDGE_CURVE('',#7433,#7441,#7445,.T.);
#6123=EDGE_CURVE('',#7424,#7446,#7447,.T.);
#6124=EDGE_CURVE('',#7446,#7448,#7449,.T.);
#6125=EDGE_CURVE('',#7448,#7412,#7450,.T.);
#6126=EDGE_CURVE('',#7436,#7451,#7452,.T.);
#6127=EDGE_CURVE('',#7453,#7451,#7454,.T.);
#6128=EDGE_CURVE('',#7455,#7453,#7456,.T.);
#6129=EDGE_CURVE('',#7457,#7455,#7458,.T.);
#6130=EDGE_CURVE('',#7459,#7457,#7460,.T.);
#6131=EDGE_CURVE('',#7441,#7459,#7461,.T.);
#6132=EDGE_CURVE('',#7462,#7463,#7464,.T.);
#6133=EDGE_CURVE('',#7465,#7462,#7466,.T.);
#6134=EDGE_CURVE('',#7467,#7465,#7468,.T.);
#6135=EDGE_CURVE('',#7469,#7467,#7470,.T.);
#6136=EDGE_CURVE('',#7471,#7469,#7472,.T.);
#6137=EDGE_CURVE('',#7473,#7471,#7474,.T.);
#6138=EDGE_CURVE('',#7463,#7473,#7475,.T.);
#6139=EDGE_CURVE('',#7459,#7476,#7477,.T.);
#6140=EDGE_CURVE('',#7442,#7476,#7478,.T.);
#6141=EDGE_CURVE('',#7408,#7417,#7479,.T.);
#6142=EDGE_CURVE('',#7476,#7480,#7481,.T.);
#6143=EDGE_CURVE('',#7480,#7482,#7483,.T.);
#6144=EDGE_CURVE('',#7482,#7484,#7485,.T.);
#6145=EDGE_CURVE('',#7484,#7486,#7487,.T.);
#6146=EDGE_CURVE('',#7486,#7438,#7488,.T.);
#6147=EDGE_CURVE('',#7451,#7486,#7489,.T.);
#6148=EDGE_CURVE('',#7453,#7484,#7490,.T.);
#6149=EDGE_CURVE('',#7455,#7482,#7491,.T.);
#6150=EDGE_CURVE('',#7457,#7480,#7492,.T.);
#6151=EDGE_CURVE('',#7493,#7415,#7494,.T.);
#6152=EDGE_CURVE('',#7493,#7384,#7495,.T.);
#6153=EDGE_CURVE('',#7381,#7496,#7497,.T.);
#6154=EDGE_CURVE('',#7496,#7420,#7498,.T.);
#6155=EDGE_CURVE('',#7499,#7500,#7501,.T.);
#6156=EDGE_CURVE('',#7502,#7499,#7503,.T.);
#6157=EDGE_CURVE('',#7504,#7502,#7505,.T.);
#6158=EDGE_CURVE('',#7506,#7504,#7507,.T.);
#6159=EDGE_CURVE('',#7500,#7506,#7508,.T.);
#6160=EDGE_CURVE('',#7509,#7510,#7511,.T.);
#6161=EDGE_CURVE('',#7512,#7509,#7513,.T.);
#6162=EDGE_CURVE('',#7514,#7512,#7515,.T.);
#6163=EDGE_CURVE('',#7510,#7514,#7516,.T.);
#6164=EDGE_CURVE('',#7517,#7518,#7519,.T.);
#6165=EDGE_CURVE('',#7520,#7517,#7521,.T.);
#6166=EDGE_CURVE('',#7522,#7520,#7523,.T.);
#6167=EDGE_CURVE('',#7524,#7522,#7525,.T.);
#6168=EDGE_CURVE('',#7518,#7524,#7526,.T.);
#6169=EDGE_CURVE('',#7527,#7528,#7529,.T.);
#6170=EDGE_CURVE('',#7530,#7527,#7531,.T.);
#6171=EDGE_CURVE('',#7532,#7530,#7533,.T.);
#6172=EDGE_CURVE('',#7534,#7532,#7535,.T.);
#6173=EDGE_CURVE('',#7528,#7534,#7536,.T.);
#6174=EDGE_CURVE('',#7537,#7538,#7539,.T.);
#6175=EDGE_CURVE('',#7540,#7537,#7541,.T.);
#6176=EDGE_CURVE('',#7542,#7540,#7543,.T.);
#6177=EDGE_CURVE('',#7544,#7542,#7545,.T.);
#6178=EDGE_CURVE('',#7538,#7544,#7546,.T.);
#6179=EDGE_CURVE('',#7547,#7548,#7549,.T.);
#6180=EDGE_CURVE('',#7550,#7547,#7551,.T.);
#6181=EDGE_CURVE('',#7552,#7550,#7553,.T.);
#6182=EDGE_CURVE('',#7554,#7552,#7555,.T.);
#6183=EDGE_CURVE('',#7548,#7554,#7556,.T.);
#6184=EDGE_CURVE('',#7557,#7558,#7559,.T.);
#6185=EDGE_CURVE('',#7560,#7557,#7561,.T.);
#6186=EDGE_CURVE('',#7562,#7560,#7563,.T.);
#6187=EDGE_CURVE('',#7564,#7562,#7565,.T.);
#6188=EDGE_CURVE('',#7558,#7564,#7566,.T.);
#6189=EDGE_CURVE('',#7567,#7568,#7569,.T.);
#6190=EDGE_CURVE('',#7570,#7567,#7571,.T.);
#6191=EDGE_CURVE('',#7572,#7570,#7573,.T.);
#6192=EDGE_CURVE('',#7574,#7572,#7575,.T.);
#6193=EDGE_CURVE('',#7568,#7574,#7576,.T.);
#6194=EDGE_CURVE('',#7577,#7578,#7579,.T.);
#6195=EDGE_CURVE('',#7580,#7577,#7581,.T.);
#6196=EDGE_CURVE('',#7582,#7580,#7583,.T.);
#6197=EDGE_CURVE('',#7584,#7582,#7585,.T.);
#6198=EDGE_CURVE('',#7578,#7584,#7586,.T.);
#6199=EDGE_CURVE('',#7587,#7588,#7589,.T.);
#6200=EDGE_CURVE('',#7590,#7587,#7591,.T.);
#6201=EDGE_CURVE('',#7592,#7590,#7593,.T.);
#6202=EDGE_CURVE('',#7594,#7592,#7595,.T.);
#6203=EDGE_CURVE('',#7588,#7594,#7596,.T.);
#6204=EDGE_CURVE('',#7597,#7598,#7599,.T.);
#6205=EDGE_CURVE('',#7600,#7598,#7601,.T.);
#6206=EDGE_CURVE('',#7602,#7600,#7603,.T.);
#6207=EDGE_CURVE('',#7602,#7604,#7605,.T.);
#6208=EDGE_CURVE('',#7604,#7606,#7607,.T.);
#6209=EDGE_CURVE('',#7608,#7606,#7609,.T.);
#6210=EDGE_CURVE('',#7610,#7608,#7611,.T.);
#6211=EDGE_CURVE('',#7610,#7612,#7613,.T.);
#6212=EDGE_CURVE('',#7612,#7614,#7615,.T.);
#6213=EDGE_CURVE('',#7616,#7614,#7617,.T.);
#6214=EDGE_CURVE('',#7618,#7616,#7619,.T.);
#6215=EDGE_CURVE('',#7618,#7620,#7621,.T.);
#6216=EDGE_CURVE('',#7620,#7622,#7623,.T.);
#6217=EDGE_CURVE('',#7624,#7622,#7625,.T.);
#6218=EDGE_CURVE('',#7626,#7624,#7627,.T.);
#6219=EDGE_CURVE('',#7626,#7628,#7629,.T.);
#6220=EDGE_CURVE('',#7628,#7630,#7631,.T.);
#6221=EDGE_CURVE('',#7632,#7630,#7633,.T.);
#6222=EDGE_CURVE('',#7634,#7632,#7635,.T.);
#6223=EDGE_CURVE('',#7636,#7634,#7637,.T.);
#6224=EDGE_CURVE('',#7636,#7638,#7639,.T.);
#6225=EDGE_CURVE('',#7422,#7638,#7640,.T.);
#6226=EDGE_CURVE('',#7496,#7641,#7642,.T.);
#6227=EDGE_CURVE('',#7641,#7643,#7644,.T.);
#6228=EDGE_CURVE('',#7643,#7645,#7646,.T.);
#6229=EDGE_CURVE('',#7645,#7647,#7648,.T.);
#6230=EDGE_CURVE('',#7649,#7647,#7650,.T.);
#6231=EDGE_CURVE('',#7649,#7597,#7651,.T.);
#6232=EDGE_CURVE('',#7652,#7653,#7654,.T.);
#6233=EDGE_CURVE('',#7655,#7652,#7656,.T.);
#6234=EDGE_CURVE('',#7655,#7657,#7658,.T.);
#6235=EDGE_CURVE('',#7657,#7653,#7659,.T.);
#6236=EDGE_CURVE('',#7660,#7661,#7662,.T.);
#6237=EDGE_CURVE('',#7663,#7660,#7664,.T.);
#6238=EDGE_CURVE('',#7663,#7665,#7666,.T.);
#6239=EDGE_CURVE('',#7665,#7661,#7667,.T.);
#6240=EDGE_CURVE('',#7665,#7668,#7669,.T.);
#6241=EDGE_CURVE('',#7668,#7670,#7671,.T.);
#6242=EDGE_CURVE('',#7670,#7661,#7672,.T.);
#6243=EDGE_CURVE('',#7657,#7673,#7674,.T.);
#6244=EDGE_CURVE('',#7673,#7675,#7676,.T.);
#6245=EDGE_CURVE('',#7675,#7653,#7677,.T.);
#6246=EDGE_CURVE('',#7670,#7678,#7679,.T.);
#6247=EDGE_CURVE('',#7678,#7660,#7680,.T.);
#6248=EDGE_CURVE('',#7681,#7678,#7682,.T.);
#6249=EDGE_CURVE('',#7663,#7681,#7683,.T.);
#6250=EDGE_CURVE('',#7684,#7652,#7685,.T.);
#6251=EDGE_CURVE('',#7686,#7684,#7687,.T.);
#6252=EDGE_CURVE('',#7655,#7686,#7688,.T.);
#6253=EDGE_CURVE('',#7668,#7681,#7689,.T.);
#6254=EDGE_CURVE('',#7673,#7686,#7690,.T.);
#6255=EDGE_CURVE('',#7675,#7684,#7691,.T.);
#6256=EDGE_CURVE('',#7692,#7693,#7694,.T.);
#6257=EDGE_CURVE('',#7693,#7597,#7695,.T.);
#6258=EDGE_CURVE('',#7696,#7649,#7697,.T.);
#6259=EDGE_CURVE('',#7696,#7698,#7699,.T.);
#6260=EDGE_CURVE('',#7698,#7692,#7700,.T.);
#6261=EDGE_CURVE('',#7701,#7702,#7703,.T.);
#6262=EDGE_CURVE('',#7702,#7704,#7705,.T.);
#6263=EDGE_CURVE('',#7706,#7704,#7707,.T.);
#6264=EDGE_CURVE('',#7706,#7701,#7708,.T.);
#6265=EDGE_CURVE('',#7709,#7710,#7711,.T.);
#6266=EDGE_CURVE('',#7709,#7712,#7713,.T.);
#6267=EDGE_CURVE('',#7712,#7714,#7715,.T.);
#6268=EDGE_CURVE('',#7714,#7710,#7716,.T.);
#6269=EDGE_CURVE('',#7717,#7718,#7719,.T.);
#6270=EDGE_CURVE('',#7718,#7720,#7721,.T.);
#6271=EDGE_CURVE('',#7722,#7720,#7723,.T.);
#6272=EDGE_CURVE('',#7722,#7717,#7724,.T.);
#6273=EDGE_CURVE('',#7725,#7726,#7727,.T.);
#6274=EDGE_CURVE('',#7728,#7726,#7729,.T.);
#6275=EDGE_CURVE('',#7730,#7728,#7731,.T.);
#6276=EDGE_CURVE('',#7730,#7732,#7733,.T.);
#6277=EDGE_CURVE('',#7732,#7734,#7735,.T.);
#6278=EDGE_CURVE('',#7736,#7734,#7737,.T.);
#6279=EDGE_CURVE('',#7738,#7736,#7739,.T.);
#6280=EDGE_CURVE('',#7738,#7740,#7741,.T.);
#6281=EDGE_CURVE('',#7740,#7742,#7743,.T.);
#6282=EDGE_CURVE('',#7744,#7742,#7745,.T.);
#6283=EDGE_CURVE('',#7746,#7744,#7747,.T.);
#6284=EDGE_CURVE('',#7748,#7746,#7749,.T.);
#6285=EDGE_CURVE('',#7748,#7750,#7751,.T.);
#6286=EDGE_CURVE('',#7752,#7750,#7753,.T.);
#6287=EDGE_CURVE('',#7754,#7752,#7755,.T.);
#6288=EDGE_CURVE('',#7756,#7754,#7757,.T.);
#6289=EDGE_CURVE('',#7756,#7758,#7759,.T.);
#6290=EDGE_CURVE('',#7758,#7725,#7760,.T.);
#6291=EDGE_CURVE('',#7761,#7762,#7763,.T.);
#6292=EDGE_CURVE('',#7764,#7762,#7765,.T.);
#6293=EDGE_CURVE('',#7766,#7764,#7767,.T.);
#6294=EDGE_CURVE('',#7766,#7768,#7769,.T.);
#6295=EDGE_CURVE('',#7768,#7770,#7771,.T.);
#6296=EDGE_CURVE('',#7772,#7770,#7773,.T.);
#6297=EDGE_CURVE('',#7774,#7772,#7775,.T.);
#6298=EDGE_CURVE('',#7774,#7776,#7777,.T.);
#6299=EDGE_CURVE('',#7776,#7778,#7779,.T.);
#6300=EDGE_CURVE('',#7780,#7778,#7781,.T.);
#6301=EDGE_CURVE('',#7782,#7780,#7783,.T.);
#6302=EDGE_CURVE('',#7784,#7782,#7785,.T.);
#6303=EDGE_CURVE('',#7784,#7786,#7787,.T.);
#6304=EDGE_CURVE('',#7788,#7786,#7789,.T.);
#6305=EDGE_CURVE('',#7790,#7788,#7791,.T.);
#6306=EDGE_CURVE('',#7790,#7792,#7793,.T.);
#6307=EDGE_CURVE('',#7792,#7794,#7795,.T.);
#6308=EDGE_CURVE('',#7796,#7794,#7797,.T.);
#6309=EDGE_CURVE('',#7798,#7796,#7799,.T.);
#6310=EDGE_CURVE('',#7798,#7800,#7801,.T.);
#6311=EDGE_CURVE('',#7800,#7802,#7803,.T.);
#6312=EDGE_CURVE('',#7804,#7802,#7805,.T.);
#6313=EDGE_CURVE('',#7804,#7806,#7807,.T.);
#6314=EDGE_CURVE('',#7806,#7761,#7808,.T.);
#6315=EDGE_CURVE('',#7809,#7810,#7811,.T.);
#6316=EDGE_CURVE('',#7812,#7810,#7813,.T.);
#6317=EDGE_CURVE('',#7814,#7812,#7815,.T.);
#6318=EDGE_CURVE('',#7814,#7816,#7817,.T.);
#6319=EDGE_CURVE('',#7816,#7818,#7819,.T.);
#6320=EDGE_CURVE('',#7820,#7818,#7821,.T.);
#6321=EDGE_CURVE('',#7822,#7820,#7823,.T.);
#6322=EDGE_CURVE('',#7822,#7824,#7825,.T.);
#6323=EDGE_CURVE('',#7824,#7826,#7827,.T.);
#6324=EDGE_CURVE('',#7828,#7826,#7829,.T.);
#6325=EDGE_CURVE('',#7830,#7828,#7831,.T.);
#6326=EDGE_CURVE('',#7830,#7832,#7833,.T.);
#6327=EDGE_CURVE('',#7832,#7834,#7835,.T.);
#6328=EDGE_CURVE('',#7836,#7834,#7837,.T.);
#6329=EDGE_CURVE('',#7838,#7836,#7839,.T.);
#6330=EDGE_CURVE('',#7838,#7840,#7841,.T.);
#6331=EDGE_CURVE('',#7840,#7842,#7843,.T.);
#6332=EDGE_CURVE('',#7844,#7842,#7845,.T.);
#6333=EDGE_CURVE('',#7846,#7844,#7847,.T.);
#6334=EDGE_CURVE('',#7846,#7848,#7849,.T.);
#6335=EDGE_CURVE('',#7848,#7850,#7851,.T.);
#6336=EDGE_CURVE('',#7852,#7850,#7853,.T.);
#6337=EDGE_CURVE('',#7852,#7854,#7855,.T.);
#6338=EDGE_CURVE('',#7854,#7809,#7856,.T.);
#6339=EDGE_CURVE('',#7857,#7858,#7859,.T.);
#6340=EDGE_CURVE('',#7860,#7858,#7861,.T.);
#6341=EDGE_CURVE('',#7862,#7860,#7863,.T.);
#6342=EDGE_CURVE('',#7862,#7864,#7865,.T.);
#6343=EDGE_CURVE('',#7864,#7866,#7867,.T.);
#6344=EDGE_CURVE('',#7868,#7866,#7869,.T.);
#6345=EDGE_CURVE('',#7870,#7868,#7871,.T.);
#6346=EDGE_CURVE('',#7870,#7872,#7873,.T.);
#6347=EDGE_CURVE('',#7872,#7874,#7875,.T.);
#6348=EDGE_CURVE('',#7876,#7874,#7877,.T.);
#6349=EDGE_CURVE('',#7878,#7876,#7879,.T.);
#6350=EDGE_CURVE('',#7878,#7880,#7881,.T.);
#6351=EDGE_CURVE('',#7880,#7882,#7883,.T.);
#6352=EDGE_CURVE('',#7884,#7882,#7885,.T.);
#6353=EDGE_CURVE('',#7886,#7884,#7887,.T.);
#6354=EDGE_CURVE('',#7886,#7888,#7889,.T.);
#6355=EDGE_CURVE('',#7888,#7890,#7891,.T.);
#6356=EDGE_CURVE('',#7892,#7890,#7893,.T.);
#6357=EDGE_CURVE('',#7894,#7892,#7895,.T.);
#6358=EDGE_CURVE('',#7894,#7896,#7897,.T.);
#6359=EDGE_CURVE('',#7896,#7898,#7899,.T.);
#6360=EDGE_CURVE('',#7900,#7898,#7901,.T.);
#6361=EDGE_CURVE('',#7900,#7902,#7903,.T.);
#6362=EDGE_CURVE('',#7902,#7857,#7904,.T.);
#6363=EDGE_CURVE('',#7698,#7905,#7906,.T.);
#6364=EDGE_CURVE('',#7907,#7905,#7908,.T.);
#6365=EDGE_CURVE('',#7907,#7909,#7910,.T.);
#6366=EDGE_CURVE('',#7909,#7911,#7912,.T.);
#6367=EDGE_CURVE('',#7913,#7911,#7914,.T.);
#6368=EDGE_CURVE('',#7915,#7913,#7916,.T.);
#6369=EDGE_CURVE('',#7917,#7915,#7918,.T.);
#6370=EDGE_CURVE('',#7917,#7919,#7920,.T.);
#6371=EDGE_CURVE('',#7919,#7712,#7921,.T.);
#6372=EDGE_CURVE('',#7922,#7709,#7923,.T.);
#6373=EDGE_CURVE('',#7922,#7924,#7925,.T.);
#6374=EDGE_CURVE('',#7924,#7717,#7926,.T.);
#6375=EDGE_CURVE('',#7927,#7722,#7928,.T.);
#6376=EDGE_CURVE('',#7927,#7929,#7930,.T.);
#6377=EDGE_CURVE('',#7929,#7692,#7931,.T.);
#6378=EDGE_CURVE('',#7932,#7933,#7934,.T.);
#6379=EDGE_CURVE('',#7935,#7933,#7936,.T.);
#6380=EDGE_CURVE('',#7937,#7935,#7938,.T.);
#6381=EDGE_CURVE('',#7937,#7939,#7940,.T.);
#6382=EDGE_CURVE('',#7939,#7941,#7942,.T.);
#6383=EDGE_CURVE('',#7943,#7941,#7944,.T.);
#6384=EDGE_CURVE('',#7945,#7943,#7946,.T.);
#6385=EDGE_CURVE('',#7945,#7947,#7948,.T.);
#6386=EDGE_CURVE('',#7947,#7949,#7950,.T.);
#6387=EDGE_CURVE('',#7951,#7949,#7952,.T.);
#6388=EDGE_CURVE('',#7953,#7951,#7954,.T.);
#6389=EDGE_CURVE('',#7953,#7955,#7956,.T.);
#6390=EDGE_CURVE('',#7955,#7957,#7958,.T.);
#6391=EDGE_CURVE('',#7959,#7957,#7960,.T.);
#6392=EDGE_CURVE('',#7961,#7959,#7962,.T.);
#6393=EDGE_CURVE('',#7961,#7963,#7964,.T.);
#6394=EDGE_CURVE('',#7963,#7965,#7966,.T.);
#6395=EDGE_CURVE('',#7967,#7965,#7968,.T.);
#6396=EDGE_CURVE('',#7969,#7967,#7970,.T.);
#6397=EDGE_CURVE('',#7969,#7971,#7972,.T.);
#6398=EDGE_CURVE('',#7971,#7973,#7974,.T.);
#6399=EDGE_CURVE('',#7975,#7973,#7976,.T.);
#6400=EDGE_CURVE('',#7975,#7977,#7978,.T.);
#6401=EDGE_CURVE('',#7977,#7932,#7979,.T.);
#6402=EDGE_CURVE('',#7980,#7981,#7982,.T.);
#6403=EDGE_CURVE('',#7983,#7980,#7984,.T.);
#6404=EDGE_CURVE('',#7985,#7983,#7986,.T.);
#6405=EDGE_CURVE('',#7981,#7985,#7987,.T.);
#6406=EDGE_CURVE('',#7988,#7740,#7989,.T.);
#6407=EDGE_CURVE('',#7990,#7738,#7991,.T.);
#6408=EDGE_CURVE('',#7988,#7990,#7992,.T.);
#6409=EDGE_CURVE('',#7993,#7758,#7994,.T.);
#6410=EDGE_CURVE('',#7993,#7632,#7995,.T.);
#6411=EDGE_CURVE('',#7996,#7630,#7997,.T.);
#6412=EDGE_CURVE('',#7996,#7725,#7998,.T.);
#6413=EDGE_CURVE('',#7999,#7730,#8000,.T.);
#6414=EDGE_CURVE('',#8001,#7999,#8002,.T.);
#6415=EDGE_CURVE('',#8001,#7732,#8003,.T.);
#6416=EDGE_CURVE('',#8004,#7981,#8005,.T.);
#6417=EDGE_CURVE('',#8006,#7985,#8007,.T.);
#6418=EDGE_CURVE('',#8004,#8006,#8008,.T.);
#6419=EDGE_CURVE('',#8009,#7988,#8010,.T.);
#6420=EDGE_CURVE('',#8011,#7990,#8012,.T.);
#6421=EDGE_CURVE('',#8009,#8011,#8013,.T.);
#6422=EDGE_CURVE('',#8014,#7999,#8015,.T.);
#6423=EDGE_CURVE('',#8016,#8014,#8017,.T.);
#6424=EDGE_CURVE('',#8016,#8001,#8018,.T.);
#6425=EDGE_CURVE('',#8019,#7628,#8020,.T.);
#6426=EDGE_CURVE('',#8019,#7996,#8021,.T.);
#6427=EDGE_CURVE('',#8022,#8006,#8023,.T.);
#6428=EDGE_CURVE('',#8022,#8024,#8025,.T.);
#6429=EDGE_CURVE('',#8024,#8004,#8026,.T.);
#6430=EDGE_CURVE('',#7788,#8011,#8027,.T.);
#6431=EDGE_CURVE('',#7786,#8009,#8028,.T.);
#6432=EDGE_CURVE('',#7802,#8019,#8029,.T.);
#6433=EDGE_CURVE('',#8030,#7626,#8031,.T.);
#6434=EDGE_CURVE('',#8030,#7804,#8032,.T.);
#6435=EDGE_CURVE('',#7794,#8016,#8033,.T.);
#6436=EDGE_CURVE('',#7796,#8014,#8034,.T.);
#6437=EDGE_CURVE('',#8035,#7701,#8036,.T.);
#6438=EDGE_CURVE('',#8035,#8037,#8038,.T.);
#6439=EDGE_CURVE('',#8037,#8039,#8040,.T.);
#6440=EDGE_CURVE('',#8039,#8041,#8042,.T.);
#6441=EDGE_CURVE('',#7980,#8041,#8043,.T.);
#6442=EDGE_CURVE('',#8044,#8024,#8045,.T.);
#6443=EDGE_CURVE('',#8044,#8046,#8047,.T.);
#6444=EDGE_CURVE('',#8048,#8046,#8049,.T.);
#6445=EDGE_CURVE('',#8050,#8048,#8051,.T.);
#6446=EDGE_CURVE('',#8052,#8050,#8053,.T.);
#6447=EDGE_CURVE('',#8052,#8054,#8055,.T.);
#6448=EDGE_CURVE('',#8056,#8054,#8057,.T.);
#6449=EDGE_CURVE('',#8058,#8056,#8059,.T.);
#6450=EDGE_CURVE('',#8060,#8058,#8061,.T.);
#6451=EDGE_CURVE('',#8060,#8062,#8063,.T.);
#6452=EDGE_CURVE('',#8064,#8062,#8065,.T.);
#6453=EDGE_CURVE('',#8066,#8064,#8067,.T.);
#6454=EDGE_CURVE('',#8068,#8066,#8069,.T.);
#6455=EDGE_CURVE('',#8068,#8070,#8071,.T.);
#6456=EDGE_CURVE('',#7702,#8070,#8072,.T.);
#6457=EDGE_CURVE('',#8070,#8073,#8074,.T.);
#6458=EDGE_CURVE('',#7704,#8073,#8075,.T.);
#6459=EDGE_CURVE('',#7714,#8076,#8077,.T.);
#6460=EDGE_CURVE('',#8076,#8078,#8079,.T.);
#6461=EDGE_CURVE('',#7710,#8078,#8080,.T.);
#6462=EDGE_CURVE('',#8081,#8082,#8083,.T.);
#6463=EDGE_CURVE('',#7720,#8082,#8084,.T.);
#6464=EDGE_CURVE('',#7718,#8081,#8085,.T.);
#6465=EDGE_CURVE('',#8086,#7598,#8087,.T.);
#6466=EDGE_CURVE('',#7693,#8086,#8088,.T.);
#6467=EDGE_CURVE('',#8089,#8090,#8091,.T.);
#6468=EDGE_CURVE('',#8090,#8092,#8093,.T.);
#6469=EDGE_CURVE('',#8092,#7706,#8094,.T.);
#6470=EDGE_CURVE('',#8073,#8095,#8096,.T.);
#6471=EDGE_CURVE('',#8095,#8097,#8098,.T.);
#6472=EDGE_CURVE('',#8089,#8097,#8099,.T.);
#6473=EDGE_CURVE('',#8100,#8101,#8102,.T.);
#6474=EDGE_CURVE('',#8103,#8101,#8104,.T.);
#6475=EDGE_CURVE('',#8105,#8103,#8106,.T.);
#6476=EDGE_CURVE('',#8100,#8105,#8107,.T.);
#6477=EDGE_CURVE('',#7941,#8108,#8109,.T.);
#6478=EDGE_CURVE('',#8108,#8110,#8111,.T.);
#6479=EDGE_CURVE('',#8110,#7943,#8112,.T.);
#6480=EDGE_CURVE('',#8113,#8105,#8114,.T.);
#6481=EDGE_CURVE('',#8103,#8115,#8116,.T.);
#6482=EDGE_CURVE('',#8115,#8113,#8117,.T.);
#6483=EDGE_CURVE('',#8118,#8097,#8119,.T.);
#6484=EDGE_CURVE('',#7951,#8118,#8120,.T.);
#6485=EDGE_CURVE('',#7949,#8121,#8122,.T.);
#6486=EDGE_CURVE('',#8121,#8123,#8124,.T.);
#6487=EDGE_CURVE('',#8123,#8125,#8126,.T.);
#6488=EDGE_CURVE('',#8125,#8127,#8128,.T.);
#6489=EDGE_CURVE('',#8127,#8129,#8130,.T.);
#6490=EDGE_CURVE('',#8129,#8131,#8132,.T.);
#6491=EDGE_CURVE('',#8131,#8133,#8134,.T.);
#6492=EDGE_CURVE('',#8133,#8089,#8135,.T.);
#6493=EDGE_CURVE('',#8136,#8137,#8138,.T.);
#6494=EDGE_CURVE('',#8137,#8139,#8140,.T.);
#6495=EDGE_CURVE('',#8139,#8141,#8142,.T.);
#6496=EDGE_CURVE('',#8141,#8136,#8143,.T.);
#6497=EDGE_CURVE('',#7933,#8144,#8145,.T.);
#6498=EDGE_CURVE('',#8144,#8146,#8147,.T.);
#6499=EDGE_CURVE('',#8146,#8148,#8149,.T.);
#6500=EDGE_CURVE('',#8148,#8150,#8151,.T.);
#6501=EDGE_CURVE('',#8150,#8152,#8153,.T.);
#6502=EDGE_CURVE('',#8152,#8154,#8155,.T.);
#6503=EDGE_CURVE('',#8154,#8156,#8157,.T.);
#6504=EDGE_CURVE('',#8156,#8158,#8159,.T.);
#6505=EDGE_CURVE('',#8158,#7935,#8160,.T.);
#6506=EDGE_CURVE('',#8110,#8161,#8162,.T.);
#6507=EDGE_CURVE('',#8161,#7922,#8163,.T.);
#6508=EDGE_CURVE('',#8078,#7945,#8164,.T.);
#6509=EDGE_CURVE('',#8165,#7977,#8166,.T.);
#6510=EDGE_CURVE('',#8165,#7600,#8167,.T.);
#6511=EDGE_CURVE('',#8086,#7932,#8168,.T.);
#6512=EDGE_CURVE('',#8095,#8068,#8169,.T.);
#6513=EDGE_CURVE('',#8076,#7947,#8170,.T.);
#6514=EDGE_CURVE('',#8082,#7937,#8171,.T.);
#6515=EDGE_CURVE('',#8081,#7939,#8172,.T.);
#6516=EDGE_CURVE('',#8141,#8173,#8174,.T.);
#6517=EDGE_CURVE('',#8173,#8175,#8176,.T.);
#6518=EDGE_CURVE('',#8175,#8136,#8177,.T.);
#6519=EDGE_CURVE('',#7929,#8178,#8179,.T.);
#6520=EDGE_CURVE('',#8144,#8178,#8180,.T.);
#6521=EDGE_CURVE('',#8181,#8182,#8183,.T.);
#6522=EDGE_CURVE('',#8182,#8184,#8185,.T.);
#6523=EDGE_CURVE('',#8184,#8186,#8187,.T.);
#6524=EDGE_CURVE('',#8186,#8188,#8189,.T.);
#6525=EDGE_CURVE('',#8188,#8181,#8190,.T.);
#6526=EDGE_CURVE('',#8191,#8192,#8193,.T.);
#6527=EDGE_CURVE('',#8191,#8194,#8195,.T.);
#6528=EDGE_CURVE('',#8194,#8196,#8197,.T.);
#6529=EDGE_CURVE('',#8192,#8196,#8198,.T.);
#6530=EDGE_CURVE('',#8199,#8200,#8201,.T.);
#6531=EDGE_CURVE('',#8200,#8202,#8203,.T.);
#6532=EDGE_CURVE('',#8202,#8204,#8205,.T.);
#6533=EDGE_CURVE('',#8204,#8199,#8206,.T.);
#6534=EDGE_CURVE('',#8207,#8208,#8209,.T.);
#6535=EDGE_CURVE('',#8207,#8210,#8211,.T.);
#6536=EDGE_CURVE('',#8210,#8212,#8213,.T.);
#6537=EDGE_CURVE('',#8208,#8212,#8214,.T.);
#6538=EDGE_CURVE('',#8215,#8216,#8217,.T.);
#6539=EDGE_CURVE('',#8216,#8218,#8219,.T.);
#6540=EDGE_CURVE('',#8218,#8220,#8221,.T.);
#6541=EDGE_CURVE('',#8220,#8222,#8223,.T.);
#6542=EDGE_CURVE('',#8222,#8215,#8224,.T.);
#6543=EDGE_CURVE('',#8225,#8226,#8227,.T.);
#6544=EDGE_CURVE('',#8225,#8228,#8229,.T.);
#6545=EDGE_CURVE('',#8228,#8230,#8231,.T.);
#6546=EDGE_CURVE('',#8226,#8230,#8232,.T.);
#6547=EDGE_CURVE('',#8233,#8234,#8235,.T.);
#6548=EDGE_CURVE('',#8234,#8236,#8237,.T.);
#6549=EDGE_CURVE('',#8236,#8238,#8239,.T.);
#6550=EDGE_CURVE('',#8238,#8240,#8241,.T.);
#6551=EDGE_CURVE('',#8240,#8233,#8242,.T.);
#6552=EDGE_CURVE('',#8243,#8244,#8245,.T.);
#6553=EDGE_CURVE('',#8243,#8246,#8247,.T.);
#6554=EDGE_CURVE('',#8246,#8248,#8249,.T.);
#6555=EDGE_CURVE('',#8244,#8248,#8250,.T.);
#6556=EDGE_CURVE('',#8251,#8252,#8253,.T.);
#6557=EDGE_CURVE('',#8252,#8254,#8255,.T.);
#6558=EDGE_CURVE('',#8254,#8256,#8257,.T.);
#6559=EDGE_CURVE('',#8256,#8258,#8259,.T.);
#6560=EDGE_CURVE('',#8258,#8251,#8260,.T.);
#6561=EDGE_CURVE('',#8261,#8262,#8263,.T.);
#6562=EDGE_CURVE('',#8261,#8264,#8265,.T.);
#6563=EDGE_CURVE('',#8264,#8266,#8267,.T.);
#6564=EDGE_CURVE('',#8262,#8266,#8268,.T.);
#6565=EDGE_CURVE('',#8269,#8270,#8271,.T.);
#6566=EDGE_CURVE('',#8270,#8272,#8273,.T.);
#6567=EDGE_CURVE('',#8272,#8274,#8275,.T.);
#6568=EDGE_CURVE('',#8274,#8276,#8277,.T.);
#6569=EDGE_CURVE('',#8276,#8269,#8278,.T.);
#6570=EDGE_CURVE('',#8279,#8280,#8281,.T.);
#6571=EDGE_CURVE('',#8279,#8282,#8283,.T.);
#6572=EDGE_CURVE('',#8282,#8284,#8285,.T.);
#6573=EDGE_CURVE('',#8280,#8284,#8286,.T.);
#6574=EDGE_CURVE('',#8287,#8288,#8289,.T.);
#6575=EDGE_CURVE('',#8288,#8290,#8291,.T.);
#6576=EDGE_CURVE('',#8290,#8292,#8293,.T.);
#6577=EDGE_CURVE('',#8292,#8294,#8295,.T.);
#6578=EDGE_CURVE('',#8294,#8287,#8296,.T.);
#6579=EDGE_CURVE('',#8297,#8298,#8299,.T.);
#6580=EDGE_CURVE('',#8297,#8300,#8301,.T.);
#6581=EDGE_CURVE('',#8300,#8302,#8303,.T.);
#6582=EDGE_CURVE('',#8298,#8302,#8304,.T.);
#6583=EDGE_CURVE('',#8305,#8306,#8307,.T.);
#6584=EDGE_CURVE('',#8306,#8308,#8309,.T.);
#6585=EDGE_CURVE('',#8308,#8310,#8311,.T.);
#6586=EDGE_CURVE('',#8310,#8312,#8313,.T.);
#6587=EDGE_CURVE('',#8312,#8305,#8314,.T.);
#6588=EDGE_CURVE('',#8315,#8316,#8317,.T.);
#6589=EDGE_CURVE('',#8315,#8318,#8319,.T.);
#6590=EDGE_CURVE('',#8318,#8320,#8321,.T.);
#6591=EDGE_CURVE('',#8316,#8320,#8322,.T.);
#6592=EDGE_CURVE('',#8323,#8324,#8325,.T.);
#6593=EDGE_CURVE('',#8324,#8326,#8327,.T.);
#6594=EDGE_CURVE('',#8326,#8328,#8329,.T.);
#6595=EDGE_CURVE('',#8328,#8330,#8331,.T.);
#6596=EDGE_CURVE('',#8330,#8323,#8332,.T.);
#6597=EDGE_CURVE('',#8175,#8333,#8334,.T.);
#6598=EDGE_CURVE('',#8333,#8137,#8335,.T.);
#6599=EDGE_CURVE('',#8336,#8337,#8338,.T.);
#6600=EDGE_CURVE('',#8337,#8339,#8340,.T.);
#6601=EDGE_CURVE('',#8339,#8341,#8342,.T.);
#6602=EDGE_CURVE('',#8341,#8343,#8344,.T.);
#6603=EDGE_CURVE('',#8343,#8336,#8345,.T.);
#6604=EDGE_CURVE('',#8346,#8113,#8347,.T.);
#6605=EDGE_CURVE('',#8346,#8100,#8348,.T.);
#6606=EDGE_CURVE('',#7506,#8181,#8349,.T.);
#6607=EDGE_CURVE('',#7500,#8188,#8350,.T.);
#6608=EDGE_CURVE('',#7499,#8186,#8351,.T.);
#6609=EDGE_CURVE('',#7502,#8184,#8352,.T.);
#6610=EDGE_CURVE('',#7504,#8182,#8353,.T.);
#6611=EDGE_CURVE('',#7514,#8199,#8354,.T.);
#6612=EDGE_CURVE('',#7510,#8204,#8355,.T.);
#6613=EDGE_CURVE('',#7509,#8202,#8356,.T.);
#6614=EDGE_CURVE('',#7512,#8200,#8357,.T.);
#6615=EDGE_CURVE('',#7524,#8215,#8358,.T.);
#6616=EDGE_CURVE('',#7518,#8222,#8359,.T.);
#6617=EDGE_CURVE('',#7517,#8220,#8360,.T.);
#6618=EDGE_CURVE('',#7520,#8218,#8361,.T.);
#6619=EDGE_CURVE('',#7522,#8216,#8362,.T.);
#6620=EDGE_CURVE('',#7534,#8233,#8363,.T.);
#6621=EDGE_CURVE('',#7528,#8240,#8364,.T.);
#6622=EDGE_CURVE('',#7527,#8238,#8365,.T.);
#6623=EDGE_CURVE('',#7530,#8236,#8366,.T.);
#6624=EDGE_CURVE('',#7532,#8234,#8367,.T.);
#6625=EDGE_CURVE('',#7544,#8251,#8368,.T.);
#6626=EDGE_CURVE('',#7538,#8258,#8369,.T.);
#6627=EDGE_CURVE('',#7537,#8256,#8370,.T.);
#6628=EDGE_CURVE('',#7540,#8254,#8371,.T.);
#6629=EDGE_CURVE('',#7542,#8252,#8372,.T.);
#6630=EDGE_CURVE('',#7554,#8269,#8373,.T.);
#6631=EDGE_CURVE('',#7548,#8276,#8374,.T.);
#6632=EDGE_CURVE('',#7547,#8274,#8375,.T.);
#6633=EDGE_CURVE('',#7550,#8272,#8376,.T.);
#6634=EDGE_CURVE('',#7552,#8270,#8377,.T.);
#6635=EDGE_CURVE('',#7564,#8287,#8378,.T.);
#6636=EDGE_CURVE('',#7558,#8294,#8379,.T.);
#6637=EDGE_CURVE('',#7557,#8292,#8380,.T.);
#6638=EDGE_CURVE('',#7560,#8290,#8381,.T.);
#6639=EDGE_CURVE('',#7562,#8288,#8382,.T.);
#6640=EDGE_CURVE('',#7574,#8305,#8383,.T.);
#6641=EDGE_CURVE('',#7568,#8312,#8384,.T.);
#6642=EDGE_CURVE('',#7567,#8310,#8385,.T.);
#6643=EDGE_CURVE('',#7570,#8308,#8386,.T.);
#6644=EDGE_CURVE('',#7572,#8306,#8387,.T.);
#6645=EDGE_CURVE('',#7584,#8323,#8388,.T.);
#6646=EDGE_CURVE('',#7578,#8330,#8389,.T.);
#6647=EDGE_CURVE('',#7577,#8328,#8390,.T.);
#6648=EDGE_CURVE('',#7580,#8326,#8391,.T.);
#6649=EDGE_CURVE('',#7582,#8324,#8392,.T.);
#6650=EDGE_CURVE('',#7594,#8336,#8393,.T.);
#6651=EDGE_CURVE('',#7588,#8343,#8394,.T.);
#6652=EDGE_CURVE('',#7587,#8341,#8395,.T.);
#6653=EDGE_CURVE('',#7590,#8339,#8396,.T.);
#6654=EDGE_CURVE('',#7592,#8337,#8397,.T.);
#6655=EDGE_CURVE('',#7734,#8398,#8399,.T.);
#6656=EDGE_CURVE('',#8398,#8400,#8401,.T.);
#6657=EDGE_CURVE('',#8400,#7736,#8402,.T.);
#6658=EDGE_CURVE('',#8196,#8403,#8404,.T.);
#6659=EDGE_CURVE('',#8403,#8405,#8406,.T.);
#6660=EDGE_CURVE('',#8405,#8192,#8407,.T.);
#6661=EDGE_CURVE('',#8408,#8409,#8410,.T.);
#6662=EDGE_CURVE('',#7744,#8408,#8411,.T.);
#6663=EDGE_CURVE('',#7742,#8412,#8413,.T.);
#6664=EDGE_CURVE('',#8412,#8414,#8415,.T.);
#6665=EDGE_CURVE('',#8414,#8416,#8417,.T.);
#6666=EDGE_CURVE('',#8416,#8418,#8419,.T.);
#6667=EDGE_CURVE('',#8418,#8420,#8421,.T.);
#6668=EDGE_CURVE('',#8420,#8422,#8423,.T.);
#6669=EDGE_CURVE('',#8422,#8424,#8425,.T.);
#6670=EDGE_CURVE('',#8424,#8426,#8427,.T.);
#6671=EDGE_CURVE('',#8426,#8409,#8428,.T.);
#6672=EDGE_CURVE('',#8212,#8429,#8430,.T.);
#6673=EDGE_CURVE('',#8429,#8431,#8432,.T.);
#6674=EDGE_CURVE('',#8431,#8208,#8433,.T.);
#6675=EDGE_CURVE('',#7726,#8434,#8435,.T.);
#6676=EDGE_CURVE('',#8434,#8436,#8437,.T.);
#6677=EDGE_CURVE('',#8436,#8438,#8439,.T.);
#6678=EDGE_CURVE('',#8438,#8440,#8441,.T.);
#6679=EDGE_CURVE('',#8440,#8442,#8443,.T.);
#6680=EDGE_CURVE('',#8442,#8444,#8445,.T.);
#6681=EDGE_CURVE('',#8444,#8446,#8447,.T.);
#6682=EDGE_CURVE('',#8446,#8448,#8449,.T.);
#6683=EDGE_CURVE('',#8448,#7728,#8450,.T.);
#6684=EDGE_CURVE('',#8400,#8451,#8452,.T.);
#6685=EDGE_CURVE('',#8451,#7790,#8453,.T.);
#6686=EDGE_CURVE('',#7782,#8454,#8455,.T.);
#6687=EDGE_CURVE('',#8454,#8456,#8457,.T.);
#6688=EDGE_CURVE('',#8458,#8456,#8459,.T.);
#6689=EDGE_CURVE('',#8460,#8458,#8461,.T.);
#6690=EDGE_CURVE('',#8462,#8460,#8463,.T.);
#6691=EDGE_CURVE('',#8464,#8462,#8465,.T.);
#6692=EDGE_CURVE('',#8466,#8464,#8467,.T.);
#6693=EDGE_CURVE('',#8468,#8466,#8469,.T.);
#6694=EDGE_CURVE('',#8470,#8468,#8471,.T.);
#6695=EDGE_CURVE('',#8472,#8470,#8473,.T.);
#6696=EDGE_CURVE('',#7784,#8472,#8474,.T.);
#6697=EDGE_CURVE('',#8475,#8451,#8476,.T.);
#6698=EDGE_CURVE('',#7792,#8475,#8477,.T.);
#6699=EDGE_CURVE('',#8478,#8479,#8480,.T.);
#6700=EDGE_CURVE('',#8194,#8478,#8481,.T.);
#6701=EDGE_CURVE('',#8479,#8191,#8482,.T.);
#6702=EDGE_CURVE('',#8483,#8484,#8485,.T.);
#6703=EDGE_CURVE('',#8210,#8483,#8486,.T.);
#6704=EDGE_CURVE('',#8484,#8207,#8487,.T.);
#6705=EDGE_CURVE('',#8488,#8489,#8490,.T.);
#6706=EDGE_CURVE('',#8491,#8488,#8492,.T.);
#6707=EDGE_CURVE('',#8493,#8491,#8494,.T.);
#6708=EDGE_CURVE('',#8495,#8493,#8496,.T.);
#6709=EDGE_CURVE('',#8497,#8495,#8498,.T.);
#6710=EDGE_CURVE('',#8499,#8497,#8500,.T.);
#6711=EDGE_CURVE('',#8501,#8499,#8502,.T.);
#6712=EDGE_CURVE('',#7800,#8501,#8503,.T.);
#6713=EDGE_CURVE('',#8489,#7798,#8504,.T.);
#6714=EDGE_CURVE('',#8405,#8479,#8505,.T.);
#6715=EDGE_CURVE('',#8412,#8472,#8506,.T.);
#6716=EDGE_CURVE('',#8403,#8478,#8507,.T.);
#6717=EDGE_CURVE('',#8426,#8458,#8508,.T.);
#6718=EDGE_CURVE('',#8456,#8022,#8509,.T.);
#6719=EDGE_CURVE('',#7983,#8409,#8510,.T.);
#6720=EDGE_CURVE('',#8041,#8511,#8512,.T.);
#6721=EDGE_CURVE('',#8513,#8511,#8514,.T.);
#6722=EDGE_CURVE('',#8515,#8513,#8516,.T.);
#6723=EDGE_CURVE('',#8515,#8408,#8517,.T.);
#6724=EDGE_CURVE('',#8518,#8519,#8520,.T.);
#6725=EDGE_CURVE('',#8519,#8518,#8521,.T.);
#6726=EDGE_CURVE('',#8454,#8522,#8523,.T.);
#6727=EDGE_CURVE('',#8522,#8524,#8525,.T.);
#6728=EDGE_CURVE('',#8526,#8524,#8527,.T.);
#6729=EDGE_CURVE('',#8526,#8044,#8528,.T.);
#6730=EDGE_CURVE('',#8529,#8050,#8530,.T.);
#6731=EDGE_CURVE('',#8531,#8529,#8532,.T.);
#6732=EDGE_CURVE('',#8533,#8531,#8534,.T.);
#6733=EDGE_CURVE('',#8533,#8535,#8536,.T.);
#6734=EDGE_CURVE('',#8535,#8537,#8538,.T.);
#6735=EDGE_CURVE('',#8539,#8537,#8540,.T.);
#6736=EDGE_CURVE('',#8539,#8052,#8541,.T.);
#6737=EDGE_CURVE('',#8542,#8058,#8543,.T.);
#6738=EDGE_CURVE('',#8544,#8542,#8545,.T.);
#6739=EDGE_CURVE('',#8546,#8544,#8547,.T.);
#6740=EDGE_CURVE('',#8546,#8548,#8549,.T.);
#6741=EDGE_CURVE('',#8548,#8550,#8551,.T.);
#6742=EDGE_CURVE('',#8552,#8550,#8553,.T.);
#6743=EDGE_CURVE('',#8552,#8060,#8554,.T.);
#6744=EDGE_CURVE('',#8555,#8092,#8556,.T.);
#6745=EDGE_CURVE('',#8555,#8557,#8558,.T.);
#6746=EDGE_CURVE('',#8559,#8557,#8560,.T.);
#6747=EDGE_CURVE('',#8561,#8559,#8562,.T.);
#6748=EDGE_CURVE('',#8035,#8561,#8563,.T.);
#6749=EDGE_CURVE('',#8564,#8565,#8566,.T.);
#6750=EDGE_CURVE('',#8565,#8564,#8567,.T.);
#6751=EDGE_CURVE('',#8568,#8066,#8569,.T.);
#6752=EDGE_CURVE('',#8570,#8568,#8571,.T.);
#6753=EDGE_CURVE('',#8572,#8570,#8573,.T.);
#6754=EDGE_CURVE('',#8572,#8118,#8574,.T.);
#6755=EDGE_CURVE('',#7746,#8515,#8575,.T.);
#6756=EDGE_CURVE('',#7780,#8522,#8576,.T.);
#6757=EDGE_CURVE('',#7830,#8533,#8577,.T.);
#6758=EDGE_CURVE('',#7828,#8535,#8578,.T.);
#6759=EDGE_CURVE('',#7878,#8546,#8579,.T.);
#6760=EDGE_CURVE('',#7876,#8548,#8580,.T.);
#6761=EDGE_CURVE('',#7953,#8572,#8581,.T.);
#6762=EDGE_CURVE('',#7917,#8555,#8582,.T.);
#6763=EDGE_CURVE('',#8557,#7915,#8583,.T.);
#6764=EDGE_CURVE('',#8513,#8584,#8585,.T.);
#6765=EDGE_CURVE('',#8584,#8586,#8587,.T.);
#6766=EDGE_CURVE('',#8586,#8588,#8589,.T.);
#6767=EDGE_CURVE('',#8588,#8590,#8591,.T.);
#6768=EDGE_CURVE('',#8590,#7756,#8592,.T.);
#6769=EDGE_CURVE('',#8593,#7754,#8594,.T.);
#6770=EDGE_CURVE('',#8595,#8593,#8596,.T.);
#6771=EDGE_CURVE('',#7748,#8595,#8597,.T.);
#6772=EDGE_CURVE('',#8595,#8598,#8599,.T.);
#6773=EDGE_CURVE('',#7750,#8598,#8600,.T.);
#6774=EDGE_CURVE('',#8598,#8601,#8602,.T.);
#6775=EDGE_CURVE('',#8601,#7752,#8603,.T.);
#6776=EDGE_CURVE('',#8593,#8601,#8604,.T.);
#6777=EDGE_CURVE('',#8590,#7993,#8605,.T.);
#6778=EDGE_CURVE('',#8030,#8606,#8607,.T.);
#6779=EDGE_CURVE('',#8606,#7806,#8608,.T.);
#6780=EDGE_CURVE('',#8609,#7852,#8610,.T.);
#6781=EDGE_CURVE('',#8609,#8611,#8612,.T.);
#6782=EDGE_CURVE('',#8611,#7854,#8613,.T.);
#6783=EDGE_CURVE('',#8614,#7900,#8615,.T.);
#6784=EDGE_CURVE('',#8614,#8616,#8617,.T.);
#6785=EDGE_CURVE('',#8616,#7902,#8618,.T.);
#6786=EDGE_CURVE('',#7696,#8619,#8620,.T.);
#6787=EDGE_CURVE('',#7905,#8619,#8621,.T.);
#6788=EDGE_CURVE('',#8622,#7975,#8623,.T.);
#6789=EDGE_CURVE('',#8622,#8165,#8624,.T.);
#6790=EDGE_CURVE('',#8588,#8625,#8626,.T.);
#6791=EDGE_CURVE('',#8625,#7634,#8627,.T.);
#6792=EDGE_CURVE('',#8606,#7624,#8628,.T.);
#6793=EDGE_CURVE('',#8609,#7618,#8629,.T.);
#6794=EDGE_CURVE('',#8611,#7616,#8630,.T.);
#6795=EDGE_CURVE('',#8614,#7610,#8631,.T.);
#6796=EDGE_CURVE('',#8616,#7608,#8632,.T.);
#6797=EDGE_CURVE('',#8633,#7647,#8634,.T.);
#6798=EDGE_CURVE('',#8633,#8635,#8636,.T.);
#6799=EDGE_CURVE('',#8619,#8635,#8637,.T.);
#6800=EDGE_CURVE('',#8622,#7602,#8638,.T.);
#6801=EDGE_CURVE('',#8639,#8625,#8640,.T.);
#6802=EDGE_CURVE('',#8639,#7636,#8641,.T.);
#6803=EDGE_CURVE('',#8639,#8586,#8642,.T.);
#6804=EDGE_CURVE('',#7448,#8584,#8643,.T.);
#6805=EDGE_CURVE('',#7446,#7638,#8644,.T.);
#6806=EDGE_CURVE('',#7643,#7367,#8645,.T.);
#6807=EDGE_CURVE('',#7365,#8646,#8647,.T.);
#6808=EDGE_CURVE('',#8648,#8646,#8649,.T.);
#6809=EDGE_CURVE('',#8648,#8650,#8651,.T.);
#6810=EDGE_CURVE('',#8650,#7645,#8652,.T.);
#6811=EDGE_CURVE('',#8646,#8559,#8653,.T.);
#6812=EDGE_CURVE('',#7493,#7363,#8654,.T.);
#6813=EDGE_CURVE('',#8511,#8655,#8656,.T.);
#6814=EDGE_CURVE('',#8657,#8655,#8658,.T.);
#6815=EDGE_CURVE('',#8561,#8657,#8659,.T.);
#6816=EDGE_CURVE('',#8660,#8661,#8662,.T.);
#6817=EDGE_CURVE('',#8663,#8661,#8664,.T.);
#6818=EDGE_CURVE('',#8665,#8663,#8666,.T.);
#6819=EDGE_CURVE('',#8665,#8660,#8667,.T.);
#6820=EDGE_CURVE('',#8668,#8665,#8669,.T.);
#6821=EDGE_CURVE('',#8670,#8668,#8671,.T.);
#6822=EDGE_CURVE('',#7343,#8670,#8672,.T.);
#6823=EDGE_CURVE('',#8660,#7340,#8673,.T.);
#6824=EDGE_CURVE('',#8661,#7341,#8674,.T.);
#6825=EDGE_CURVE('',#7345,#8675,#8676,.T.);
#6826=EDGE_CURVE('',#8675,#8677,#8678,.T.);
#6827=EDGE_CURVE('',#8677,#8663,#8679,.T.);
#6828=EDGE_CURVE('',#8668,#8677,#8680,.T.);
#6829=EDGE_CURVE('',#8670,#8675,#8681,.T.);
#6830=EDGE_CURVE('',#8657,#8037,#8682,.T.);
#6831=EDGE_CURVE('',#8655,#8039,#8683,.T.);
#6832=EDGE_CURVE('',#7369,#7641,#8684,.T.);
#6833=EDGE_CURVE('',#8685,#8686,#8687,.T.);
#6834=EDGE_CURVE('',#8686,#7907,#8688,.T.);
#6835=EDGE_CURVE('',#8635,#8648,#8689,.T.);
#6836=EDGE_CURVE('',#7913,#8685,#8690,.T.);
#6837=EDGE_CURVE('',#7911,#8691,#8692,.T.);
#6838=EDGE_CURVE('',#8685,#8691,#8693,.T.);
#6839=EDGE_CURVE('',#8691,#8694,#8695,.T.);
#6840=EDGE_CURVE('',#8686,#8694,#8696,.T.);
#6841=EDGE_CURVE('',#8694,#7909,#8697,.T.);
#6842=EDGE_CURVE('',#8650,#8633,#8698,.T.);
#6843=EDGE_CURVE('',#8699,#7622,#8700,.T.);
#6844=EDGE_CURVE('',#8699,#7761,#8701,.T.);
#6845=EDGE_CURVE('',#8702,#8526,#8703,.T.);
#6846=EDGE_CURVE('',#8046,#8702,#8704,.T.);
#6847=EDGE_CURVE('',#8705,#7776,#8706,.T.);
#6848=EDGE_CURVE('',#8707,#7774,#8708,.T.);
#6849=EDGE_CURVE('',#8705,#8707,#8709,.T.);
#6850=EDGE_CURVE('',#8710,#7766,#8711,.T.);
#6851=EDGE_CURVE('',#8712,#8710,#8713,.T.);
#6852=EDGE_CURVE('',#8712,#7768,#8714,.T.);
#6853=EDGE_CURVE('',#8715,#8716,#8717,.T.);
#6854=EDGE_CURVE('',#8716,#8225,#8718,.T.);
#6855=EDGE_CURVE('',#8715,#8226,#8719,.T.);
#6856=EDGE_CURVE('',#7848,#8720,#8721,.T.);
#6857=EDGE_CURVE('',#8722,#8720,#8723,.T.);
#6858=EDGE_CURVE('',#7762,#8722,#8724,.T.);
#6859=EDGE_CURVE('',#8725,#8699,#8726,.T.);
#6860=EDGE_CURVE('',#7850,#8725,#8727,.T.);
#6861=EDGE_CURVE('',#7770,#8728,#8729,.T.);
#6862=EDGE_CURVE('',#8728,#8730,#8731,.T.);
#6863=EDGE_CURVE('',#8730,#7772,#8732,.T.);
#6864=EDGE_CURVE('',#7778,#8733,#8734,.T.);
#6865=EDGE_CURVE('',#8733,#8735,#8736,.T.);
#6866=EDGE_CURVE('',#8735,#8737,#8738,.T.);
#6867=EDGE_CURVE('',#8737,#8739,#8740,.T.);
#6868=EDGE_CURVE('',#8739,#8741,#8742,.T.);
#6869=EDGE_CURVE('',#8741,#8743,#8744,.T.);
#6870=EDGE_CURVE('',#8743,#8745,#8746,.T.);
#6871=EDGE_CURVE('',#8745,#8747,#8748,.T.);
#6872=EDGE_CURVE('',#8747,#8524,#8749,.T.);
#6873=EDGE_CURVE('',#8248,#8750,#8751,.T.);
#6874=EDGE_CURVE('',#8750,#8752,#8753,.T.);
#6875=EDGE_CURVE('',#8752,#8244,#8754,.T.);
#6876=EDGE_CURVE('',#8230,#8755,#8756,.T.);
#6877=EDGE_CURVE('',#8755,#8715,#8757,.T.);
#6878=EDGE_CURVE('',#8722,#8758,#8759,.T.);
#6879=EDGE_CURVE('',#8758,#8760,#8761,.T.);
#6880=EDGE_CURVE('',#8760,#8762,#8763,.T.);
#6881=EDGE_CURVE('',#8762,#8764,#8765,.T.);
#6882=EDGE_CURVE('',#8764,#8766,#8767,.T.);
#6883=EDGE_CURVE('',#8766,#8768,#8769,.T.);
#6884=EDGE_CURVE('',#8768,#8770,#8771,.T.);
#6885=EDGE_CURVE('',#8770,#7764,#8772,.T.);
#6886=EDGE_CURVE('',#8730,#8773,#8774,.T.);
#6887=EDGE_CURVE('',#8773,#7838,#8775,.T.);
#6888=EDGE_CURVE('',#7836,#8776,#8777,.T.);
#6889=EDGE_CURVE('',#8776,#8707,#8778,.T.);
#6890=EDGE_CURVE('',#8779,#8702,#8780,.T.);
#6891=EDGE_CURVE('',#8048,#8779,#8781,.T.);
#6892=EDGE_CURVE('',#8782,#8705,#8783,.T.);
#6893=EDGE_CURVE('',#8782,#8776,#8784,.T.);
#6894=EDGE_CURVE('',#8785,#8710,#8786,.T.);
#6895=EDGE_CURVE('',#8787,#8785,#8788,.T.);
#6896=EDGE_CURVE('',#8787,#8712,#8789,.T.);
#6897=EDGE_CURVE('',#8725,#7620,#8790,.T.);
#6898=EDGE_CURVE('',#8529,#8779,#8791,.T.);
#6899=EDGE_CURVE('',#7834,#8782,#8792,.T.);
#6900=EDGE_CURVE('',#7842,#8787,#8793,.T.);
#6901=EDGE_CURVE('',#7844,#8785,#8794,.T.);
#6902=EDGE_CURVE('',#8747,#8795,#8796,.T.);
#6903=EDGE_CURVE('',#8795,#8531,#8797,.T.);
#6904=EDGE_CURVE('',#8246,#8798,#8799,.T.);
#6905=EDGE_CURVE('',#8750,#8798,#8800,.T.);
#6906=EDGE_CURVE('',#8801,#8773,#8802,.T.);
#6907=EDGE_CURVE('',#7840,#8801,#8803,.T.);
#6908=EDGE_CURVE('',#8804,#8795,#8805,.T.);
#6909=EDGE_CURVE('',#8806,#8804,#8807,.T.);
#6910=EDGE_CURVE('',#8808,#8806,#8809,.T.);
#6911=EDGE_CURVE('',#8810,#8808,#8811,.T.);
#6912=EDGE_CURVE('',#8812,#8810,#8813,.T.);
#6913=EDGE_CURVE('',#8814,#8812,#8815,.T.);
#6914=EDGE_CURVE('',#8816,#8814,#8817,.T.);
#6915=EDGE_CURVE('',#7832,#8816,#8818,.T.);
#6916=EDGE_CURVE('',#8798,#8819,#8820,.T.);
#6917=EDGE_CURVE('',#8819,#8243,#8821,.T.);
#6918=EDGE_CURVE('',#8822,#8716,#8823,.T.);
#6919=EDGE_CURVE('',#8228,#8822,#8824,.T.);
#6920=EDGE_CURVE('',#8825,#8826,#8827,.T.);
#6921=EDGE_CURVE('',#8828,#8825,#8829,.T.);
#6922=EDGE_CURVE('',#8830,#8828,#8831,.T.);
#6923=EDGE_CURVE('',#8832,#8830,#8833,.T.);
#6924=EDGE_CURVE('',#8834,#8832,#8835,.T.);
#6925=EDGE_CURVE('',#8836,#8834,#8837,.T.);
#6926=EDGE_CURVE('',#8720,#8836,#8838,.T.);
#6927=EDGE_CURVE('',#8826,#7846,#8839,.T.);
#6928=EDGE_CURVE('',#8728,#8801,#8840,.T.);
#6929=EDGE_CURVE('',#8752,#8819,#8841,.T.);
#6930=EDGE_CURVE('',#8733,#8816,#8842,.T.);
#6931=EDGE_CURVE('',#8735,#8814,#8843,.T.);
#6932=EDGE_CURVE('',#8737,#8812,#8844,.T.);
#6933=EDGE_CURVE('',#8739,#8810,#8845,.T.);
#6934=EDGE_CURVE('',#8741,#8808,#8846,.T.);
#6935=EDGE_CURVE('',#8743,#8806,#8847,.T.);
#6936=EDGE_CURVE('',#8745,#8804,#8848,.T.);
#6937=EDGE_CURVE('',#8770,#8826,#8849,.T.);
#6938=EDGE_CURVE('',#8755,#8822,#8850,.T.);
#6939=EDGE_CURVE('',#8768,#8825,#8851,.T.);
#6940=EDGE_CURVE('',#8766,#8828,#8852,.T.);
#6941=EDGE_CURVE('',#8764,#8830,#8853,.T.);
#6942=EDGE_CURVE('',#8762,#8832,#8854,.T.);
#6943=EDGE_CURVE('',#8760,#8834,#8855,.T.);
#6944=EDGE_CURVE('',#8758,#8836,#8856,.T.);
#6945=EDGE_CURVE('',#8857,#7614,#8858,.T.);
#6946=EDGE_CURVE('',#8857,#7809,#8859,.T.);
#6947=EDGE_CURVE('',#8860,#8539,#8861,.T.);
#6948=EDGE_CURVE('',#8054,#8860,#8862,.T.);
#6949=EDGE_CURVE('',#8863,#7824,#8864,.T.);
#6950=EDGE_CURVE('',#8865,#7822,#8866,.T.);
#6951=EDGE_CURVE('',#8863,#8865,#8867,.T.);
#6952=EDGE_CURVE('',#8868,#7814,#8869,.T.);
#6953=EDGE_CURVE('',#8870,#8868,#8871,.T.);
#6954=EDGE_CURVE('',#8870,#7816,#8872,.T.);
#6955=EDGE_CURVE('',#8873,#8874,#8875,.T.);
#6956=EDGE_CURVE('',#8874,#8279,#8876,.T.);
#6957=EDGE_CURVE('',#8873,#8280,#8877,.T.);
#6958=EDGE_CURVE('',#7896,#8878,#8879,.T.);
#6959=EDGE_CURVE('',#8880,#8878,#8881,.T.);
#6960=EDGE_CURVE('',#7810,#8880,#8882,.T.);
#6961=EDGE_CURVE('',#8883,#8857,#8884,.T.);
#6962=EDGE_CURVE('',#7898,#8883,#8885,.T.);
#6963=EDGE_CURVE('',#7818,#8886,#8887,.T.);
#6964=EDGE_CURVE('',#8886,#8888,#8889,.T.);
#6965=EDGE_CURVE('',#8888,#7820,#8890,.T.);
#6966=EDGE_CURVE('',#8266,#8891,#8892,.T.);
#6967=EDGE_CURVE('',#8891,#8893,#8894,.T.);
#6968=EDGE_CURVE('',#8893,#8262,#8895,.T.);
#6969=EDGE_CURVE('',#7826,#8896,#8897,.T.);
#6970=EDGE_CURVE('',#8896,#8898,#8899,.T.);
#6971=EDGE_CURVE('',#8898,#8900,#8901,.T.);
#6972=EDGE_CURVE('',#8900,#8902,#8903,.T.);
#6973=EDGE_CURVE('',#8902,#8904,#8905,.T.);
#6974=EDGE_CURVE('',#8904,#8906,#8907,.T.);
#6975=EDGE_CURVE('',#8906,#8908,#8909,.T.);
#6976=EDGE_CURVE('',#8908,#8910,#8911,.T.);
#6977=EDGE_CURVE('',#8910,#8537,#8912,.T.);
#6978=EDGE_CURVE('',#8284,#8913,#8914,.T.);
#6979=EDGE_CURVE('',#8913,#8873,#8915,.T.);
#6980=EDGE_CURVE('',#8880,#8916,#8917,.T.);
#6981=EDGE_CURVE('',#8916,#8918,#8919,.T.);
#6982=EDGE_CURVE('',#8918,#8920,#8921,.T.);
#6983=EDGE_CURVE('',#8920,#8922,#8923,.T.);
#6984=EDGE_CURVE('',#8922,#8924,#8925,.T.);
#6985=EDGE_CURVE('',#8924,#8926,#8927,.T.);
#6986=EDGE_CURVE('',#8926,#8928,#8929,.T.);
#6987=EDGE_CURVE('',#8928,#7812,#8930,.T.);
#6988=EDGE_CURVE('',#8888,#8931,#8932,.T.);
#6989=EDGE_CURVE('',#8931,#7886,#8933,.T.);
#6990=EDGE_CURVE('',#7884,#8934,#8935,.T.);
#6991=EDGE_CURVE('',#8934,#8865,#8936,.T.);
#6992=EDGE_CURVE('',#8937,#8860,#8938,.T.);
#6993=EDGE_CURVE('',#8056,#8937,#8939,.T.);
#6994=EDGE_CURVE('',#8940,#8863,#8941,.T.);
#6995=EDGE_CURVE('',#8940,#8934,#8942,.T.);
#6996=EDGE_CURVE('',#8943,#8868,#8944,.T.);
#6997=EDGE_CURVE('',#8945,#8943,#8946,.T.);
#6998=EDGE_CURVE('',#8945,#8870,#8947,.T.);
#6999=EDGE_CURVE('',#8883,#7612,#8948,.T.);
#7000=EDGE_CURVE('',#8542,#8937,#8949,.T.);
#7001=EDGE_CURVE('',#7882,#8940,#8950,.T.);
#7002=EDGE_CURVE('',#7890,#8945,#8951,.T.);
#7003=EDGE_CURVE('',#7892,#8943,#8952,.T.);
#7004=EDGE_CURVE('',#8910,#8953,#8954,.T.);
#7005=EDGE_CURVE('',#8953,#8544,#8955,.T.);
#7006=EDGE_CURVE('',#8264,#8956,#8957,.T.);
#7007=EDGE_CURVE('',#8891,#8956,#8958,.T.);
#7008=EDGE_CURVE('',#8959,#8931,#8960,.T.);
#7009=EDGE_CURVE('',#7888,#8959,#8961,.T.);
#7010=EDGE_CURVE('',#8956,#8962,#8963,.T.);
#7011=EDGE_CURVE('',#8962,#8261,#8964,.T.);
#7012=EDGE_CURVE('',#8965,#8953,#8966,.T.);
#7013=EDGE_CURVE('',#8967,#8965,#8968,.T.);
#7014=EDGE_CURVE('',#8969,#8967,#8970,.T.);
#7015=EDGE_CURVE('',#8971,#8969,#8972,.T.);
#7016=EDGE_CURVE('',#8973,#8971,#8974,.T.);
#7017=EDGE_CURVE('',#8975,#8973,#8976,.T.);
#7018=EDGE_CURVE('',#8977,#8975,#8978,.T.);
#7019=EDGE_CURVE('',#7880,#8977,#8979,.T.);
#7020=EDGE_CURVE('',#8980,#8874,#8981,.T.);
#7021=EDGE_CURVE('',#8282,#8980,#8982,.T.);
#7022=EDGE_CURVE('',#8983,#8984,#8985,.T.);
#7023=EDGE_CURVE('',#8986,#8983,#8987,.T.);
#7024=EDGE_CURVE('',#8988,#8986,#8989,.T.);
#7025=EDGE_CURVE('',#8990,#8988,#8991,.T.);
#7026=EDGE_CURVE('',#8992,#8990,#8993,.T.);
#7027=EDGE_CURVE('',#8994,#8992,#8995,.T.);
#7028=EDGE_CURVE('',#8878,#8994,#8996,.T.);
#7029=EDGE_CURVE('',#8984,#7894,#8997,.T.);
#7030=EDGE_CURVE('',#8886,#8959,#8998,.T.);
#7031=EDGE_CURVE('',#8893,#8962,#8999,.T.);
#7032=EDGE_CURVE('',#8896,#8977,#9000,.T.);
#7033=EDGE_CURVE('',#8898,#8975,#9001,.T.);
#7034=EDGE_CURVE('',#8900,#8973,#9002,.T.);
#7035=EDGE_CURVE('',#8902,#8971,#9003,.T.);
#7036=EDGE_CURVE('',#8904,#8969,#9004,.T.);
#7037=EDGE_CURVE('',#8906,#8967,#9005,.T.);
#7038=EDGE_CURVE('',#8908,#8965,#9006,.T.);
#7039=EDGE_CURVE('',#8928,#8984,#9007,.T.);
#7040=EDGE_CURVE('',#8913,#8980,#9008,.T.);
#7041=EDGE_CURVE('',#8926,#8983,#9009,.T.);
#7042=EDGE_CURVE('',#8924,#8986,#9010,.T.);
#7043=EDGE_CURVE('',#8922,#8988,#9011,.T.);
#7044=EDGE_CURVE('',#8920,#8990,#9012,.T.);
#7045=EDGE_CURVE('',#8918,#8992,#9013,.T.);
#7046=EDGE_CURVE('',#8916,#8994,#9014,.T.);
#7047=EDGE_CURVE('',#9015,#7606,#9016,.T.);
#7048=EDGE_CURVE('',#9015,#7857,#9017,.T.);
#7049=EDGE_CURVE('',#9018,#8552,#9019,.T.);
#7050=EDGE_CURVE('',#8062,#9018,#9020,.T.);
#7051=EDGE_CURVE('',#9021,#7872,#9022,.T.);
#7052=EDGE_CURVE('',#9023,#7870,#9024,.T.);
#7053=EDGE_CURVE('',#9021,#9023,#9025,.T.);
#7054=EDGE_CURVE('',#9026,#7862,#9027,.T.);
#7055=EDGE_CURVE('',#9028,#9026,#9029,.T.);
#7056=EDGE_CURVE('',#9028,#7864,#9030,.T.);
#7057=EDGE_CURVE('',#9031,#9032,#9033,.T.);
#7058=EDGE_CURVE('',#9032,#8297,#9034,.T.);
#7059=EDGE_CURVE('',#9031,#8298,#9035,.T.);
#7060=EDGE_CURVE('',#7971,#9036,#9037,.T.);
#7061=EDGE_CURVE('',#9038,#9036,#9039,.T.);
#7062=EDGE_CURVE('',#7858,#9038,#9040,.T.);
#7063=EDGE_CURVE('',#9041,#9015,#9042,.T.);
#7064=EDGE_CURVE('',#7973,#9041,#9043,.T.);
#7065=EDGE_CURVE('',#7866,#9044,#9045,.T.);
#7066=EDGE_CURVE('',#9044,#9046,#9047,.T.);
#7067=EDGE_CURVE('',#9046,#7868,#9048,.T.);
#7068=EDGE_CURVE('',#7874,#9049,#9050,.T.);
#7069=EDGE_CURVE('',#9049,#9051,#9052,.T.);
#7070=EDGE_CURVE('',#9051,#9053,#9054,.T.);
#7071=EDGE_CURVE('',#9053,#9055,#9056,.T.);
#7072=EDGE_CURVE('',#9055,#9057,#9058,.T.);
#7073=EDGE_CURVE('',#9057,#9059,#9060,.T.);
#7074=EDGE_CURVE('',#9059,#9061,#9062,.T.);
#7075=EDGE_CURVE('',#9061,#9063,#9064,.T.);
#7076=EDGE_CURVE('',#9063,#8550,#9065,.T.);
#7077=EDGE_CURVE('',#8320,#9066,#9067,.T.);
#7078=EDGE_CURVE('',#9066,#9068,#9069,.T.);
#7079=EDGE_CURVE('',#9068,#8316,#9070,.T.);
#7080=EDGE_CURVE('',#8302,#9071,#9072,.T.);
#7081=EDGE_CURVE('',#9071,#9031,#9073,.T.);
#7082=EDGE_CURVE('',#9038,#9074,#9075,.T.);
#7083=EDGE_CURVE('',#9074,#9076,#9077,.T.);
#7084=EDGE_CURVE('',#9076,#9078,#9079,.T.);
#7085=EDGE_CURVE('',#9078,#9080,#9081,.T.);
#7086=EDGE_CURVE('',#9080,#9082,#9083,.T.);
#7087=EDGE_CURVE('',#9082,#9084,#9085,.T.);
#7088=EDGE_CURVE('',#9084,#9086,#9087,.T.);
#7089=EDGE_CURVE('',#9086,#7860,#9088,.T.);
#7090=EDGE_CURVE('',#9046,#9089,#9090,.T.);
#7091=EDGE_CURVE('',#9089,#7961,#9091,.T.);
#7092=EDGE_CURVE('',#7959,#9092,#9093,.T.);
#7093=EDGE_CURVE('',#9092,#9023,#9094,.T.);
#7094=EDGE_CURVE('',#9095,#9018,#9096,.T.);
#7095=EDGE_CURVE('',#8064,#9095,#9097,.T.);
#7096=EDGE_CURVE('',#9098,#9021,#9099,.T.);
#7097=EDGE_CURVE('',#9098,#9092,#9100,.T.);
#7098=EDGE_CURVE('',#9101,#9026,#9102,.T.);
#7099=EDGE_CURVE('',#9103,#9101,#9104,.T.);
#7100=EDGE_CURVE('',#9103,#9028,#9105,.T.);
#7101=EDGE_CURVE('',#9041,#7604,#9106,.T.);
#7102=EDGE_CURVE('',#8568,#9095,#9107,.T.);
#7103=EDGE_CURVE('',#7957,#9098,#9108,.T.);
#7104=EDGE_CURVE('',#7965,#9103,#9109,.T.);
#7105=EDGE_CURVE('',#7967,#9101,#9110,.T.);
#7106=EDGE_CURVE('',#9063,#9111,#9112,.T.);
#7107=EDGE_CURVE('',#9111,#8570,#9113,.T.);
#7108=EDGE_CURVE('',#8318,#9114,#9115,.T.);
#7109=EDGE_CURVE('',#9066,#9114,#9116,.T.);
#7110=EDGE_CURVE('',#9117,#9089,#9118,.T.);
#7111=EDGE_CURVE('',#7963,#9117,#9119,.T.);
#7112=EDGE_CURVE('',#9120,#9111,#9121,.T.);
#7113=EDGE_CURVE('',#9122,#9120,#9123,.T.);
#7114=EDGE_CURVE('',#9124,#9122,#9125,.T.);
#7115=EDGE_CURVE('',#9126,#9124,#9127,.T.);
#7116=EDGE_CURVE('',#9128,#9126,#9129,.T.);
#7117=EDGE_CURVE('',#9130,#9128,#9131,.T.);
#7118=EDGE_CURVE('',#9132,#9130,#9133,.T.);
#7119=EDGE_CURVE('',#7955,#9132,#9134,.T.);
#7120=EDGE_CURVE('',#9114,#9135,#9136,.T.);
#7121=EDGE_CURVE('',#9135,#8315,#9137,.T.);
#7122=EDGE_CURVE('',#9138,#9032,#9139,.T.);
#7123=EDGE_CURVE('',#8300,#9138,#9140,.T.);
#7124=EDGE_CURVE('',#9141,#9142,#9143,.T.);
#7125=EDGE_CURVE('',#9144,#9141,#9145,.T.);
#7126=EDGE_CURVE('',#9146,#9144,#9147,.T.);
#7127=EDGE_CURVE('',#9148,#9146,#9149,.T.);
#7128=EDGE_CURVE('',#9150,#9148,#9151,.T.);
#7129=EDGE_CURVE('',#9152,#9150,#9153,.T.);
#7130=EDGE_CURVE('',#9036,#9152,#9154,.T.);
#7131=EDGE_CURVE('',#9142,#7969,#9155,.T.);
#7132=EDGE_CURVE('',#9044,#9117,#9156,.T.);
#7133=EDGE_CURVE('',#9068,#9135,#9157,.T.);
#7134=EDGE_CURVE('',#9049,#9132,#9158,.T.);
#7135=EDGE_CURVE('',#9051,#9130,#9159,.T.);
#7136=EDGE_CURVE('',#9053,#9128,#9160,.T.);
#7137=EDGE_CURVE('',#9055,#9126,#9161,.T.);
#7138=EDGE_CURVE('',#9057,#9124,#9162,.T.);
#7139=EDGE_CURVE('',#9059,#9122,#9163,.T.);
#7140=EDGE_CURVE('',#9061,#9120,#9164,.T.);
#7141=EDGE_CURVE('',#9086,#9142,#9165,.T.);
#7142=EDGE_CURVE('',#9071,#9138,#9166,.T.);
#7143=EDGE_CURVE('',#9084,#9141,#9167,.T.);
#7144=EDGE_CURVE('',#9082,#9144,#9168,.T.);
#7145=EDGE_CURVE('',#9080,#9146,#9169,.T.);
#7146=EDGE_CURVE('',#9078,#9148,#9170,.T.);
#7147=EDGE_CURVE('',#9076,#9150,#9171,.T.);
#7148=EDGE_CURVE('',#9074,#9152,#9172,.T.);
#7149=EDGE_CURVE('',#9173,#8161,#9174,.T.);
#7150=EDGE_CURVE('',#7924,#9173,#9175,.T.);
#7151=EDGE_CURVE('',#8101,#9176,#9177,.T.);
#7152=EDGE_CURVE('',#9176,#8346,#9178,.T.);
#7153=EDGE_CURVE('',#9179,#8090,#9180,.T.);
#7154=EDGE_CURVE('',#9181,#9179,#9182,.T.);
#7155=EDGE_CURVE('',#9183,#9181,#9184,.T.);
#7156=EDGE_CURVE('',#9185,#9183,#9186,.T.);
#7157=EDGE_CURVE('',#9187,#9185,#9188,.T.);
#7158=EDGE_CURVE('',#9189,#9187,#9190,.T.);
#7159=EDGE_CURVE('',#9191,#9189,#9192,.T.);
#7160=EDGE_CURVE('',#7919,#9191,#9193,.T.);
#7161=EDGE_CURVE('',#9194,#8173,#9195,.T.);
#7162=EDGE_CURVE('',#8333,#9194,#9196,.T.);
#7163=EDGE_CURVE('',#9197,#9198,#9199,.T.);
#7164=EDGE_CURVE('',#9200,#9197,#9201,.T.);
#7165=EDGE_CURVE('',#9202,#9200,#9203,.T.);
#7166=EDGE_CURVE('',#9204,#9202,#9205,.T.);
#7167=EDGE_CURVE('',#9206,#9204,#9207,.T.);
#7168=EDGE_CURVE('',#9208,#9206,#9209,.T.);
#7169=EDGE_CURVE('',#8178,#9208,#9210,.T.);
#7170=EDGE_CURVE('',#9198,#7927,#9211,.T.);
#7171=EDGE_CURVE('',#8108,#9173,#9212,.T.);
#7172=EDGE_CURVE('',#8115,#9176,#9213,.T.);
#7173=EDGE_CURVE('',#8121,#9191,#9214,.T.);
#7174=EDGE_CURVE('',#8123,#9189,#9215,.T.);
#7175=EDGE_CURVE('',#8125,#9187,#9216,.T.);
#7176=EDGE_CURVE('',#8127,#9185,#9217,.T.);
#7177=EDGE_CURVE('',#8129,#9183,#9218,.T.);
#7178=EDGE_CURVE('',#8131,#9181,#9219,.T.);
#7179=EDGE_CURVE('',#8133,#9179,#9220,.T.);
#7180=EDGE_CURVE('',#8158,#9198,#9221,.T.);
#7181=EDGE_CURVE('',#8139,#9194,#9222,.T.);
#7182=EDGE_CURVE('',#8156,#9197,#9223,.T.);
#7183=EDGE_CURVE('',#8154,#9200,#9224,.T.);
#7184=EDGE_CURVE('',#8152,#9202,#9225,.T.);
#7185=EDGE_CURVE('',#8150,#9204,#9226,.T.);
#7186=EDGE_CURVE('',#8148,#9206,#9227,.T.);
#7187=EDGE_CURVE('',#8146,#9208,#9228,.T.);
#7188=EDGE_CURVE('',#8565,#9229,#9230,.T.);
#7189=EDGE_CURVE('',#8564,#7319,#9231,.T.);
#7190=EDGE_CURVE('',#9229,#7335,#9232,.T.);
#7191=EDGE_CURVE('',#9233,#7336,#9234,.T.);
#7192=EDGE_CURVE('',#9233,#9229,#9235,.T.);
#7193=EDGE_CURVE('',#9236,#7323,#9237,.T.);
#7194=EDGE_CURVE('',#7330,#9236,#9238,.T.);
#7195=EDGE_CURVE('',#7314,#9233,#9239,.T.);
#7196=EDGE_CURVE('',#7331,#9240,#9241,.T.);
#7197=EDGE_CURVE('',#9236,#9240,#9242,.T.);
#7198=EDGE_CURVE('',#9240,#7322,#9243,.T.);
#7199=EDGE_CURVE('',#8519,#9240,#9244,.T.);
#7200=EDGE_CURVE('',#8518,#7325,#9245,.T.);
#7201=EDGE_CURVE('',#7315,#9229,#9246,.T.);
#7202=EDGE_CURVE('',#8424,#8460,#9247,.T.);
#7203=EDGE_CURVE('',#8422,#8462,#9248,.T.);
#7204=EDGE_CURVE('',#8420,#8464,#9249,.T.);
#7205=EDGE_CURVE('',#8418,#8466,#9250,.T.);
#7206=EDGE_CURVE('',#8416,#8468,#9251,.T.);
#7207=EDGE_CURVE('',#8414,#8470,#9252,.T.);
#7208=EDGE_CURVE('',#8398,#8475,#9253,.T.);
#7209=EDGE_CURVE('',#8431,#8484,#9254,.T.);
#7210=EDGE_CURVE('',#8434,#8501,#9255,.T.);
#7211=EDGE_CURVE('',#8429,#8483,#9256,.T.);
#7212=EDGE_CURVE('',#8448,#8489,#9257,.T.);
#7213=EDGE_CURVE('',#8446,#8488,#9258,.T.);
#7214=EDGE_CURVE('',#8444,#8491,#9259,.T.);
#7215=EDGE_CURVE('',#8442,#8493,#9260,.T.);
#7216=EDGE_CURVE('',#8440,#8495,#9261,.T.);
#7217=EDGE_CURVE('',#8438,#8497,#9262,.T.);
#7218=EDGE_CURVE('',#8436,#8499,#9263,.T.);
#7219=EDGE_CURVE('',#7473,#9264,#9265,.T.);
#7220=EDGE_CURVE('',#9266,#9264,#9267,.T.);
#7221=EDGE_CURVE('',#7463,#9266,#9268,.T.);
#7222=EDGE_CURVE('',#9269,#9266,#9270,.T.);
#7223=EDGE_CURVE('',#7462,#9269,#9271,.T.);
#7224=EDGE_CURVE('',#9272,#9269,#9273,.T.);
#7225=EDGE_CURVE('',#7465,#9272,#9274,.T.);
#7226=EDGE_CURVE('',#9275,#9272,#9276,.T.);
#7227=EDGE_CURVE('',#7467,#9275,#9277,.T.);
#7228=EDGE_CURVE('',#9278,#9275,#9279,.T.);
#7229=EDGE_CURVE('',#7469,#9278,#9280,.T.);
#7230=EDGE_CURVE('',#9281,#9278,#9282,.T.);
#7231=EDGE_CURVE('',#7471,#9281,#9283,.T.);
#7232=EDGE_CURVE('',#9264,#9281,#9284,.T.);
#7233=EDGE_CURVE('',#7357,#7390,#9285,.T.);
#7234=EDGE_CURVE('',#7355,#7392,#9286,.T.);
#7235=EDGE_CURVE('',#7353,#7394,#9287,.T.);
#7236=EDGE_CURVE('',#7351,#7396,#9288,.T.);
#7237=EDGE_CURVE('',#7349,#7398,#9289,.T.);
#7238=CARTESIAN_POINT('',(6.0,-1.47,-4.955));
#7239=DIRECTION('',(0.0,0.0,-1.0));
#7240=DIRECTION('',(-1.0,0.0,0.0));
#7241=CARTESIAN_POINT('',(6.0,-1.47,-4.955));
#7242=DIRECTION('',(0.0,0.0,-1.0));
#7243=DIRECTION('',(1.0,0.0,0.0));
#7244=CARTESIAN_POINT('',(6.0,1.53,-4.955));
#7245=DIRECTION('',(0.0,0.0,-1.0));
#7246=DIRECTION('',(-1.0,0.0,0.0));
#7247=CARTESIAN_POINT('',(6.0,1.53,-4.955));
#7248=DIRECTION('',(0.0,0.0,-1.0));
#7249=DIRECTION('',(1.0,0.0,0.0));
#7250=CARTESIAN_POINT('',(3.0,-1.47,-4.955));
#7251=DIRECTION('',(0.0,0.0,-1.0));
#7252=DIRECTION('',(-1.0,0.0,0.0));
#7253=CARTESIAN_POINT('',(3.0,-1.47,-4.955));
#7254=DIRECTION('',(0.0,0.0,-1.0));
#7255=DIRECTION('',(1.0,0.0,0.0));
#7256=CARTESIAN_POINT('',(3.0,1.53,-4.955));
#7257=DIRECTION('',(0.0,0.0,-1.0));
#7258=DIRECTION('',(-1.0,0.0,0.0));
#7259=CARTESIAN_POINT('',(3.0,1.53,-4.955));
#7260=DIRECTION('',(0.0,0.0,-1.0));
#7261=DIRECTION('',(1.0,0.0,0.0));
#7262=CARTESIAN_POINT('',(0.0,-1.47,-4.955));
#7263=DIRECTION('',(0.0,0.0,-1.0));
#7264=DIRECTION('',(-1.0,0.0,0.0));
#7265=CARTESIAN_POINT('',(0.0,-1.47,-4.955));
#7266=DIRECTION('',(0.0,0.0,-1.0));
#7267=DIRECTION('',(1.0,0.0,0.0));
#7268=CARTESIAN_POINT('',(0.0,1.53,-4.955));
#7269=DIRECTION('',(0.0,0.0,-1.0));
#7270=DIRECTION('',(-1.0,0.0,0.0));
#7271=CARTESIAN_POINT('',(0.0,1.53,-4.955));
#7272=DIRECTION('',(0.0,0.0,-1.0));
#7273=DIRECTION('',(1.0,0.0,0.0));
#7274=CARTESIAN_POINT('',(-3.0,-1.47,-4.955));
#7275=DIRECTION('',(0.0,0.0,-1.0));
#7276=DIRECTION('',(-1.0,0.0,0.0));
#7277=CARTESIAN_POINT('',(-3.0,-1.47,-4.955));
#7278=DIRECTION('',(0.0,0.0,-1.0));
#7279=DIRECTION('',(1.0,0.0,0.0));
#7280=CARTESIAN_POINT('',(-3.0,1.53,-4.955));
#7281=DIRECTION('',(0.0,0.0,-1.0));
#7282=DIRECTION('',(-1.0,0.0,0.0));
#7283=CARTESIAN_POINT('',(-3.0,1.53,-4.955));
#7284=DIRECTION('',(0.0,0.0,-1.0));
#7285=DIRECTION('',(1.0,0.0,0.0));
#7286=CARTESIAN_POINT('',(-6.0,-1.47,-4.955));
#7287=DIRECTION('',(0.0,0.0,-1.0));
#7288=DIRECTION('',(-1.0,0.0,0.0));
#7289=CARTESIAN_POINT('',(-6.0,-1.47,-4.955));
#7290=DIRECTION('',(0.0,0.0,-1.0));
#7291=DIRECTION('',(1.0,0.0,0.0));
#7292=CARTESIAN_POINT('',(-6.0,1.53,-4.955));
#7293=DIRECTION('',(0.0,0.0,-1.0));
#7294=DIRECTION('',(-1.0,0.0,0.0));
#7295=CARTESIAN_POINT('',(-6.0,1.53,-4.955));
#7296=DIRECTION('',(0.0,0.0,-1.0));
#7297=DIRECTION('',(1.0,0.0,0.0));
#7298=CARTESIAN_POINT('',(9.0,2.47,-4.955));
#7299=DIRECTION('',(0.0,0.0,-1.0));
#7300=DIRECTION('',(-1.0,0.0,0.0));
#7301=CARTESIAN_POINT('',(9.0,2.47,-4.955));
#7302=DIRECTION('',(0.0,0.0,-1.0));
#7303=DIRECTION('',(1.0,0.0,0.0));
#7304=CARTESIAN_POINT('',(-9.0,2.47,-4.955));
#7305=DIRECTION('',(0.0,0.0,-1.0));
#7306=DIRECTION('',(-1.0,0.0,0.0));
#7307=CARTESIAN_POINT('',(-9.0,2.47,-4.955));
#7308=DIRECTION('',(0.0,0.0,-1.0));
#7309=DIRECTION('',(1.0,0.0,0.0));
#7310=DIRECTION('',(0.0,0.0,1.0));
#7311=DIRECTION('',(0.0,0.0,1.0));
#7312=DIRECTION('',(0.0,0.0,-1.0));
#7313=DIRECTION('',(0.0,0.0,-1.0));
#7314=VERTEX_POINT('',#9290);
#7315=VERTEX_POINT('',#9291);
#7316=LINE('',#9292,#9293);
#7317=VERTEX_POINT('',#9294);
#7318=CIRCLE('',#9295,0.09999993055425);
#7319=VERTEX_POINT('',#9296);
#7320=LINE('',#9297,#9298);
#7321=CIRCLE('',#9299,0.43);
#7322=VERTEX_POINT('',#9300);
#7323=VERTEX_POINT('',#9301);
#7324=LINE('',#9302,#9303);
#7325=VERTEX_POINT('',#9304);
#7326=CIRCLE('',#9305,0.43);
#7327=VERTEX_POINT('',#9306);
#7328=LINE('',#9307,#9308);
#7329=CIRCLE('',#9309,0.09999993055425);
#7330=VERTEX_POINT('',#9310);
#7331=VERTEX_POINT('',#9311);
#7332=LINE('',#9312,#9313);
#7333=CIRCLE('',#9314,0.09999993055425);
#7334=CIRCLE('',#9315,0.43);
#7335=VERTEX_POINT('',#9316);
#7336=VERTEX_POINT('',#9317);
#7337=LINE('',#9318,#9319);
#7338=CIRCLE('',#9320,0.43);
#7339=CIRCLE('',#9321,0.09999993055425);
#7340=VERTEX_POINT('',#9322);
#7341=VERTEX_POINT('',#9323);
#7342=LINE('',#9324,#9325);
#7343=VERTEX_POINT('',#9326);
#7344=CIRCLE('',#9327,0.75);
#7345=VERTEX_POINT('',#9328);
#7346=LINE('',#9329,#9330);
#7347=CIRCLE('',#9331,0.75);
#7348=VERTEX_POINT('',#9332);
#7349=VERTEX_POINT('',#9333);
#7350=LINE('',#9334,#9335);
#7351=VERTEX_POINT('',#9336);
#7352=LINE('',#9337,#9338);
#7353=VERTEX_POINT('',#9339);
#7354=LINE('',#9340,#9341);
#7355=VERTEX_POINT('',#9342);
#7356=LINE('',#9343,#9344);
#7357=VERTEX_POINT('',#9345);
#7358=LINE('',#9346,#9347);
#7359=VERTEX_POINT('',#9348);
#7360=LINE('',#9349,#9350);
#7361=VERTEX_POINT('',#9351);
#7362=LINE('',#9352,#9353);
#7363=VERTEX_POINT('',#9354);
#7364=LINE('',#9355,#9356);
#7365=VERTEX_POINT('',#9357);
#7366=LINE('',#9358,#9359);
#7367=VERTEX_POINT('',#9360);
#7368=LINE('',#9361,#9362);
#7369=VERTEX_POINT('',#9363);
#7370=LINE('',#9364,#9365);
#7371=VERTEX_POINT('',#9366);
#7372=LINE('',#9367,#9368);
#7373=VERTEX_POINT('',#9369);
#7374=LINE('',#9370,#9371);
#7375=LINE('',#9372,#9373);
#7376=VERTEX_POINT('',#9374);
#7377=LINE('',#9375,#9376);
#7378=VERTEX_POINT('',#9377);
#7379=LINE('',#9378,#9379);
#7380=LINE('',#9380,#9381);
#7381=VERTEX_POINT('',#9382);
#7382=VERTEX_POINT('',#9383);
#7383=LINE('',#9384,#9385);
#7384=VERTEX_POINT('',#9386);
#7385=LINE('',#9387,#9388);
#7386=VERTEX_POINT('',#9389);
#7387=LINE('',#9390,#9391);
#7388=VERTEX_POINT('',#9392);
#7389=LINE('',#9393,#9394);
#7390=VERTEX_POINT('',#9395);
#7391=LINE('',#9396,#9397);
#7392=VERTEX_POINT('',#9398);
#7393=LINE('',#9399,#9400);
#7394=VERTEX_POINT('',#9401);
#7395=LINE('',#9402,#9403);
#7396=VERTEX_POINT('',#9404);
#7397=LINE('',#9405,#9406);
#7398=VERTEX_POINT('',#9407);
#7399=LINE('',#9408,#9409);
#7400=LINE('',#9410,#9411);
#7401=LINE('',#9412,#9413);
#7402=LINE('',#9414,#9415);
#7403=LINE('',#9416,#9417);
#7404=LINE('',#9418,#9419);
#7405=VERTEX_POINT('',#9420);
#7406=VERTEX_POINT('',#9421);
#7407=LINE('',#9422,#9423);
#7408=VERTEX_POINT('',#9424);
#7409=LINE('',#9425,#9426);
#7410=LINE('',#9427,#9428);
#7411=LINE('',#9429,#9430);
#7412=VERTEX_POINT('',#9431);
#7413=VERTEX_POINT('',#9432);
#7414=LINE('',#9433,#9434);
#7415=VERTEX_POINT('',#9435);
#7416=LINE('',#9436,#9437);
#7417=VERTEX_POINT('',#9438);
#7418=LINE('',#9439,#9440);
#7419=LINE('',#9441,#9442);
#7420=VERTEX_POINT('',#9443);
#7421=LINE('',#9444,#9445);
#7422=VERTEX_POINT('',#9446);
#7423=LINE('',#9447,#9448);
#7424=VERTEX_POINT('',#9449);
#7425=LINE('',#9450,#9451);
#7426=LINE('',#9452,#9453);
#7427=VERTEX_POINT('',#9454);
#7428=LINE('',#9455,#9456);
#7429=LINE('',#9457,#9458);
#7430=LINE('',#9459,#9460);
#7431=VERTEX_POINT('',#9461);
#7432=LINE('',#9462,#9463);
#7433=VERTEX_POINT('',#9464);
#7434=LINE('',#9465,#9466);
#7435=LINE('',#9467,#9468);
#7436=VERTEX_POINT('',#9469);
#7437=LINE('',#9470,#9471);
#7438=VERTEX_POINT('',#9472);
#7439=LINE('',#9473,#9474);
#7440=LINE('',#9475,#9476);
#7441=VERTEX_POINT('',#9477);
#7442=VERTEX_POINT('',#9478);
#7443=LINE('',#9479,#9480);
#7444=LINE('',#9481,#9482);
#7445=LINE('',#9483,#9484);
#7446=VERTEX_POINT('',#9485);
#7447=LINE('',#9486,#9487);
#7448=VERTEX_POINT('',#9488);
#7449=LINE('',#9489,#9490);
#7450=LINE('',#9491,#9492);
#7451=VERTEX_POINT('',#9493);
#7452=LINE('',#9494,#9495);
#7453=VERTEX_POINT('',#9496);
#7454=LINE('',#9497,#9498);
#7455=VERTEX_POINT('',#9499);
#7456=LINE('',#9500,#9501);
#7457=VERTEX_POINT('',#9502);
#7458=LINE('',#9503,#9504);
#7459=VERTEX_POINT('',#9505);
#7460=LINE('',#9506,#9507);
#7461=LINE('',#9508,#9509);
#7462=VERTEX_POINT('',#9510);
#7463=VERTEX_POINT('',#9511);
#7464=LINE('',#9512,#9513);
#7465=VERTEX_POINT('',#9514);
#7466=LINE('',#9515,#9516);
#7467=VERTEX_POINT('',#9517);
#7468=LINE('',#9518,#9519);
#7469=VERTEX_POINT('',#9520);
#7470=LINE('',#9521,#9522);
#7471=VERTEX_POINT('',#9523);
#7472=LINE('',#9524,#9525);
#7473=VERTEX_POINT('',#9526);
#7474=LINE('',#9527,#9528);
#7475=LINE('',#9529,#9530);
#7476=VERTEX_POINT('',#9531);
#7477=LINE('',#9532,#9533);
#7478=LINE('',#9534,#9535);
#7479=LINE('',#9536,#9537);
#7480=VERTEX_POINT('',#9538);
#7481=LINE('',#9539,#9540);
#7482=VERTEX_POINT('',#9541);
#7483=LINE('',#9542,#9543);
#7484=VERTEX_POINT('',#9544);
#7485=LINE('',#9545,#9546);
#7486=VERTEX_POINT('',#9547);
#7487=LINE('',#9548,#9549);
#7488=LINE('',#9550,#9551);
#7489=LINE('',#9552,#9553);
#7490=LINE('',#9554,#9555);
#7491=LINE('',#9556,#9557);
#7492=LINE('',#9558,#9559);
#7493=VERTEX_POINT('',#9560);
#7494=LINE('',#9561,#9562);
#7495=LINE('',#9563,#9564);
#7496=VERTEX_POINT('',#9565);
#7497=LINE('',#9566,#9567);
#7498=LINE('',#9568,#9569);
#7499=VERTEX_POINT('',#9570);
#7500=VERTEX_POINT('',#9571);
#7501=LINE('',#9572,#9573);
#7502=VERTEX_POINT('',#9574);
#7503=LINE('',#9575,#9576);
#7504=VERTEX_POINT('',#9577);
#7505=LINE('',#9578,#9579);
#7506=VERTEX_POINT('',#9580);
#7507=LINE('',#9581,#9582);
#7508=LINE('',#9583,#9584);
#7509=VERTEX_POINT('',#9585);
#7510=VERTEX_POINT('',#9586);
#7511=LINE('',#9587,#9588);
#7512=VERTEX_POINT('',#9589);
#7513=LINE('',#9590,#9591);
#7514=VERTEX_POINT('',#9592);
#7515=LINE('',#9593,#9594);
#7516=LINE('',#9595,#9596);
#7517=VERTEX_POINT('',#9597);
#7518=VERTEX_POINT('',#9598);
#7519=LINE('',#9599,#9600);
#7520=VERTEX_POINT('',#9601);
#7521=LINE('',#9602,#9603);
#7522=VERTEX_POINT('',#9604);
#7523=LINE('',#9605,#9606);
#7524=VERTEX_POINT('',#9607);
#7525=LINE('',#9608,#9609);
#7526=LINE('',#9610,#9611);
#7527=VERTEX_POINT('',#9612);
#7528=VERTEX_POINT('',#9613);
#7529=LINE('',#9614,#9615);
#7530=VERTEX_POINT('',#9616);
#7531=LINE('',#9617,#9618);
#7532=VERTEX_POINT('',#9619);
#7533=LINE('',#9620,#9621);
#7534=VERTEX_POINT('',#9622);
#7535=LINE('',#9623,#9624);
#7536=LINE('',#9625,#9626);
#7537=VERTEX_POINT('',#9627);
#7538=VERTEX_POINT('',#9628);
#7539=LINE('',#9629,#9630);
#7540=VERTEX_POINT('',#9631);
#7541=LINE('',#9632,#9633);
#7542=VERTEX_POINT('',#9634);
#7543=LINE('',#9635,#9636);
#7544=VERTEX_POINT('',#9637);
#7545=LINE('',#9638,#9639);
#7546=LINE('',#9640,#9641);
#7547=VERTEX_POINT('',#9642);
#7548=VERTEX_POINT('',#9643);
#7549=LINE('',#9644,#9645);
#7550=VERTEX_POINT('',#9646);
#7551=LINE('',#9647,#9648);
#7552=VERTEX_POINT('',#9649);
#7553=LINE('',#9650,#9651);
#7554=VERTEX_POINT('',#9652);
#7555=LINE('',#9653,#9654);
#7556=LINE('',#9655,#9656);
#7557=VERTEX_POINT('',#9657);
#7558=VERTEX_POINT('',#9658);
#7559=LINE('',#9659,#9660);
#7560=VERTEX_POINT('',#9661);
#7561=LINE('',#9662,#9663);
#7562=VERTEX_POINT('',#9664);
#7563=LINE('',#9665,#9666);
#7564=VERTEX_POINT('',#9667);
#7565=LINE('',#9668,#9669);
#7566=LINE('',#9670,#9671);
#7567=VERTEX_POINT('',#9672);
#7568=VERTEX_POINT('',#9673);
#7569=LINE('',#9674,#9675);
#7570=VERTEX_POINT('',#9676);
#7571=LINE('',#9677,#9678);
#7572=VERTEX_POINT('',#9679);
#7573=LINE('',#9680,#9681);
#7574=VERTEX_POINT('',#9682);
#7575=LINE('',#9683,#9684);
#7576=LINE('',#9685,#9686);
#7577=VERTEX_POINT('',#9687);
#7578=VERTEX_POINT('',#9688);
#7579=LINE('',#9689,#9690);
#7580=VERTEX_POINT('',#9691);
#7581=LINE('',#9692,#9693);
#7582=VERTEX_POINT('',#9694);
#7583=LINE('',#9695,#9696);
#7584=VERTEX_POINT('',#9697);
#7585=LINE('',#9698,#9699);
#7586=LINE('',#9700,#9701);
#7587=VERTEX_POINT('',#9702);
#7588=VERTEX_POINT('',#9703);
#7589=LINE('',#9704,#9705);
#7590=VERTEX_POINT('',#9706);
#7591=LINE('',#9707,#9708);
#7592=VERTEX_POINT('',#9709);
#7593=LINE('',#9710,#9711);
#7594=VERTEX_POINT('',#9712);
#7595=LINE('',#9713,#9714);
#7596=LINE('',#9715,#9716);
#7597=VERTEX_POINT('',#9717);
#7598=VERTEX_POINT('',#9718);
#7599=LINE('',#9719,#9720);
#7600=VERTEX_POINT('',#9721);
#7601=LINE('',#9722,#9723);
#7602=VERTEX_POINT('',#9724);
#7603=LINE('',#9725,#9726);
#7604=VERTEX_POINT('',#9727);
#7605=LINE('',#9728,#9729);
#7606=VERTEX_POINT('',#9730);
#7607=LINE('',#9731,#9732);
#7608=VERTEX_POINT('',#9733);
#7609=LINE('',#9734,#9735);
#7610=VERTEX_POINT('',#9736);
#7611=LINE('',#9737,#9738);
#7612=VERTEX_POINT('',#9739);
#7613=LINE('',#9740,#9741);
#7614=VERTEX_POINT('',#9742);
#7615=LINE('',#9743,#9744);
#7616=VERTEX_POINT('',#9745);
#7617=LINE('',#9746,#9747);
#7618=VERTEX_POINT('',#9748);
#7619=LINE('',#9749,#9750);
#7620=VERTEX_POINT('',#9751);
#7621=LINE('',#9752,#9753);
#7622=VERTEX_POINT('',#9754);
#7623=LINE('',#9755,#9756);
#7624=VERTEX_POINT('',#9757);
#7625=LINE('',#9758,#9759);
#7626=VERTEX_POINT('',#9760);
#7627=LINE('',#9761,#9762);
#7628=VERTEX_POINT('',#9763);
#7629=LINE('',#9764,#9765);
#7630=VERTEX_POINT('',#9766);
#7631=LINE('',#9767,#9768);
#7632=VERTEX_POINT('',#9769);
#7633=LINE('',#9770,#9771);
#7634=VERTEX_POINT('',#9772);
#7635=LINE('',#9773,#9774);
#7636=VERTEX_POINT('',#9775);
#7637=LINE('',#9776,#9777);
#7638=VERTEX_POINT('',#9778);
#7639=LINE('',#9779,#9780);
#7640=LINE('',#9781,#9782);
#7641=VERTEX_POINT('',#9783);
#7642=LINE('',#9784,#9785);
#7643=VERTEX_POINT('',#9786);
#7644=LINE('',#9787,#9788);
#7645=VERTEX_POINT('',#9789);
#7646=LINE('',#9790,#9791);
#7647=VERTEX_POINT('',#9792);
#7648=LINE('',#9793,#9794);
#7649=VERTEX_POINT('',#9795);
#7650=LINE('',#9796,#9797);
#7651=LINE('',#9798,#9799);
#7652=VERTEX_POINT('',#9800);
#7653=VERTEX_POINT('',#9801);
#7654=LINE('',#9802,#9803);
#7655=VERTEX_POINT('',#9804);
#7656=LINE('',#9805,#9806);
#7657=VERTEX_POINT('',#9807);
#7658=LINE('',#9808,#9809);
#7659=LINE('',#9810,#9811);
#7660=VERTEX_POINT('',#9812);
#7661=VERTEX_POINT('',#9813);
#7662=LINE('',#9814,#9815);
#7663=VERTEX_POINT('',#9816);
#7664=LINE('',#9817,#9818);
#7665=VERTEX_POINT('',#9819);
#7666=LINE('',#9820,#9821);
#7667=LINE('',#9822,#9823);
#7668=VERTEX_POINT('',#9824);
#7669=LINE('',#9825,#9826);
#7670=VERTEX_POINT('',#9827);
#7671=LINE('',#9828,#9829);
#7672=LINE('',#9830,#9831);
#7673=VERTEX_POINT('',#9832);
#7674=LINE('',#9833,#9834);
#7675=VERTEX_POINT('',#9835);
#7676=LINE('',#9836,#9837);
#7677=LINE('',#9838,#9839);
#7678=VERTEX_POINT('',#9840);
#7679=LINE('',#9841,#9842);
#7680=LINE('',#9843,#9844);
#7681=VERTEX_POINT('',#9845);
#7682=LINE('',#9846,#9847);
#7683=LINE('',#9848,#9849);
#7684=VERTEX_POINT('',#9850);
#7685=LINE('',#9851,#9852);
#7686=VERTEX_POINT('',#9853);
#7687=LINE('',#9854,#9855);
#7688=LINE('',#9856,#9857);
#7689=LINE('',#9858,#9859);
#7690=LINE('',#9860,#9861);
#7691=LINE('',#9862,#9863);
#7692=VERTEX_POINT('',#9864);
#7693=VERTEX_POINT('',#9865);
#7694=LINE('',#9866,#9867);
#7695=LINE('',#9868,#9869);
#7696=VERTEX_POINT('',#9870);
#7697=LINE('',#9871,#9872);
#7698=VERTEX_POINT('',#9873);
#7699=LINE('',#9874,#9875);
#7700=LINE('',#9876,#9877);
#7701=VERTEX_POINT('',#9878);
#7702=VERTEX_POINT('',#9879);
#7703=LINE('',#9880,#9881);
#7704=VERTEX_POINT('',#9882);
#7705=LINE('',#9883,#9884);
#7706=VERTEX_POINT('',#9885);
#7707=LINE('',#9886,#9887);
#7708=LINE('',#9888,#9889);
#7709=VERTEX_POINT('',#9890);
#7710=VERTEX_POINT('',#9891);
#7711=LINE('',#9892,#9893);
#7712=VERTEX_POINT('',#9894);
#7713=LINE('',#9895,#9896);
#7714=VERTEX_POINT('',#9897);
#7715=LINE('',#9898,#9899);
#7716=LINE('',#9900,#9901);
#7717=VERTEX_POINT('',#9902);
#7718=VERTEX_POINT('',#9903);
#7719=LINE('',#9904,#9905);
#7720=VERTEX_POINT('',#9906);
#7721=LINE('',#9907,#9908);
#7722=VERTEX_POINT('',#9909);
#7723=LINE('',#9910,#9911);
#7724=LINE('',#9912,#9913);
#7725=VERTEX_POINT('',#9914);
#7726=VERTEX_POINT('',#9915);
#7727=LINE('',#9916,#9917);
#7728=VERTEX_POINT('',#9918);
#7729=LINE('',#9919,#9920);
#7730=VERTEX_POINT('',#9921);
#7731=LINE('',#9922,#9923);
#7732=VERTEX_POINT('',#9924);
#7733=LINE('',#9925,#9926);
#7734=VERTEX_POINT('',#9927);
#7735=LINE('',#9928,#9929);
#7736=VERTEX_POINT('',#9930);
#7737=LINE('',#9931,#9932);
#7738=VERTEX_POINT('',#9933);
#7739=LINE('',#9934,#9935);
#7740=VERTEX_POINT('',#9936);
#7741=LINE('',#9937,#9938);
#7742=VERTEX_POINT('',#9939);
#7743=LINE('',#9940,#9941);
#7744=VERTEX_POINT('',#9942);
#7745=LINE('',#9943,#9944);
#7746=VERTEX_POINT('',#9945);
#7747=LINE('',#9946,#9947);
#7748=VERTEX_POINT('',#9948);
#7749=LINE('',#9949,#9950);
#7750=VERTEX_POINT('',#9951);
#7751=LINE('',#9952,#9953);
#7752=VERTEX_POINT('',#9954);
#7753=LINE('',#9955,#9956);
#7754=VERTEX_POINT('',#9957);
#7755=LINE('',#9958,#9959);
#7756=VERTEX_POINT('',#9960);
#7757=LINE('',#9961,#9962);
#7758=VERTEX_POINT('',#9963);
#7759=LINE('',#9964,#9965);
#7760=LINE('',#9966,#9967);
#7761=VERTEX_POINT('',#9968);
#7762=VERTEX_POINT('',#9969);
#7763=LINE('',#9970,#9971);
#7764=VERTEX_POINT('',#9972);
#7765=LINE('',#9973,#9974);
#7766=VERTEX_POINT('',#9975);
#7767=LINE('',#9976,#9977);
#7768=VERTEX_POINT('',#9978);
#7769=LINE('',#9979,#9980);
#7770=VERTEX_POINT('',#9981);
#7771=LINE('',#9982,#9983);
#7772=VERTEX_POINT('',#9984);
#7773=LINE('',#9985,#9986);
#7774=VERTEX_POINT('',#9987);
#7775=LINE('',#9988,#9989);
#7776=VERTEX_POINT('',#9990);
#7777=LINE('',#9991,#9992);
#7778=VERTEX_POINT('',#9993);
#7779=LINE('',#9994,#9995);
#7780=VERTEX_POINT('',#9996);
#7781=LINE('',#9997,#9998);
#7782=VERTEX_POINT('',#9999);
#7783=LINE('',#10000,#10001);
#7784=VERTEX_POINT('',#10002);
#7785=LINE('',#10003,#10004);
#7786=VERTEX_POINT('',#10005);
#7787=LINE('',#10006,#10007);
#7788=VERTEX_POINT('',#10008);
#7789=LINE('',#10009,#10010);
#7790=VERTEX_POINT('',#10011);
#7791=LINE('',#10012,#10013);
#7792=VERTEX_POINT('',#10014);
#7793=LINE('',#10015,#10016);
#7794=VERTEX_POINT('',#10017);
#7795=LINE('',#10018,#10019);
#7796=VERTEX_POINT('',#10020);
#7797=LINE('',#10021,#10022);
#7798=VERTEX_POINT('',#10023);
#7799=LINE('',#10024,#10025);
#7800=VERTEX_POINT('',#10026);
#7801=LINE('',#10027,#10028);
#7802=VERTEX_POINT('',#10029);
#7803=LINE('',#10030,#10031);
#7804=VERTEX_POINT('',#10032);
#7805=LINE('',#10033,#10034);
#7806=VERTEX_POINT('',#10035);
#7807=LINE('',#10036,#10037);
#7808=LINE('',#10038,#10039);
#7809=VERTEX_POINT('',#10040);
#7810=VERTEX_POINT('',#10041);
#7811=LINE('',#10042,#10043);
#7812=VERTEX_POINT('',#10044);
#7813=LINE('',#10045,#10046);
#7814=VERTEX_POINT('',#10047);
#7815=LINE('',#10048,#10049);
#7816=VERTEX_POINT('',#10050);
#7817=LINE('',#10051,#10052);
#7818=VERTEX_POINT('',#10053);
#7819=LINE('',#10054,#10055);
#7820=VERTEX_POINT('',#10056);
#7821=LINE('',#10057,#10058);
#7822=VERTEX_POINT('',#10059);
#7823=LINE('',#10060,#10061);
#7824=VERTEX_POINT('',#10062);
#7825=LINE('',#10063,#10064);
#7826=VERTEX_POINT('',#10065);
#7827=LINE('',#10066,#10067);
#7828=VERTEX_POINT('',#10068);
#7829=LINE('',#10069,#10070);
#7830=VERTEX_POINT('',#10071);
#7831=LINE('',#10072,#10073);
#7832=VERTEX_POINT('',#10074);
#7833=LINE('',#10075,#10076);
#7834=VERTEX_POINT('',#10077);
#7835=LINE('',#10078,#10079);
#7836=VERTEX_POINT('',#10080);
#7837=LINE('',#10081,#10082);
#7838=VERTEX_POINT('',#10083);
#7839=LINE('',#10084,#10085);
#7840=VERTEX_POINT('',#10086);
#7841=LINE('',#10087,#10088);
#7842=VERTEX_POINT('',#10089);
#7843=LINE('',#10090,#10091);
#7844=VERTEX_POINT('',#10092);
#7845=LINE('',#10093,#10094);
#7846=VERTEX_POINT('',#10095);
#7847=LINE('',#10096,#10097);
#7848=VERTEX_POINT('',#10098);
#7849=LINE('',#10099,#10100);
#7850=VERTEX_POINT('',#10101);
#7851=LINE('',#10102,#10103);
#7852=VERTEX_POINT('',#10104);
#7853=LINE('',#10105,#10106);
#7854=VERTEX_POINT('',#10107);
#7855=LINE('',#10108,#10109);
#7856=LINE('',#10110,#10111);
#7857=VERTEX_POINT('',#10112);
#7858=VERTEX_POINT('',#10113);
#7859=LINE('',#10114,#10115);
#7860=VERTEX_POINT('',#10116);
#7861=LINE('',#10117,#10118);
#7862=VERTEX_POINT('',#10119);
#7863=LINE('',#10120,#10121);
#7864=VERTEX_POINT('',#10122);
#7865=LINE('',#10123,#10124);
#7866=VERTEX_POINT('',#10125);
#7867=LINE('',#10126,#10127);
#7868=VERTEX_POINT('',#10128);
#7869=LINE('',#10129,#10130);
#7870=VERTEX_POINT('',#10131);
#7871=LINE('',#10132,#10133);
#7872=VERTEX_POINT('',#10134);
#7873=LINE('',#10135,#10136);
#7874=VERTEX_POINT('',#10137);
#7875=LINE('',#10138,#10139);
#7876=VERTEX_POINT('',#10140);
#7877=LINE('',#10141,#10142);
#7878=VERTEX_POINT('',#10143);
#7879=LINE('',#10144,#10145);
#7880=VERTEX_POINT('',#10146);
#7881=LINE('',#10147,#10148);
#7882=VERTEX_POINT('',#10149);
#7883=LINE('',#10150,#10151);
#7884=VERTEX_POINT('',#10152);
#7885=LINE('',#10153,#10154);
#7886=VERTEX_POINT('',#10155);
#7887=LINE('',#10156,#10157);
#7888=VERTEX_POINT('',#10158);
#7889=LINE('',#10159,#10160);
#7890=VERTEX_POINT('',#10161);
#7891=LINE('',#10162,#10163);
#7892=VERTEX_POINT('',#10164);
#7893=LINE('',#10165,#10166);
#7894=VERTEX_POINT('',#10167);
#7895=LINE('',#10168,#10169);
#7896=VERTEX_POINT('',#10170);
#7897=LINE('',#10171,#10172);
#7898=VERTEX_POINT('',#10173);
#7899=LINE('',#10174,#10175);
#7900=VERTEX_POINT('',#10176);
#7901=LINE('',#10177,#10178);
#7902=VERTEX_POINT('',#10179);
#7903=LINE('',#10180,#10181);
#7904=LINE('',#10182,#10183);
#7905=VERTEX_POINT('',#10184);
#7906=LINE('',#10185,#10186);
#7907=VERTEX_POINT('',#10187);
#7908=LINE('',#10188,#10189);
#7909=VERTEX_POINT('',#10190);
#7910=LINE('',#10191,#10192);
#7911=VERTEX_POINT('',#10193);
#7912=LINE('',#10194,#10195);
#7913=VERTEX_POINT('',#10196);
#7914=LINE('',#10197,#10198);
#7915=VERTEX_POINT('',#10199);
#7916=LINE('',#10200,#10201);
#7917=VERTEX_POINT('',#10202);
#7918=LINE('',#10203,#10204);
#7919=VERTEX_POINT('',#10205);
#7920=LINE('',#10206,#10207);
#7921=LINE('',#10208,#10209);
#7922=VERTEX_POINT('',#10210);
#7923=LINE('',#10211,#10212);
#7924=VERTEX_POINT('',#10213);
#7925=LINE('',#10214,#10215);
#7926=LINE('',#10216,#10217);
#7927=VERTEX_POINT('',#10218);
#7928=LINE('',#10219,#10220);
#7929=VERTEX_POINT('',#10221);
#7930=LINE('',#10222,#10223);
#7931=LINE('',#10224,#10225);
#7932=VERTEX_POINT('',#10226);
#7933=VERTEX_POINT('',#10227);
#7934=LINE('',#10228,#10229);
#7935=VERTEX_POINT('',#10230);
#7936=LINE('',#10231,#10232);
#7937=VERTEX_POINT('',#10233);
#7938=LINE('',#10234,#10235);
#7939=VERTEX_POINT('',#10236);
#7940=LINE('',#10237,#10238);
#7941=VERTEX_POINT('',#10239);
#7942=LINE('',#10240,#10241);
#7943=VERTEX_POINT('',#10242);
#7944=LINE('',#10243,#10244);
#7945=VERTEX_POINT('',#10245);
#7946=LINE('',#10246,#10247);
#7947=VERTEX_POINT('',#10248);
#7948=LINE('',#10249,#10250);
#7949=VERTEX_POINT('',#10251);
#7950=LINE('',#10252,#10253);
#7951=VERTEX_POINT('',#10254);
#7952=LINE('',#10255,#10256);
#7953=VERTEX_POINT('',#10257);
#7954=LINE('',#10258,#10259);
#7955=VERTEX_POINT('',#10260);
#7956=LINE('',#10261,#10262);
#7957=VERTEX_POINT('',#10263);
#7958=LINE('',#10264,#10265);
#7959=VERTEX_POINT('',#10266);
#7960=LINE('',#10267,#10268);
#7961=VERTEX_POINT('',#10269);
#7962=LINE('',#10270,#10271);
#7963=VERTEX_POINT('',#10272);
#7964=LINE('',#10273,#10274);
#7965=VERTEX_POINT('',#10275);
#7966=LINE('',#10276,#10277);
#7967=VERTEX_POINT('',#10278);
#7968=LINE('',#10279,#10280);
#7969=VERTEX_POINT('',#10281);
#7970=LINE('',#10282,#10283);
#7971=VERTEX_POINT('',#10284);
#7972=LINE('',#10285,#10286);
#7973=VERTEX_POINT('',#10287);
#7974=LINE('',#10288,#10289);
#7975=VERTEX_POINT('',#10290);
#7976=LINE('',#10291,#10292);
#7977=VERTEX_POINT('',#10293);
#7978=LINE('',#10294,#10295);
#7979=LINE('',#10296,#10297);
#7980=VERTEX_POINT('',#10298);
#7981=VERTEX_POINT('',#10299);
#7982=LINE('',#10300,#10301);
#7983=VERTEX_POINT('',#10302);
#7984=LINE('',#10303,#10304);
#7985=VERTEX_POINT('',#10305);
#7986=LINE('',#10306,#10307);
#7987=LINE('',#10308,#10309);
#7988=VERTEX_POINT('',#10310);
#7989=LINE('',#10311,#10312);
#7990=VERTEX_POINT('',#10313);
#7991=LINE('',#10314,#10315);
#7992=LINE('',#10316,#10317);
#7993=VERTEX_POINT('',#10318);
#7994=LINE('',#10319,#10320);
#7995=LINE('',#10321,#10322);
#7996=VERTEX_POINT('',#10323);
#7997=LINE('',#10324,#10325);
#7998=LINE('',#10326,#10327);
#7999=VERTEX_POINT('',#10328);
#8000=LINE('',#10329,#10330);
#8001=VERTEX_POINT('',#10331);
#8002=LINE('',#10332,#10333);
#8003=LINE('',#10334,#10335);
#8004=VERTEX_POINT('',#10336);
#8005=LINE('',#10337,#10338);
#8006=VERTEX_POINT('',#10339);
#8007=LINE('',#10340,#10341);
#8008=LINE('',#10342,#10343);
#8009=VERTEX_POINT('',#10344);
#8010=LINE('',#10345,#10346);
#8011=VERTEX_POINT('',#10347);
#8012=LINE('',#10348,#10349);
#8013=LINE('',#10350,#10351);
#8014=VERTEX_POINT('',#10352);
#8015=LINE('',#10353,#10354);
#8016=VERTEX_POINT('',#10355);
#8017=LINE('',#10356,#10357);
#8018=LINE('',#10358,#10359);
#8019=VERTEX_POINT('',#10360);
#8020=LINE('',#10361,#10362);
#8021=LINE('',#10363,#10364);
#8022=VERTEX_POINT('',#10365);
#8023=LINE('',#10366,#10367);
#8024=VERTEX_POINT('',#10368);
#8025=LINE('',#10369,#10370);
#8026=LINE('',#10371,#10372);
#8027=LINE('',#10373,#10374);
#8028=LINE('',#10375,#10376);
#8029=LINE('',#10377,#10378);
#8030=VERTEX_POINT('',#10379);
#8031=LINE('',#10380,#10381);
#8032=LINE('',#10382,#10383);
#8033=LINE('',#10384,#10385);
#8034=LINE('',#10386,#10387);
#8035=VERTEX_POINT('',#10388);
#8036=LINE('',#10389,#10390);
#8037=VERTEX_POINT('',#10391);
#8038=LINE('',#10392,#10393);
#8039=VERTEX_POINT('',#10394);
#8040=LINE('',#10395,#10396);
#8041=VERTEX_POINT('',#10397);
#8042=LINE('',#10398,#10399);
#8043=LINE('',#10400,#10401);
#8044=VERTEX_POINT('',#10402);
#8045=LINE('',#10403,#10404);
#8046=VERTEX_POINT('',#10405);
#8047=LINE('',#10406,#10407);
#8048=VERTEX_POINT('',#10408);
#8049=LINE('',#10409,#10410);
#8050=VERTEX_POINT('',#10411);
#8051=LINE('',#10412,#10413);
#8052=VERTEX_POINT('',#10414);
#8053=LINE('',#10415,#10416);
#8054=VERTEX_POINT('',#10417);
#8055=LINE('',#10418,#10419);
#8056=VERTEX_POINT('',#10420);
#8057=LINE('',#10421,#10422);
#8058=VERTEX_POINT('',#10423);
#8059=LINE('',#10424,#10425);
#8060=VERTEX_POINT('',#10426);
#8061=LINE('',#10427,#10428);
#8062=VERTEX_POINT('',#10429);
#8063=LINE('',#10430,#10431);
#8064=VERTEX_POINT('',#10432);
#8065=LINE('',#10433,#10434);
#8066=VERTEX_POINT('',#10435);
#8067=LINE('',#10436,#10437);
#8068=VERTEX_POINT('',#10438);
#8069=LINE('',#10439,#10440);
#8070=VERTEX_POINT('',#10441);
#8071=LINE('',#10442,#10443);
#8072=LINE('',#10444,#10445);
#8073=VERTEX_POINT('',#10446);
#8074=LINE('',#10447,#10448);
#8075=LINE('',#10449,#10450);
#8076=VERTEX_POINT('',#10451);
#8077=LINE('',#10452,#10453);
#8078=VERTEX_POINT('',#10454);
#8079=LINE('',#10455,#10456);
#8080=LINE('',#10457,#10458);
#8081=VERTEX_POINT('',#10459);
#8082=VERTEX_POINT('',#10460);
#8083=LINE('',#10461,#10462);
#8084=LINE('',#10463,#10464);
#8085=LINE('',#10465,#10466);
#8086=VERTEX_POINT('',#10467);
#8087=LINE('',#10468,#10469);
#8088=LINE('',#10470,#10471);
#8089=VERTEX_POINT('',#10472);
#8090=VERTEX_POINT('',#10473);
#8091=LINE('',#10474,#10475);
#8092=VERTEX_POINT('',#10476);
#8093=LINE('',#10477,#10478);
#8094=LINE('',#10479,#10480);
#8095=VERTEX_POINT('',#10481);
#8096=LINE('',#10482,#10483);
#8097=VERTEX_POINT('',#10484);
#8098=LINE('',#10485,#10486);
#8099=LINE('',#10487,#10488);
#8100=VERTEX_POINT('',#10489);
#8101=VERTEX_POINT('',#10490);
#8102=LINE('',#10491,#10492);
#8103=VERTEX_POINT('',#10493);
#8104=LINE('',#10494,#10495);
#8105=VERTEX_POINT('',#10496);
#8106=LINE('',#10497,#10498);
#8107=LINE('',#10499,#10500);
#8108=VERTEX_POINT('',#10501);
#8109=LINE('',#10502,#10503);
#8110=VERTEX_POINT('',#10504);
#8111=LINE('',#10505,#10506);
#8112=LINE('',#10507,#10508);
#8113=VERTEX_POINT('',#10509);
#8114=LINE('',#10510,#10511);
#8115=VERTEX_POINT('',#10512);
#8116=LINE('',#10513,#10514);
#8117=LINE('',#10515,#10516);
#8118=VERTEX_POINT('',#10517);
#8119=LINE('',#10518,#10519);
#8120=LINE('',#10520,#10521);
#8121=VERTEX_POINT('',#10522);
#8122=LINE('',#10523,#10524);
#8123=VERTEX_POINT('',#10525);
#8124=CIRCLE('',#10526,1.52);
#8125=VERTEX_POINT('',#10527);
#8126=LINE('',#10528,#10529);
#8127=VERTEX_POINT('',#10530);
#8128=LINE('',#10531,#10532);
#8129=VERTEX_POINT('',#10533);
#8130=LINE('',#10534,#10535);
#8131=VERTEX_POINT('',#10536);
#8132=LINE('',#10537,#10538);
#8133=VERTEX_POINT('',#10539);
#8134=LINE('',#10540,#10541);
#8135=CIRCLE('',#10542,1.52);
#8136=VERTEX_POINT('',#10543);
#8137=VERTEX_POINT('',#10544);
#8138=LINE('',#10545,#10546);
#8139=VERTEX_POINT('',#10547);
#8140=LINE('',#10548,#10549);
#8141=VERTEX_POINT('',#10550);
#8142=LINE('',#10551,#10552);
#8143=LINE('',#10553,#10554);
#8144=VERTEX_POINT('',#10555);
#8145=LINE('',#10556,#10557);
#8146=VERTEX_POINT('',#10558);
#8147=CIRCLE('',#10559,1.52);
#8148=VERTEX_POINT('',#10560);
#8149=LINE('',#10561,#10562);
#8150=VERTEX_POINT('',#10563);
#8151=LINE('',#10564,#10565);
#8152=VERTEX_POINT('',#10566);
#8153=LINE('',#10567,#10568);
#8154=VERTEX_POINT('',#10569);
#8155=LINE('',#10570,#10571);
#8156=VERTEX_POINT('',#10572);
#8157=LINE('',#10573,#10574);
#8158=VERTEX_POINT('',#10575);
#8159=CIRCLE('',#10576,1.52);
#8160=LINE('',#10577,#10578);
#8161=VERTEX_POINT('',#10579);
#8162=LINE('',#10580,#10581);
#8163=LINE('',#10582,#10583);
#8164=LINE('',#10584,#10585);
#8165=VERTEX_POINT('',#10586);
#8166=LINE('',#10587,#10588);
#8167=LINE('',#10589,#10590);
#8168=LINE('',#10591,#10592);
#8169=LINE('',#10593,#10594);
#8170=LINE('',#10595,#10596);
#8171=LINE('',#10597,#10598);
#8172=LINE('',#10599,#10600);
#8173=VERTEX_POINT('',#10601);
#8174=LINE('',#10602,#10603);
#8175=VERTEX_POINT('',#10604);
#8176=LINE('',#10605,#10606);
#8177=LINE('',#10607,#10608);
#8178=VERTEX_POINT('',#10609);
#8179=LINE('',#10610,#10611);
#8180=LINE('',#10612,#10613);
#8181=VERTEX_POINT('',#10614);
#8182=VERTEX_POINT('',#10615);
#8183=LINE('',#10616,#10617);
#8184=VERTEX_POINT('',#10618);
#8185=LINE('',#10619,#10620);
#8186=VERTEX_POINT('',#10621);
#8187=LINE('',#10622,#10623);
#8188=VERTEX_POINT('',#10624);
#8189=LINE('',#10625,#10626);
#8190=LINE('',#10627,#10628);
#8191=VERTEX_POINT('',#10629);
#8192=VERTEX_POINT('',#10630);
#8193=LINE('',#10631,#10632);
#8194=VERTEX_POINT('',#10633);
#8195=LINE('',#10634,#10635);
#8196=VERTEX_POINT('',#10636);
#8197=LINE('',#10637,#10638);
#8198=LINE('',#10639,#10640);
#8199=VERTEX_POINT('',#10641);
#8200=VERTEX_POINT('',#10642);
#8201=LINE('',#10643,#10644);
#8202=VERTEX_POINT('',#10645);
#8203=LINE('',#10646,#10647);
#8204=VERTEX_POINT('',#10648);
#8205=LINE('',#10649,#10650);
#8206=LINE('',#10651,#10652);
#8207=VERTEX_POINT('',#10653);
#8208=VERTEX_POINT('',#10654);
#8209=LINE('',#10655,#10656);
#8210=VERTEX_POINT('',#10657);
#8211=LINE('',#10658,#10659);
#8212=VERTEX_POINT('',#10660);
#8213=LINE('',#10661,#10662);
#8214=LINE('',#10663,#10664);
#8215=VERTEX_POINT('',#10665);
#8216=VERTEX_POINT('',#10666);
#8217=LINE('',#10667,#10668);
#8218=VERTEX_POINT('',#10669);
#8219=LINE('',#10670,#10671);
#8220=VERTEX_POINT('',#10672);
#8221=LINE('',#10673,#10674);
#8222=VERTEX_POINT('',#10675);
#8223=LINE('',#10676,#10677);
#8224=LINE('',#10678,#10679);
#8225=VERTEX_POINT('',#10680);
#8226=VERTEX_POINT('',#10681);
#8227=LINE('',#10682,#10683);
#8228=VERTEX_POINT('',#10684);
#8229=LINE('',#10685,#10686);
#8230=VERTEX_POINT('',#10687);
#8231=LINE('',#10688,#10689);
#8232=LINE('',#10690,#10691);
#8233=VERTEX_POINT('',#10692);
#8234=VERTEX_POINT('',#10693);
#8235=LINE('',#10694,#10695);
#8236=VERTEX_POINT('',#10696);
#8237=LINE('',#10697,#10698);
#8238=VERTEX_POINT('',#10699);
#8239=LINE('',#10700,#10701);
#8240=VERTEX_POINT('',#10702);
#8241=LINE('',#10703,#10704);
#8242=LINE('',#10705,#10706);
#8243=VERTEX_POINT('',#10707);
#8244=VERTEX_POINT('',#10708);
#8245=LINE('',#10709,#10710);
#8246=VERTEX_POINT('',#10711);
#8247=LINE('',#10712,#10713);
#8248=VERTEX_POINT('',#10714);
#8249=LINE('',#10715,#10716);
#8250=LINE('',#10717,#10718);
#8251=VERTEX_POINT('',#10719);
#8252=VERTEX_POINT('',#10720);
#8253=LINE('',#10721,#10722);
#8254=VERTEX_POINT('',#10723);
#8255=LINE('',#10724,#10725);
#8256=VERTEX_POINT('',#10726);
#8257=LINE('',#10727,#10728);
#8258=VERTEX_POINT('',#10729);
#8259=LINE('',#10730,#10731);
#8260=LINE('',#10732,#10733);
#8261=VERTEX_POINT('',#10734);
#8262=VERTEX_POINT('',#10735);
#8263=LINE('',#10736,#10737);
#8264=VERTEX_POINT('',#10738);
#8265=LINE('',#10739,#10740);
#8266=VERTEX_POINT('',#10741);
#8267=LINE('',#10742,#10743);
#8268=LINE('',#10744,#10745);
#8269=VERTEX_POINT('',#10746);
#8270=VERTEX_POINT('',#10747);
#8271=LINE('',#10748,#10749);
#8272=VERTEX_POINT('',#10750);
#8273=LINE('',#10751,#10752);
#8274=VERTEX_POINT('',#10753);
#8275=LINE('',#10754,#10755);
#8276=VERTEX_POINT('',#10756);
#8277=LINE('',#10757,#10758);
#8278=LINE('',#10759,#10760);
#8279=VERTEX_POINT('',#10761);
#8280=VERTEX_POINT('',#10762);
#8281=LINE('',#10763,#10764);
#8282=VERTEX_POINT('',#10765);
#8283=LINE('',#10766,#10767);
#8284=VERTEX_POINT('',#10768);
#8285=LINE('',#10769,#10770);
#8286=LINE('',#10771,#10772);
#8287=VERTEX_POINT('',#10773);
#8288=VERTEX_POINT('',#10774);
#8289=LINE('',#10775,#10776);
#8290=VERTEX_POINT('',#10777);
#8291=LINE('',#10778,#10779);
#8292=VERTEX_POINT('',#10780);
#8293=LINE('',#10781,#10782);
#8294=VERTEX_POINT('',#10783);
#8295=LINE('',#10784,#10785);
#8296=LINE('',#10786,#10787);
#8297=VERTEX_POINT('',#10788);
#8298=VERTEX_POINT('',#10789);
#8299=LINE('',#10790,#10791);
#8300=VERTEX_POINT('',#10792);
#8301=LINE('',#10793,#10794);
#8302=VERTEX_POINT('',#10795);
#8303=LINE('',#10796,#10797);
#8304=LINE('',#10798,#10799);
#8305=VERTEX_POINT('',#10800);
#8306=VERTEX_POINT('',#10801);
#8307=LINE('',#10802,#10803);
#8308=VERTEX_POINT('',#10804);
#8309=LINE('',#10805,#10806);
#8310=VERTEX_POINT('',#10807);
#8311=LINE('',#10808,#10809);
#8312=VERTEX_POINT('',#10810);
#8313=LINE('',#10811,#10812);
#8314=LINE('',#10813,#10814);
#8315=VERTEX_POINT('',#10815);
#8316=VERTEX_POINT('',#10816);
#8317=LINE('',#10817,#10818);
#8318=VERTEX_POINT('',#10819);
#8319=LINE('',#10820,#10821);
#8320=VERTEX_POINT('',#10822);
#8321=LINE('',#10823,#10824);
#8322=LINE('',#10825,#10826);
#8323=VERTEX_POINT('',#10827);
#8324=VERTEX_POINT('',#10828);
#8325=LINE('',#10829,#10830);
#8326=VERTEX_POINT('',#10831);
#8327=LINE('',#10832,#10833);
#8328=VERTEX_POINT('',#10834);
#8329=LINE('',#10835,#10836);
#8330=VERTEX_POINT('',#10837);
#8331=LINE('',#10838,#10839);
#8332=LINE('',#10840,#10841);
#8333=VERTEX_POINT('',#10842);
#8334=LINE('',#10843,#10844);
#8335=LINE('',#10845,#10846);
#8336=VERTEX_POINT('',#10847);
#8337=VERTEX_POINT('',#10848);
#8338=LINE('',#10849,#10850);
#8339=VERTEX_POINT('',#10851);
#8340=LINE('',#10852,#10853);
#8341=VERTEX_POINT('',#10854);
#8342=LINE('',#10855,#10856);
#8343=VERTEX_POINT('',#10857);
#8344=LINE('',#10858,#10859);
#8345=LINE('',#10860,#10861);
#8346=VERTEX_POINT('',#10862);
#8347=LINE('',#10863,#10864);
#8348=LINE('',#10865,#10866);
#8349=LINE('',#10867,#10868);
#8350=LINE('',#10869,#10870);
#8351=LINE('',#10871,#10872);
#8352=LINE('',#10873,#10874);
#8353=LINE('',#10875,#10876);
#8354=LINE('',#10877,#10878);
#8355=LINE('',#10879,#10880);
#8356=LINE('',#10881,#10882);
#8357=LINE('',#10883,#10884);
#8358=LINE('',#10885,#10886);
#8359=LINE('',#10887,#10888);
#8360=LINE('',#10889,#10890);
#8361=LINE('',#10891,#10892);
#8362=LINE('',#10893,#10894);
#8363=LINE('',#10895,#10896);
#8364=LINE('',#10897,#10898);
#8365=LINE('',#10899,#10900);
#8366=LINE('',#10901,#10902);
#8367=LINE('',#10903,#10904);
#8368=LINE('',#10905,#10906);
#8369=LINE('',#10907,#10908);
#8370=LINE('',#10909,#10910);
#8371=LINE('',#10911,#10912);
#8372=LINE('',#10913,#10914);
#8373=LINE('',#10915,#10916);
#8374=LINE('',#10917,#10918);
#8375=LINE('',#10919,#10920);
#8376=LINE('',#10921,#10922);
#8377=LINE('',#10923,#10924);
#8378=LINE('',#10925,#10926);
#8379=LINE('',#10927,#10928);
#8380=LINE('',#10929,#10930);
#8381=LINE('',#10931,#10932);
#8382=LINE('',#10933,#10934);
#8383=LINE('',#10935,#10936);
#8384=LINE('',#10937,#10938);
#8385=LINE('',#10939,#10940);
#8386=LINE('',#10941,#10942);
#8387=LINE('',#10943,#10944);
#8388=LINE('',#10945,#10946);
#8389=LINE('',#10947,#10948);
#8390=LINE('',#10949,#10950);
#8391=LINE('',#10951,#10952);
#8392=LINE('',#10953,#10954);
#8393=LINE('',#10955,#10956);
#8394=LINE('',#10957,#10958);
#8395=LINE('',#10959,#10960);
#8396=LINE('',#10961,#10962);
#8397=LINE('',#10963,#10964);
#8398=VERTEX_POINT('',#10965);
#8399=LINE('',#10966,#10967);
#8400=VERTEX_POINT('',#10968);
#8401=LINE('',#10969,#10970);
#8402=LINE('',#10971,#10972);
#8403=VERTEX_POINT('',#10973);
#8404=LINE('',#10974,#10975);
#8405=VERTEX_POINT('',#10976);
#8406=LINE('',#10977,#10978);
#8407=LINE('',#10979,#10980);
#8408=VERTEX_POINT('',#10981);
#8409=VERTEX_POINT('',#10982);
#8410=LINE('',#10983,#10984);
#8411=LINE('',#10985,#10986);
#8412=VERTEX_POINT('',#10987);
#8413=LINE('',#10988,#10989);
#8414=VERTEX_POINT('',#10990);
#8415=CIRCLE('',#10991,1.52);
#8416=VERTEX_POINT('',#10992);
#8417=LINE('',#10993,#10994);
#8418=VERTEX_POINT('',#10995);
#8419=LINE('',#10996,#10997);
#8420=VERTEX_POINT('',#10998);
#8421=LINE('',#10999,#11000);
#8422=VERTEX_POINT('',#11001);
#8423=LINE('',#11002,#11003);
#8424=VERTEX_POINT('',#11004);
#8425=LINE('',#11005,#11006);
#8426=VERTEX_POINT('',#11007);
#8427=CIRCLE('',#11008,1.52);
#8428=LINE('',#11009,#11010);
#8429=VERTEX_POINT('',#11011);
#8430=LINE('',#11012,#11013);
#8431=VERTEX_POINT('',#11014);
#8432=LINE('',#11015,#11016);
#8433=LINE('',#11017,#11018);
#8434=VERTEX_POINT('',#11019);
#8435=LINE('',#11020,#11021);
#8436=VERTEX_POINT('',#11022);
#8437=CIRCLE('',#11023,1.52);
#8438=VERTEX_POINT('',#11024);
#8439=LINE('',#11025,#11026);
#8440=VERTEX_POINT('',#11027);
#8441=LINE('',#11028,#11029);
#8442=VERTEX_POINT('',#11030);
#8443=LINE('',#11031,#11032);
#8444=VERTEX_POINT('',#11033);
#8445=LINE('',#11034,#11035);
#8446=VERTEX_POINT('',#11036);
#8447=LINE('',#11037,#11038);
#8448=VERTEX_POINT('',#11039);
#8449=CIRCLE('',#11040,1.52);
#8450=LINE('',#11041,#11042);
#8451=VERTEX_POINT('',#11043);
#8452=LINE('',#11044,#11045);
#8453=LINE('',#11046,#11047);
#8454=VERTEX_POINT('',#11048);
#8455=LINE('',#11049,#11050);
#8456=VERTEX_POINT('',#11051);
#8457=LINE('',#11052,#11053);
#8458=VERTEX_POINT('',#11054);
#8459=LINE('',#11055,#11056);
#8460=VERTEX_POINT('',#11057);
#8461=CIRCLE('',#11058,1.52);
#8462=VERTEX_POINT('',#11059);
#8463=LINE('',#11060,#11061);
#8464=VERTEX_POINT('',#11062);
#8465=LINE('',#11063,#11064);
#8466=VERTEX_POINT('',#11065);
#8467=LINE('',#11066,#11067);
#8468=VERTEX_POINT('',#11068);
#8469=LINE('',#11069,#11070);
#8470=VERTEX_POINT('',#11071);
#8471=LINE('',#11072,#11073);
#8472=VERTEX_POINT('',#11074);
#8473=CIRCLE('',#11075,1.52);
#8474=LINE('',#11076,#11077);
#8475=VERTEX_POINT('',#11078);
#8476=LINE('',#11079,#11080);
#8477=LINE('',#11081,#11082);
#8478=VERTEX_POINT('',#11083);
#8479=VERTEX_POINT('',#11084);
#8480=LINE('',#11085,#11086);
#8481=LINE('',#11087,#11088);
#8482=LINE('',#11089,#11090);
#8483=VERTEX_POINT('',#11091);
#8484=VERTEX_POINT('',#11092);
#8485=LINE('',#11093,#11094);
#8486=LINE('',#11095,#11096);
#8487=LINE('',#11097,#11098);
#8488=VERTEX_POINT('',#11099);
#8489=VERTEX_POINT('',#11100);
#8490=CIRCLE('',#11101,1.52);
#8491=VERTEX_POINT('',#11102);
#8492=LINE('',#11103,#11104);
#8493=VERTEX_POINT('',#11105);
#8494=LINE('',#11106,#11107);
#8495=VERTEX_POINT('',#11108);
#8496=LINE('',#11109,#11110);
#8497=VERTEX_POINT('',#11111);
#8498=LINE('',#11112,#11113);
#8499=VERTEX_POINT('',#11114);
#8500=LINE('',#11115,#11116);
#8501=VERTEX_POINT('',#11117);
#8502=CIRCLE('',#11118,1.52);
#8503=LINE('',#11119,#11120);
#8504=LINE('',#11121,#11122);
#8505=LINE('',#11123,#11124);
#8506=LINE('',#11125,#11126);
#8507=LINE('',#11127,#11128);
#8508=LINE('',#11129,#11130);
#8509=LINE('',#11131,#11132);
#8510=LINE('',#11133,#11134);
#8511=VERTEX_POINT('',#11135);
#8512=LINE('',#11136,#11137);
#8513=VERTEX_POINT('',#11138);
#8514=LINE('',#11139,#11140);
#8515=VERTEX_POINT('',#11141);
#8516=LINE('',#11142,#11143);
#8517=LINE('',#11144,#11145);
#8518=VERTEX_POINT('',#11146);
#8519=VERTEX_POINT('',#11147);
#8520=CIRCLE('',#11148,0.43);
#8521=CIRCLE('',#11149,0.43);
#8522=VERTEX_POINT('',#11150);
#8523=LINE('',#11151,#11152);
#8524=VERTEX_POINT('',#11153);
#8525=LINE('',#11154,#11155);
#8526=VERTEX_POINT('',#11156);
#8527=LINE('',#11157,#11158);
#8528=LINE('',#11159,#11160);
#8529=VERTEX_POINT('',#11161);
#8530=LINE('',#11162,#11163);
#8531=VERTEX_POINT('',#11164);
#8532=LINE('',#11165,#11166);
#8533=VERTEX_POINT('',#11167);
#8534=LINE('',#11168,#11169);
#8535=VERTEX_POINT('',#11170);
#8536=LINE('',#11171,#11172);
#8537=VERTEX_POINT('',#11173);
#8538=LINE('',#11174,#11175);
#8539=VERTEX_POINT('',#11176);
#8540=LINE('',#11177,#11178);
#8541=LINE('',#11179,#11180);
#8542=VERTEX_POINT('',#11181);
#8543=LINE('',#11182,#11183);
#8544=VERTEX_POINT('',#11184);
#8545=LINE('',#11185,#11186);
#8546=VERTEX_POINT('',#11187);
#8547=LINE('',#11188,#11189);
#8548=VERTEX_POINT('',#11190);
#8549=LINE('',#11191,#11192);
#8550=VERTEX_POINT('',#11193);
#8551=LINE('',#11194,#11195);
#8552=VERTEX_POINT('',#11196);
#8553=LINE('',#11197,#11198);
#8554=LINE('',#11199,#11200);
#8555=VERTEX_POINT('',#11201);
#8556=LINE('',#11202,#11203);
#8557=VERTEX_POINT('',#11204);
#8558=LINE('',#11205,#11206);
#8559=VERTEX_POINT('',#11207);
#8560=LINE('',#11208,#11209);
#8561=VERTEX_POINT('',#11210);
#8562=LINE('',#11211,#11212);
#8563=LINE('',#11213,#11214);
#8564=VERTEX_POINT('',#11215);
#8565=VERTEX_POINT('',#11216);
#8566=CIRCLE('',#11217,0.43);
#8567=CIRCLE('',#11218,0.43);
#8568=VERTEX_POINT('',#11219);
#8569=LINE('',#11220,#11221);
#8570=VERTEX_POINT('',#11222);
#8571=LINE('',#11223,#11224);
#8572=VERTEX_POINT('',#11225);
#8573=LINE('',#11226,#11227);
#8574=LINE('',#11228,#11229);
#8575=LINE('',#11230,#11231);
#8576=LINE('',#11232,#11233);
#8577=LINE('',#11234,#11235);
#8578=LINE('',#11236,#11237);
#8579=LINE('',#11238,#11239);
#8580=LINE('',#11240,#11241);
#8581=LINE('',#11242,#11243);
#8582=LINE('',#11244,#11245);
#8583=LINE('',#11246,#11247);
#8584=VERTEX_POINT('',#11248);
#8585=LINE('',#11249,#11250);
#8586=VERTEX_POINT('',#11251);
#8587=LINE('',#11252,#11253);
#8588=VERTEX_POINT('',#11254);
#8589=LINE('',#11255,#11256);
#8590=VERTEX_POINT('',#11257);
#8591=LINE('',#11258,#11259);
#8592=LINE('',#11260,#11261);
#8593=VERTEX_POINT('',#11262);
#8594=LINE('',#11263,#11264);
#8595=VERTEX_POINT('',#11265);
#8596=LINE('',#11266,#11267);
#8597=LINE('',#11268,#11269);
#8598=VERTEX_POINT('',#11270);
#8599=LINE('',#11271,#11272);
#8600=LINE('',#11273,#11274);
#8601=VERTEX_POINT('',#11275);
#8602=LINE('',#11276,#11277);
#8603=LINE('',#11278,#11279);
#8604=LINE('',#11280,#11281);
#8605=LINE('',#11282,#11283);
#8606=VERTEX_POINT('',#11284);
#8607=LINE('',#11285,#11286);
#8608=LINE('',#11287,#11288);
#8609=VERTEX_POINT('',#11289);
#8610=LINE('',#11290,#11291);
#8611=VERTEX_POINT('',#11292);
#8612=LINE('',#11293,#11294);
#8613=LINE('',#11295,#11296);
#8614=VERTEX_POINT('',#11297);
#8615=LINE('',#11298,#11299);
#8616=VERTEX_POINT('',#11300);
#8617=LINE('',#11301,#11302);
#8618=LINE('',#11303,#11304);
#8619=VERTEX_POINT('',#11305);
#8620=LINE('',#11306,#11307);
#8621=LINE('',#11308,#11309);
#8622=VERTEX_POINT('',#11310);
#8623=LINE('',#11311,#11312);
#8624=LINE('',#11313,#11314);
#8625=VERTEX_POINT('',#11315);
#8626=LINE('',#11316,#11317);
#8627=LINE('',#11318,#11319);
#8628=LINE('',#11320,#11321);
#8629=LINE('',#11322,#11323);
#8630=LINE('',#11324,#11325);
#8631=LINE('',#11326,#11327);
#8632=LINE('',#11328,#11329);
#8633=VERTEX_POINT('',#11330);
#8634=LINE('',#11331,#11332);
#8635=VERTEX_POINT('',#11333);
#8636=LINE('',#11334,#11335);
#8637=LINE('',#11336,#11337);
#8638=LINE('',#11338,#11339);
#8639=VERTEX_POINT('',#11340);
#8640=LINE('',#11341,#11342);
#8641=LINE('',#11343,#11344);
#8642=LINE('',#11345,#11346);
#8643=LINE('',#11347,#11348);
#8644=LINE('',#11349,#11350);
#8645=LINE('',#11351,#11352);
#8646=VERTEX_POINT('',#11353);
#8647=LINE('',#11354,#11355);
#8648=VERTEX_POINT('',#11356);
#8649=LINE('',#11357,#11358);
#8650=VERTEX_POINT('',#11359);
#8651=LINE('',#11360,#11361);
#8652=LINE('',#11362,#11363);
#8653=LINE('',#11364,#11365);
#8654=LINE('',#11366,#11367);
#8655=VERTEX_POINT('',#11368);
#8656=LINE('',#11369,#11370);
#8657=VERTEX_POINT('',#11371);
#8658=LINE('',#11372,#11373);
#8659=LINE('',#11374,#11375);
#8660=VERTEX_POINT('',#11376);
#8661=VERTEX_POINT('',#11377);
#8662=LINE('',#11378,#11379);
#8663=VERTEX_POINT('',#11380);
#8664=LINE('',#11381,#11382);
#8665=VERTEX_POINT('',#11383);
#8666=LINE('',#11384,#11385);
#8667=LINE('',#11386,#11387);
#8668=VERTEX_POINT('',#11388);
#8669=LINE('',#11389,#11390);
#8670=VERTEX_POINT('',#11391);
#8671=LINE('',#11392,#11393);
#8672=LINE('',#11394,#11395);
#8673=CIRCLE('',#11396,0.75);
#8674=CIRCLE('',#11397,0.75);
#8675=VERTEX_POINT('',#11398);
#8676=LINE('',#11399,#11400);
#8677=VERTEX_POINT('',#11401);
#8678=LINE('',#11402,#11403);
#8679=LINE('',#11404,#11405);
#8680=LINE('',#11406,#11407);
#8681=LINE('',#11408,#11409);
#8682=LINE('',#11410,#11411);
#8683=LINE('',#11412,#11413);
#8684=LINE('',#11414,#11415);
#8685=VERTEX_POINT('',#11416);
#8686=VERTEX_POINT('',#11417);
#8687=LINE('',#11418,#11419);
#8688=LINE('',#11420,#11421);
#8689=LINE('',#11422,#11423);
#8690=LINE('',#11424,#11425);
#8691=VERTEX_POINT('',#11426);
#8692=LINE('',#11427,#11428);
#8693=LINE('',#11429,#11430);
#8694=VERTEX_POINT('',#11431);
#8695=LINE('',#11432,#11433);
#8696=LINE('',#11434,#11435);
#8697=LINE('',#11436,#11437);
#8698=LINE('',#11438,#11439);
#8699=VERTEX_POINT('',#11440);
#8700=LINE('',#11441,#11442);
#8701=LINE('',#11443,#11444);
#8702=VERTEX_POINT('',#11445);
#8703=LINE('',#11446,#11447);
#8704=LINE('',#11448,#11449);
#8705=VERTEX_POINT('',#11450);
#8706=LINE('',#11451,#11452);
#8707=VERTEX_POINT('',#11453);
#8708=LINE('',#11454,#11455);
#8709=LINE('',#11456,#11457);
#8710=VERTEX_POINT('',#11458);
#8711=LINE('',#11459,#11460);
#8712=VERTEX_POINT('',#11461);
#8713=LINE('',#11462,#11463);
#8714=LINE('',#11464,#11465);
#8715=VERTEX_POINT('',#11466);
#8716=VERTEX_POINT('',#11467);
#8717=LINE('',#11468,#11469);
#8718=LINE('',#11470,#11471);
#8719=LINE('',#11472,#11473);
#8720=VERTEX_POINT('',#11474);
#8721=LINE('',#11475,#11476);
#8722=VERTEX_POINT('',#11477);
#8723=LINE('',#11478,#11479);
#8724=LINE('',#11480,#11481);
#8725=VERTEX_POINT('',#11482);
#8726=LINE('',#11483,#11484);
#8727=LINE('',#11485,#11486);
#8728=VERTEX_POINT('',#11487);
#8729=LINE('',#11488,#11489);
#8730=VERTEX_POINT('',#11490);
#8731=LINE('',#11491,#11492);
#8732=LINE('',#11493,#11494);
#8733=VERTEX_POINT('',#11495);
#8734=LINE('',#11496,#11497);
#8735=VERTEX_POINT('',#11498);
#8736=CIRCLE('',#11499,1.52);
#8737=VERTEX_POINT('',#11500);
#8738=LINE('',#11501,#11502);
#8739=VERTEX_POINT('',#11503);
#8740=LINE('',#11504,#11505);
#8741=VERTEX_POINT('',#11506);
#8742=LINE('',#11507,#11508);
#8743=VERTEX_POINT('',#11509);
#8744=LINE('',#11510,#11511);
#8745=VERTEX_POINT('',#11512);
#8746=LINE('',#11513,#11514);
#8747=VERTEX_POINT('',#11515);
#8748=CIRCLE('',#11516,1.52);
#8749=LINE('',#11517,#11518);
#8750=VERTEX_POINT('',#11519);
#8751=LINE('',#11520,#11521);
#8752=VERTEX_POINT('',#11522);
#8753=LINE('',#11523,#11524);
#8754=LINE('',#11525,#11526);
#8755=VERTEX_POINT('',#11527);
#8756=LINE('',#11528,#11529);
#8757=LINE('',#11530,#11531);
#8758=VERTEX_POINT('',#11532);
#8759=CIRCLE('',#11533,1.52);
#8760=VERTEX_POINT('',#11534);
#8761=LINE('',#11535,#11536);
#8762=VERTEX_POINT('',#11537);
#8763=LINE('',#11538,#11539);
#8764=VERTEX_POINT('',#11540);
#8765=LINE('',#11541,#11542);
#8766=VERTEX_POINT('',#11543);
#8767=LINE('',#11544,#11545);
#8768=VERTEX_POINT('',#11546);
#8769=LINE('',#11547,#11548);
#8770=VERTEX_POINT('',#11549);
#8771=CIRCLE('',#11550,1.52);
#8772=LINE('',#11551,#11552);
#8773=VERTEX_POINT('',#11553);
#8774=LINE('',#11554,#11555);
#8775=LINE('',#11556,#11557);
#8776=VERTEX_POINT('',#11558);
#8777=LINE('',#11559,#11560);
#8778=LINE('',#11561,#11562);
#8779=VERTEX_POINT('',#11563);
#8780=LINE('',#11564,#11565);
#8781=LINE('',#11566,#11567);
#8782=VERTEX_POINT('',#11568);
#8783=LINE('',#11569,#11570);
#8784=LINE('',#11571,#11572);
#8785=VERTEX_POINT('',#11573);
#8786=LINE('',#11574,#11575);
#8787=VERTEX_POINT('',#11576);
#8788=LINE('',#11577,#11578);
#8789=LINE('',#11579,#11580);
#8790=LINE('',#11581,#11582);
#8791=LINE('',#11583,#11584);
#8792=LINE('',#11585,#11586);
#8793=LINE('',#11587,#11588);
#8794=LINE('',#11589,#11590);
#8795=VERTEX_POINT('',#11591);
#8796=LINE('',#11592,#11593);
#8797=LINE('',#11594,#11595);
#8798=VERTEX_POINT('',#11596);
#8799=LINE('',#11597,#11598);
#8800=LINE('',#11599,#11600);
#8801=VERTEX_POINT('',#11601);
#8802=LINE('',#11602,#11603);
#8803=LINE('',#11604,#11605);
#8804=VERTEX_POINT('',#11606);
#8805=CIRCLE('',#11607,1.52);
#8806=VERTEX_POINT('',#11608);
#8807=LINE('',#11609,#11610);
#8808=VERTEX_POINT('',#11611);
#8809=LINE('',#11612,#11613);
#8810=VERTEX_POINT('',#11614);
#8811=LINE('',#11615,#11616);
#8812=VERTEX_POINT('',#11617);
#8813=LINE('',#11618,#11619);
#8814=VERTEX_POINT('',#11620);
#8815=LINE('',#11621,#11622);
#8816=VERTEX_POINT('',#11623);
#8817=CIRCLE('',#11624,1.52);
#8818=LINE('',#11625,#11626);
#8819=VERTEX_POINT('',#11627);
#8820=LINE('',#11628,#11629);
#8821=LINE('',#11630,#11631);
#8822=VERTEX_POINT('',#11632);
#8823=LINE('',#11633,#11634);
#8824=LINE('',#11635,#11636);
#8825=VERTEX_POINT('',#11637);
#8826=VERTEX_POINT('',#11638);
#8827=CIRCLE('',#11639,1.52);
#8828=VERTEX_POINT('',#11640);
#8829=LINE('',#11641,#11642);
#8830=VERTEX_POINT('',#11643);
#8831=LINE('',#11644,#11645);
#8832=VERTEX_POINT('',#11646);
#8833=LINE('',#11647,#11648);
#8834=VERTEX_POINT('',#11649);
#8835=LINE('',#11650,#11651);
#8836=VERTEX_POINT('',#11652);
#8837=LINE('',#11653,#11654);
#8838=CIRCLE('',#11655,1.52);
#8839=LINE('',#11656,#11657);
#8840=LINE('',#11658,#11659);
#8841=LINE('',#11660,#11661);
#8842=LINE('',#11662,#11663);
#8843=LINE('',#11664,#11665);
#8844=LINE('',#11666,#11667);
#8845=LINE('',#11668,#11669);
#8846=LINE('',#11670,#11671);
#8847=LINE('',#11672,#11673);
#8848=LINE('',#11674,#11675);
#8849=LINE('',#11676,#11677);
#8850=LINE('',#11678,#11679);
#8851=LINE('',#11680,#11681);
#8852=LINE('',#11682,#11683);
#8853=LINE('',#11684,#11685);
#8854=LINE('',#11686,#11687);
#8855=LINE('',#11688,#11689);
#8856=LINE('',#11690,#11691);
#8857=VERTEX_POINT('',#11692);
#8858=LINE('',#11693,#11694);
#8859=LINE('',#11695,#11696);
#8860=VERTEX_POINT('',#11697);
#8861=LINE('',#11698,#11699);
#8862=LINE('',#11700,#11701);
#8863=VERTEX_POINT('',#11702);
#8864=LINE('',#11703,#11704);
#8865=VERTEX_POINT('',#11705);
#8866=LINE('',#11706,#11707);
#8867=LINE('',#11708,#11709);
#8868=VERTEX_POINT('',#11710);
#8869=LINE('',#11711,#11712);
#8870=VERTEX_POINT('',#11713);
#8871=LINE('',#11714,#11715);
#8872=LINE('',#11716,#11717);
#8873=VERTEX_POINT('',#11718);
#8874=VERTEX_POINT('',#11719);
#8875=LINE('',#11720,#11721);
#8876=LINE('',#11722,#11723);
#8877=LINE('',#11724,#11725);
#8878=VERTEX_POINT('',#11726);
#8879=LINE('',#11727,#11728);
#8880=VERTEX_POINT('',#11729);
#8881=LINE('',#11730,#11731);
#8882=LINE('',#11732,#11733);
#8883=VERTEX_POINT('',#11734);
#8884=LINE('',#11735,#11736);
#8885=LINE('',#11737,#11738);
#8886=VERTEX_POINT('',#11739);
#8887=LINE('',#11740,#11741);
#8888=VERTEX_POINT('',#11742);
#8889=LINE('',#11743,#11744);
#8890=LINE('',#11745,#11746);
#8891=VERTEX_POINT('',#11747);
#8892=LINE('',#11748,#11749);
#8893=VERTEX_POINT('',#11750);
#8894=LINE('',#11751,#11752);
#8895=LINE('',#11753,#11754);
#8896=VERTEX_POINT('',#11755);
#8897=LINE('',#11756,#11757);
#8898=VERTEX_POINT('',#11758);
#8899=CIRCLE('',#11759,1.52);
#8900=VERTEX_POINT('',#11760);
#8901=LINE('',#11761,#11762);
#8902=VERTEX_POINT('',#11763);
#8903=LINE('',#11764,#11765);
#8904=VERTEX_POINT('',#11766);
#8905=LINE('',#11767,#11768);
#8906=VERTEX_POINT('',#11769);
#8907=LINE('',#11770,#11771);
#8908=VERTEX_POINT('',#11772);
#8909=LINE('',#11773,#11774);
#8910=VERTEX_POINT('',#11775);
#8911=CIRCLE('',#11776,1.52);
#8912=LINE('',#11777,#11778);
#8913=VERTEX_POINT('',#11779);
#8914=LINE('',#11780,#11781);
#8915=LINE('',#11782,#11783);
#8916=VERTEX_POINT('',#11784);
#8917=CIRCLE('',#11785,1.52);
#8918=VERTEX_POINT('',#11786);
#8919=LINE('',#11787,#11788);
#8920=VERTEX_POINT('',#11789);
#8921=LINE('',#11790,#11791);
#8922=VERTEX_POINT('',#11792);
#8923=LINE('',#11793,#11794);
#8924=VERTEX_POINT('',#11795);
#8925=LINE('',#11796,#11797);
#8926=VERTEX_POINT('',#11798);
#8927=LINE('',#11799,#11800);
#8928=VERTEX_POINT('',#11801);
#8929=CIRCLE('',#11802,1.52);
#8930=LINE('',#11803,#11804);
#8931=VERTEX_POINT('',#11805);
#8932=LINE('',#11806,#11807);
#8933=LINE('',#11808,#11809);
#8934=VERTEX_POINT('',#11810);
#8935=LINE('',#11811,#11812);
#8936=LINE('',#11813,#11814);
#8937=VERTEX_POINT('',#11815);
#8938=LINE('',#11816,#11817);
#8939=LINE('',#11818,#11819);
#8940=VERTEX_POINT('',#11820);
#8941=LINE('',#11821,#11822);
#8942=LINE('',#11823,#11824);
#8943=VERTEX_POINT('',#11825);
#8944=LINE('',#11826,#11827);
#8945=VERTEX_POINT('',#11828);
#8946=LINE('',#11829,#11830);
#8947=LINE('',#11831,#11832);
#8948=LINE('',#11833,#11834);
#8949=LINE('',#11835,#11836);
#8950=LINE('',#11837,#11838);
#8951=LINE('',#11839,#11840);
#8952=LINE('',#11841,#11842);
#8953=VERTEX_POINT('',#11843);
#8954=LINE('',#11844,#11845);
#8955=LINE('',#11846,#11847);
#8956=VERTEX_POINT('',#11848);
#8957=LINE('',#11849,#11850);
#8958=LINE('',#11851,#11852);
#8959=VERTEX_POINT('',#11853);
#8960=LINE('',#11854,#11855);
#8961=LINE('',#11856,#11857);
#8962=VERTEX_POINT('',#11858);
#8963=LINE('',#11859,#11860);
#8964=LINE('',#11861,#11862);
#8965=VERTEX_POINT('',#11863);
#8966=CIRCLE('',#11864,1.52);
#8967=VERTEX_POINT('',#11865);
#8968=LINE('',#11866,#11867);
#8969=VERTEX_POINT('',#11868);
#8970=LINE('',#11869,#11870);
#8971=VERTEX_POINT('',#11871);
#8972=LINE('',#11872,#11873);
#8973=VERTEX_POINT('',#11874);
#8974=LINE('',#11875,#11876);
#8975=VERTEX_POINT('',#11877);
#8976=LINE('',#11878,#11879);
#8977=VERTEX_POINT('',#11880);
#8978=CIRCLE('',#11881,1.52);
#8979=LINE('',#11882,#11883);
#8980=VERTEX_POINT('',#11884);
#8981=LINE('',#11885,#11886);
#8982=LINE('',#11887,#11888);
#8983=VERTEX_POINT('',#11889);
#8984=VERTEX_POINT('',#11890);
#8985=CIRCLE('',#11891,1.52);
#8986=VERTEX_POINT('',#11892);
#8987=LINE('',#11893,#11894);
#8988=VERTEX_POINT('',#11895);
#8989=LINE('',#11896,#11897);
#8990=VERTEX_POINT('',#11898);
#8991=LINE('',#11899,#11900);
#8992=VERTEX_POINT('',#11901);
#8993=LINE('',#11902,#11903);
#8994=VERTEX_POINT('',#11904);
#8995=LINE('',#11905,#11906);
#8996=CIRCLE('',#11907,1.52);
#8997=LINE('',#11908,#11909);
#8998=LINE('',#11910,#11911);
#8999=LINE('',#11912,#11913);
#9000=LINE('',#11914,#11915);
#9001=LINE('',#11916,#11917);
#9002=LINE('',#11918,#11919);
#9003=LINE('',#11920,#11921);
#9004=LINE('',#11922,#11923);
#9005=LINE('',#11924,#11925);
#9006=LINE('',#11926,#11927);
#9007=LINE('',#11928,#11929);
#9008=LINE('',#11930,#11931);
#9009=LINE('',#11932,#11933);
#9010=LINE('',#11934,#11935);
#9011=LINE('',#11936,#11937);
#9012=LINE('',#11938,#11939);
#9013=LINE('',#11940,#11941);
#9014=LINE('',#11942,#11943);
#9015=VERTEX_POINT('',#11944);
#9016=LINE('',#11945,#11946);
#9017=LINE('',#11947,#11948);
#9018=VERTEX_POINT('',#11949);
#9019=LINE('',#11950,#11951);
#9020=LINE('',#11952,#11953);
#9021=VERTEX_POINT('',#11954);
#9022=LINE('',#11955,#11956);
#9023=VERTEX_POINT('',#11957);
#9024=LINE('',#11958,#11959);
#9025=LINE('',#11960,#11961);
#9026=VERTEX_POINT('',#11962);
#9027=LINE('',#11963,#11964);
#9028=VERTEX_POINT('',#11965);
#9029=LINE('',#11966,#11967);
#9030=LINE('',#11968,#11969);
#9031=VERTEX_POINT('',#11970);
#9032=VERTEX_POINT('',#11971);
#9033=LINE('',#11972,#11973);
#9034=LINE('',#11974,#11975);
#9035=LINE('',#11976,#11977);
#9036=VERTEX_POINT('',#11978);
#9037=LINE('',#11979,#11980);
#9038=VERTEX_POINT('',#11981);
#9039=LINE('',#11982,#11983);
#9040=LINE('',#11984,#11985);
#9041=VERTEX_POINT('',#11986);
#9042=LINE('',#11987,#11988);
#9043=LINE('',#11989,#11990);
#9044=VERTEX_POINT('',#11991);
#9045=LINE('',#11992,#11993);
#9046=VERTEX_POINT('',#11994);
#9047=LINE('',#11995,#11996);
#9048=LINE('',#11997,#11998);
#9049=VERTEX_POINT('',#11999);
#9050=LINE('',#12000,#12001);
#9051=VERTEX_POINT('',#12002);
#9052=CIRCLE('',#12003,1.52);
#9053=VERTEX_POINT('',#12004);
#9054=LINE('',#12005,#12006);
#9055=VERTEX_POINT('',#12007);
#9056=LINE('',#12008,#12009);
#9057=VERTEX_POINT('',#12010);
#9058=LINE('',#12011,#12012);
#9059=VERTEX_POINT('',#12013);
#9060=LINE('',#12014,#12015);
#9061=VERTEX_POINT('',#12016);
#9062=LINE('',#12017,#12018);
#9063=VERTEX_POINT('',#12019);
#9064=CIRCLE('',#12020,1.52);
#9065=LINE('',#12021,#12022);
#9066=VERTEX_POINT('',#12023);
#9067=LINE('',#12024,#12025);
#9068=VERTEX_POINT('',#12026);
#9069=LINE('',#12027,#12028);
#9070=LINE('',#12029,#12030);
#9071=VERTEX_POINT('',#12031);
#9072=LINE('',#12032,#12033);
#9073=LINE('',#12034,#12035);
#9074=VERTEX_POINT('',#12036);
#9075=CIRCLE('',#12037,1.52);
#9076=VERTEX_POINT('',#12038);
#9077=LINE('',#12039,#12040);
#9078=VERTEX_POINT('',#12041);
#9079=LINE('',#12042,#12043);
#9080=VERTEX_POINT('',#12044);
#9081=LINE('',#12045,#12046);
#9082=VERTEX_POINT('',#12047);
#9083=LINE('',#12048,#12049);
#9084=VERTEX_POINT('',#12050);
#9085=LINE('',#12051,#12052);
#9086=VERTEX_POINT('',#12053);
#9087=CIRCLE('',#12054,1.52);
#9088=LINE('',#12055,#12056);
#9089=VERTEX_POINT('',#12057);
#9090=LINE('',#12058,#12059);
#9091=LINE('',#12060,#12061);
#9092=VERTEX_POINT('',#12062);
#9093=LINE('',#12063,#12064);
#9094=LINE('',#12065,#12066);
#9095=VERTEX_POINT('',#12067);
#9096=LINE('',#12068,#12069);
#9097=LINE('',#12070,#12071);
#9098=VERTEX_POINT('',#12072);
#9099=LINE('',#12073,#12074);
#9100=LINE('',#12075,#12076);
#9101=VERTEX_POINT('',#12077);
#9102=LINE('',#12078,#12079);
#9103=VERTEX_POINT('',#12080);
#9104=LINE('',#12081,#12082);
#9105=LINE('',#12083,#12084);
#9106=LINE('',#12085,#12086);
#9107=LINE('',#12087,#12088);
#9108=LINE('',#12089,#12090);
#9109=LINE('',#12091,#12092);
#9110=LINE('',#12093,#12094);
#9111=VERTEX_POINT('',#12095);
#9112=LINE('',#12096,#12097);
#9113=LINE('',#12098,#12099);
#9114=VERTEX_POINT('',#12100);
#9115=LINE('',#12101,#12102);
#9116=LINE('',#12103,#12104);
#9117=VERTEX_POINT('',#12105);
#9118=LINE('',#12106,#12107);
#9119=LINE('',#12108,#12109);
#9120=VERTEX_POINT('',#12110);
#9121=CIRCLE('',#12111,1.52);
#9122=VERTEX_POINT('',#12112);
#9123=LINE('',#12113,#12114);
#9124=VERTEX_POINT('',#12115);
#9125=LINE('',#12116,#12117);
#9126=VERTEX_POINT('',#12118);
#9127=LINE('',#12119,#12120);
#9128=VERTEX_POINT('',#12121);
#9129=LINE('',#12122,#12123);
#9130=VERTEX_POINT('',#12124);
#9131=LINE('',#12125,#12126);
#9132=VERTEX_POINT('',#12127);
#9133=CIRCLE('',#12128,1.52);
#9134=LINE('',#12129,#12130);
#9135=VERTEX_POINT('',#12131);
#9136=LINE('',#12132,#12133);
#9137=LINE('',#12134,#12135);
#9138=VERTEX_POINT('',#12136);
#9139=LINE('',#12137,#12138);
#9140=LINE('',#12139,#12140);
#9141=VERTEX_POINT('',#12141);
#9142=VERTEX_POINT('',#12142);
#9143=CIRCLE('',#12143,1.52);
#9144=VERTEX_POINT('',#12144);
#9145=LINE('',#12145,#12146);
#9146=VERTEX_POINT('',#12147);
#9147=LINE('',#12148,#12149);
#9148=VERTEX_POINT('',#12150);
#9149=LINE('',#12151,#12152);
#9150=VERTEX_POINT('',#12153);
#9151=LINE('',#12154,#12155);
#9152=VERTEX_POINT('',#12156);
#9153=LINE('',#12157,#12158);
#9154=CIRCLE('',#12159,1.52);
#9155=LINE('',#12160,#12161);
#9156=LINE('',#12162,#12163);
#9157=LINE('',#12164,#12165);
#9158=LINE('',#12166,#12167);
#9159=LINE('',#12168,#12169);
#9160=LINE('',#12170,#12171);
#9161=LINE('',#12172,#12173);
#9162=LINE('',#12174,#12175);
#9163=LINE('',#12176,#12177);
#9164=LINE('',#12178,#12179);
#9165=LINE('',#12180,#12181);
#9166=LINE('',#12182,#12183);
#9167=LINE('',#12184,#12185);
#9168=LINE('',#12186,#12187);
#9169=LINE('',#12188,#12189);
#9170=LINE('',#12190,#12191);
#9171=LINE('',#12192,#12193);
#9172=LINE('',#12194,#12195);
#9173=VERTEX_POINT('',#12196);
#9174=LINE('',#12197,#12198);
#9175=LINE('',#12199,#12200);
#9176=VERTEX_POINT('',#12201);
#9177=LINE('',#12202,#12203);
#9178=LINE('',#12204,#12205);
#9179=VERTEX_POINT('',#12206);
#9180=CIRCLE('',#12207,1.52);
#9181=VERTEX_POINT('',#12208);
#9182=LINE('',#12209,#12210);
#9183=VERTEX_POINT('',#12211);
#9184=LINE('',#12212,#12213);
#9185=VERTEX_POINT('',#12214);
#9186=LINE('',#12215,#12216);
#9187=VERTEX_POINT('',#12217);
#9188=LINE('',#12218,#12219);
#9189=VERTEX_POINT('',#12220);
#9190=LINE('',#12221,#12222);
#9191=VERTEX_POINT('',#12223);
#9192=CIRCLE('',#12224,1.52);
#9193=LINE('',#12225,#12226);
#9194=VERTEX_POINT('',#12227);
#9195=LINE('',#12228,#12229);
#9196=LINE('',#12230,#12231);
#9197=VERTEX_POINT('',#12232);
#9198=VERTEX_POINT('',#12233);
#9199=CIRCLE('',#12234,1.52);
#9200=VERTEX_POINT('',#12235);
#9201=LINE('',#12236,#12237);
#9202=VERTEX_POINT('',#12238);
#9203=LINE('',#12239,#12240);
#9204=VERTEX_POINT('',#12241);
#9205=LINE('',#12242,#12243);
#9206=VERTEX_POINT('',#12244);
#9207=LINE('',#12245,#12246);
#9208=VERTEX_POINT('',#12247);
#9209=LINE('',#12248,#12249);
#9210=CIRCLE('',#12250,1.52);
#9211=LINE('',#12251,#12252);
#9212=LINE('',#12253,#12254);
#9213=LINE('',#12255,#12256);
#9214=LINE('',#12257,#12258);
#9215=LINE('',#12259,#12260);
#9216=LINE('',#12261,#12262);
#9217=LINE('',#12263,#12264);
#9218=LINE('',#12265,#12266);
#9219=LINE('',#12267,#12268);
#9220=LINE('',#12269,#12270);
#9221=LINE('',#12271,#12272);
#9222=LINE('',#12273,#12274);
#9223=LINE('',#12275,#12276);
#9224=LINE('',#12277,#12278);
#9225=LINE('',#12279,#12280);
#9226=LINE('',#12281,#12282);
#9227=LINE('',#12283,#12284);
#9228=LINE('',#12285,#12286);
#9229=VERTEX_POINT('',#12287);
#9230=LINE('',#12288,#12289);
#9231=LINE('',#12290,#12291);
#9232=CIRCLE('',#12292,0.43);
#9233=VERTEX_POINT('',#12293);
#9234=CIRCLE('',#12294,0.09999993055425);
#9235=LINE('',#12295,#12296);
#9236=VERTEX_POINT('',#12297);
#9237=CIRCLE('',#12298,0.09999993055425);
#9238=CIRCLE('',#12299,0.09999993055425);
#9239=CIRCLE('',#12300,0.09999993055425);
#9240=VERTEX_POINT('',#12301);
#9241=CIRCLE('',#12302,0.43);
#9242=LINE('',#12303,#12304);
#9243=CIRCLE('',#12305,0.43);
#9244=LINE('',#12306,#12307);
#9245=LINE('',#12308,#12309);
#9246=CIRCLE('',#12310,0.43);
#9247=LINE('',#12311,#12312);
#9248=LINE('',#12313,#12314);
#9249=LINE('',#12315,#12316);
#9250=LINE('',#12317,#12318);
#9251=LINE('',#12319,#12320);
#9252=LINE('',#12321,#12322);
#9253=LINE('',#12323,#12324);
#9254=LINE('',#12325,#12326);
#9255=LINE('',#12327,#12328);
#9256=LINE('',#12329,#12330);
#9257=LINE('',#12331,#12332);
#9258=LINE('',#12333,#12334);
#9259=LINE('',#12335,#12336);
#9260=LINE('',#12337,#12338);
#9261=LINE('',#12339,#12340);
#9262=LINE('',#12341,#12342);
#9263=LINE('',#12343,#12344);
#9264=VERTEX_POINT('',#12345);
#9265=LINE('',#12346,#12347);
#9266=VERTEX_POINT('',#12348);
#9267=LINE('',#12349,#12350);
#9268=LINE('',#12351,#12352);
#9269=VERTEX_POINT('',#12353);
#9270=LINE('',#12354,#12355);
#9271=LINE('',#12356,#12357);
#9272=VERTEX_POINT('',#12358);
#9273=LINE('',#12359,#12360);
#9274=LINE('',#12361,#12362);
#9275=VERTEX_POINT('',#12363);
#9276=LINE('',#12364,#12365);
#9277=LINE('',#12366,#12367);
#9278=VERTEX_POINT('',#12368);
#9279=LINE('',#12369,#12370);
#9280=LINE('',#12371,#12372);
#9281=VERTEX_POINT('',#12373);
#9282=LINE('',#12374,#12375);
#9283=LINE('',#12376,#12377);
#9284=LINE('',#12378,#12379);
#9285=LINE('',#12380,#12381);
#9286=LINE('',#12382,#12383);
#9287=LINE('',#12384,#12385);
#9288=LINE('',#12386,#12387);
#9289=LINE('',#12388,#12389);
#9290=CARTESIAN_POINT('',(-9.0,2.37000006944575,-5.815000049674));
#9291=CARTESIAN_POINT('',(-9.0,2.04,-5.484999486362));
#9292=CARTESIAN_POINT('',(-9.0,2.2049992755311,-5.649999223136));
#9293=VECTOR('',#12390,1.0);
#9294=CARTESIAN_POINT('',(-8.900000069446,2.47,-5.815000049674));
#9295=AXIS2_PLACEMENT_3D('',#12391,#12392,#12393);
#9296=CARTESIAN_POINT('',(-8.57,2.47,-5.484999486362));
#9297=CARTESIAN_POINT('',(-8.900000006601,2.470000000068,-5.81499999342));
#9298=VECTOR('',#12394,0.4666904755487);
#9299=AXIS2_PLACEMENT_3D('',#12395,#12396,#12397);
#9300=CARTESIAN_POINT('',(9.0,2.9,-5.484999486362));
#9301=CARTESIAN_POINT('',(9.0,2.56999993055425,-5.815000049674));
#9302=CARTESIAN_POINT('',(9.0,2.7350007244688,-5.649999223136));
#9303=VECTOR('',#12398,1.0);
#9304=CARTESIAN_POINT('',(9.43,2.47,-5.484999486362));
#9305=AXIS2_PLACEMENT_3D('',#12399,#12400,#12401);
#9306=CARTESIAN_POINT('',(9.099999930554,2.47,-5.815000049674));
#9307=CARTESIAN_POINT('',(9.099999993398,2.470000000068,-5.81499999342));
#9308=VECTOR('',#12402,0.4666904755487);
#9309=AXIS2_PLACEMENT_3D('',#12403,#12404,#12405);
#9310=CARTESIAN_POINT('',(9.0,2.37000006944575,-5.815000049674));
#9311=CARTESIAN_POINT('',(9.0,2.04,-5.484999486362));
#9312=CARTESIAN_POINT('',(9.0,2.2049992755312,-5.649999223136));
#9313=VECTOR('',#12406,1.0);
#9314=AXIS2_PLACEMENT_3D('',#12407,#12408,#12409);
#9315=AXIS2_PLACEMENT_3D('',#12410,#12411,#12412);
#9316=CARTESIAN_POINT('',(-9.0,2.9,-5.484999486362));
#9317=CARTESIAN_POINT('',(-9.0,2.56999993055425,-5.815000049674));
#9318=CARTESIAN_POINT('',(-9.0,2.7350007244688,-5.649999223136));
#9319=VECTOR('',#12413,1.0);
#9320=AXIS2_PLACEMENT_3D('',#12414,#12415,#12416);
#9321=AXIS2_PLACEMENT_3D('',#12417,#12418,#12419);
#9322=CARTESIAN_POINT('',(-0.7,4.18,2.079177595493));
#9323=CARTESIAN_POINT('',(0.7,4.18,2.079177595493));
#9324=CARTESIAN_POINT('',(-0.7,4.18,2.079177595493));
#9325=VECTOR('',#12420,1.0);
#9326=CARTESIAN_POINT('',(-0.7,4.271402007554,2.073587209224));
#9327=AXIS2_PLACEMENT_3D('',#12421,#12422,#12423);
#9328=CARTESIAN_POINT('',(0.7,4.271402007554,2.073587209224));
#9329=CARTESIAN_POINT('',(-0.7,4.271402007554,2.073587209224));
#9330=VECTOR('',#12424,1.4);
#9331=AXIS2_PLACEMENT_3D('',#12425,#12426,#12427);
#9332=CARTESIAN_POINT('',(-9.325,-1.1,-0.345));
#9333=CARTESIAN_POINT('',(-9.325,-0.575,-0.345));
#9334=CARTESIAN_POINT('',(-9.325,-1.1,-0.345));
#9335=VECTOR('',#12428,0.525);
#9336=CARTESIAN_POINT('',(-9.325,-0.575,-2.845));
#9337=CARTESIAN_POINT('',(-9.325,-0.575,-0.345));
#9338=VECTOR('',#12429,2.5);
#9339=CARTESIAN_POINT('',(-9.325,0.575,-2.845));
#9340=CARTESIAN_POINT('',(-9.325,-0.575,-2.845));
#9341=VECTOR('',#12430,1.15);
#9342=CARTESIAN_POINT('',(-9.325,0.575,-0.345));
#9343=CARTESIAN_POINT('',(-9.325,0.575,-2.845));
#9344=VECTOR('',#12431,2.5);
#9345=CARTESIAN_POINT('',(-9.325,1.1,-0.345));
#9346=CARTESIAN_POINT('',(-9.325,0.575,-0.345));
#9347=VECTOR('',#12432,0.525);
#9348=CARTESIAN_POINT('',(-9.325,1.1,3.305));
#9349=CARTESIAN_POINT('',(-9.325,1.1,3.305));
#9350=VECTOR('',#12433,3.65);
#9351=CARTESIAN_POINT('',(-9.325,2.65,3.305));
#9352=CARTESIAN_POINT('',(-9.325,1.1,3.305));
#9353=VECTOR('',#12434,1.55);
#9354=CARTESIAN_POINT('',(-9.325,3.43,3.305));
#9355=CARTESIAN_POINT('',(-9.325,3.43,3.305));
#9356=VECTOR('',#12435,0.78);
#9357=CARTESIAN_POINT('',(-9.325,3.43,-3.355));
#9358=CARTESIAN_POINT('',(-9.325,3.43,-3.355));
#9359=VECTOR('',#12436,6.66);
#9360=CARTESIAN_POINT('',(-9.325,-3.05,-3.355));
#9361=CARTESIAN_POINT('',(-9.325,-3.05,-3.355));
#9362=VECTOR('',#12437,6.48);
#9363=CARTESIAN_POINT('',(-9.325,-3.05,3.305));
#9364=CARTESIAN_POINT('',(-9.325,-3.05,3.305));
#9365=VECTOR('',#12438,6.66);
#9366=CARTESIAN_POINT('',(-9.325,-2.45,3.305));
#9367=CARTESIAN_POINT('',(-9.325,-2.45,3.305));
#9368=VECTOR('',#12439,0.6);
#9369=CARTESIAN_POINT('',(-9.325,-1.1,3.305));
#9370=CARTESIAN_POINT('',(-9.325,-2.45,3.305));
#9371=VECTOR('',#12440,1.35);
#9372=CARTESIAN_POINT('',(-9.325,-1.1,3.305));
#9373=VECTOR('',#12441,3.65);
#9374=CARTESIAN_POINT('',(-7.925,-1.1,-0.345));
#9375=CARTESIAN_POINT('',(-9.325,-1.1,-0.345));
#9376=VECTOR('',#12442,1.4);
#9377=CARTESIAN_POINT('',(-7.925,-1.1,3.305));
#9378=CARTESIAN_POINT('',(-7.925,-1.1,3.305));
#9379=VECTOR('',#12443,1.4);
#9380=CARTESIAN_POINT('',(-7.925,-1.1,3.305));
#9381=VECTOR('',#12444,3.65);
#9382=CARTESIAN_POINT('',(-7.925,-2.45,4.955));
#9383=CARTESIAN_POINT('',(-7.925,-2.45,3.305));
#9384=CARTESIAN_POINT('',(-7.925,-2.45,4.955));
#9385=VECTOR('',#12445,1.65);
#9386=CARTESIAN_POINT('',(-7.925,2.65,4.955));
#9387=CARTESIAN_POINT('',(-7.925,-2.45,4.955));
#9388=VECTOR('',#12446,5.1);
#9389=CARTESIAN_POINT('',(-7.925,2.65,3.305));
#9390=CARTESIAN_POINT('',(-7.925,2.65,4.955));
#9391=VECTOR('',#12447,1.65);
#9392=CARTESIAN_POINT('',(-7.925,1.1,3.305));
#9393=CARTESIAN_POINT('',(-7.925,2.65,3.305));
#9394=VECTOR('',#12448,1.55);
#9395=CARTESIAN_POINT('',(-7.925,1.1,-0.345));
#9396=CARTESIAN_POINT('',(-7.925,1.1,-0.345));
#9397=VECTOR('',#12449,3.65);
#9398=CARTESIAN_POINT('',(-7.925,0.575,-0.345));
#9399=CARTESIAN_POINT('',(-7.925,0.575,-0.345));
#9400=VECTOR('',#12450,0.525);
#9401=CARTESIAN_POINT('',(-7.925,0.575,-2.845));
#9402=CARTESIAN_POINT('',(-7.925,0.575,-2.845));
#9403=VECTOR('',#12451,2.5);
#9404=CARTESIAN_POINT('',(-7.925,-0.575,-2.845));
#9405=CARTESIAN_POINT('',(-7.925,-0.575,-2.845));
#9406=VECTOR('',#12452,1.15);
#9407=CARTESIAN_POINT('',(-7.925,-0.575,-0.345));
#9408=CARTESIAN_POINT('',(-7.925,-0.575,-0.345));
#9409=VECTOR('',#12453,2.5);
#9410=CARTESIAN_POINT('',(-7.925,-1.1,-0.345));
#9411=VECTOR('',#12454,0.525);
#9412=CARTESIAN_POINT('',(-7.925,-1.1,3.305));
#9413=VECTOR('',#12455,1.35);
#9414=CARTESIAN_POINT('',(-7.925,-2.45,3.305));
#9415=VECTOR('',#12456,1.4);
#9416=CARTESIAN_POINT('',(-7.925,2.65,3.305));
#9417=VECTOR('',#12457,1.4);
#9418=CARTESIAN_POINT('',(-7.925,1.1,3.305));
#9419=VECTOR('',#12458,1.4);
#9420=CARTESIAN_POINT('',(9.325,-2.45,3.305));
#9421=CARTESIAN_POINT('',(7.925,-2.45,3.305));
#9422=CARTESIAN_POINT('',(9.325,-2.45,3.305));
#9423=VECTOR('',#12459,1.4);
#9424=CARTESIAN_POINT('',(7.925,-2.45,4.955));
#9425=CARTESIAN_POINT('',(7.925,-2.45,3.305));
#9426=VECTOR('',#12460,1.65);
#9427=CARTESIAN_POINT('',(9.325,-2.45,3.305));
#9428=VECTOR('',#12461,2.163908500838);
#9429=CARTESIAN_POINT('',(-7.925,-2.45,4.955));
#9430=VECTOR('',#12462,2.163908500838);
#9431=CARTESIAN_POINT('',(9.325,3.43,3.305));
#9432=CARTESIAN_POINT('',(9.325,2.65,3.305));
#9433=CARTESIAN_POINT('',(9.325,3.43,3.305));
#9434=VECTOR('',#12463,0.78);
#9435=CARTESIAN_POINT('',(7.925,3.43,4.955));
#9436=CARTESIAN_POINT('',(9.325,3.43,3.305));
#9437=VECTOR('',#12464,2.163908500838);
#9438=CARTESIAN_POINT('',(7.925,2.65,4.955));
#9439=CARTESIAN_POINT('',(7.925,3.43,4.955));
#9440=VECTOR('',#12465,0.78);
#9441=CARTESIAN_POINT('',(9.325,2.65,3.305));
#9442=VECTOR('',#12466,2.163908500838);
#9443=CARTESIAN_POINT('',(7.925,-3.43,4.955));
#9444=CARTESIAN_POINT('',(7.925,-2.45,4.955));
#9445=VECTOR('',#12467,0.98);
#9446=CARTESIAN_POINT('',(8.384466995702,-3.43,4.413485326494));
#9447=CARTESIAN_POINT('',(8.384466995702,-3.43,4.413485326494));
#9448=VECTOR('',#12468,0.7101746698956);
#9449=CARTESIAN_POINT('',(9.325,-3.05,3.305));
#9450=CARTESIAN_POINT('',(9.325,-3.05,3.305));
#9451=VECTOR('',#12469,1.502578467577);
#9452=CARTESIAN_POINT('',(9.325,-2.45,3.305));
#9453=VECTOR('',#12470,0.6);
#9454=CARTESIAN_POINT('',(7.925,2.65,3.305));
#9455=CARTESIAN_POINT('',(7.925,2.65,3.305));
#9456=VECTOR('',#12471,1.65);
#9457=CARTESIAN_POINT('',(9.325,2.65,3.305));
#9458=VECTOR('',#12472,1.4);
#9459=CARTESIAN_POINT('',(-7.925,2.65,4.955));
#9460=VECTOR('',#12473,2.163908500838);
#9461=CARTESIAN_POINT('',(7.925,-1.1,3.305));
#9462=CARTESIAN_POINT('',(7.925,-1.1,3.305));
#9463=VECTOR('',#12474,1.35);
#9464=CARTESIAN_POINT('',(9.325,-1.1,3.305));
#9465=CARTESIAN_POINT('',(9.325,-2.45,3.305));
#9466=VECTOR('',#12475,1.35);
#9467=CARTESIAN_POINT('',(9.325,-1.1,3.305));
#9468=VECTOR('',#12476,1.4);
#9469=CARTESIAN_POINT('',(9.325,1.1,3.305));
#9470=CARTESIAN_POINT('',(9.325,1.1,3.305));
#9471=VECTOR('',#12477,1.55);
#9472=CARTESIAN_POINT('',(7.925,1.1,3.305));
#9473=CARTESIAN_POINT('',(7.925,2.65,3.305));
#9474=VECTOR('',#12478,1.55);
#9475=CARTESIAN_POINT('',(9.325,1.1,3.305));
#9476=VECTOR('',#12479,1.4);
#9477=CARTESIAN_POINT('',(9.325,-1.1,-0.345));
#9478=CARTESIAN_POINT('',(7.925,-1.1,-0.345));
#9479=CARTESIAN_POINT('',(9.325,-1.1,-0.345));
#9480=VECTOR('',#12480,1.4);
#9481=CARTESIAN_POINT('',(7.925,-1.1,3.305));
#9482=VECTOR('',#12481,3.65);
#9483=CARTESIAN_POINT('',(9.325,-1.1,3.305));
#9484=VECTOR('',#12482,3.65);
#9485=CARTESIAN_POINT('',(9.325,-3.05,-3.355));
#9486=CARTESIAN_POINT('',(9.325,-3.05,3.305));
#9487=VECTOR('',#12483,6.66);
#9488=CARTESIAN_POINT('',(9.325,3.43,-3.355));
#9489=CARTESIAN_POINT('',(9.325,-3.05,-3.355));
#9490=VECTOR('',#12484,6.48);
#9491=CARTESIAN_POINT('',(9.325,3.43,-3.355));
#9492=VECTOR('',#12485,6.66);
#9493=CARTESIAN_POINT('',(9.325,1.1,-0.345));
#9494=CARTESIAN_POINT('',(9.325,1.1,3.305));
#9495=VECTOR('',#12486,3.65);
#9496=CARTESIAN_POINT('',(9.325,0.575,-0.345));
#9497=CARTESIAN_POINT('',(9.325,0.575,-0.345));
#9498=VECTOR('',#12487,0.525);
#9499=CARTESIAN_POINT('',(9.325,0.575,-2.845));
#9500=CARTESIAN_POINT('',(9.325,0.575,-2.845));
#9501=VECTOR('',#12488,2.5);
#9502=CARTESIAN_POINT('',(9.325,-0.575,-2.845));
#9503=CARTESIAN_POINT('',(9.325,-0.575,-2.845));
#9504=VECTOR('',#12489,1.15);
#9505=CARTESIAN_POINT('',(9.325,-0.575,-0.345));
#9506=CARTESIAN_POINT('',(9.325,-0.575,-0.345));
#9507=VECTOR('',#12490,2.5);
#9508=CARTESIAN_POINT('',(9.325,-1.1,-0.345));
#9509=VECTOR('',#12491,0.525);
#9510=CARTESIAN_POINT('',(9.325,-2.27375,1.555));
#9511=CARTESIAN_POINT('',(9.325,-2.1175,1.555));
#9512=CARTESIAN_POINT('',(9.325,-2.27375,1.555));
#9513=VECTOR('',#12492,0.15625);
#9514=CARTESIAN_POINT('',(9.325,-2.27375,2.592234067917));
#9515=CARTESIAN_POINT('',(9.325,-2.27375,2.592234067917));
#9516=VECTOR('',#12493,1.037234067917);
#9517=CARTESIAN_POINT('',(9.325,-2.43,2.406063802838));
#9518=CARTESIAN_POINT('',(9.325,-2.43,2.406063802838));
#9519=VECTOR('',#12494,0.2430502624961);
#9520=CARTESIAN_POINT('',(9.325,-2.43,2.618829809427));
#9521=CARTESIAN_POINT('',(9.325,-2.43,2.618829809427));
#9522=VECTOR('',#12495,0.2127660065889);
#9523=CARTESIAN_POINT('',(9.325,-2.27375,2.805));
#9524=CARTESIAN_POINT('',(9.325,-2.27375,2.805));
#9525=VECTOR('',#12496,0.2430502054266);
#9526=CARTESIAN_POINT('',(9.325,-2.1175,2.805));
#9527=CARTESIAN_POINT('',(9.325,-2.1175,2.805));
#9528=VECTOR('',#12497,0.15625);
#9529=CARTESIAN_POINT('',(9.325,-2.1175,1.555));
#9530=VECTOR('',#12498,1.25);
#9531=CARTESIAN_POINT('',(7.925,-0.575,-0.345));
#9532=CARTESIAN_POINT('',(9.325,-0.575,-0.345));
#9533=VECTOR('',#12499,1.4);
#9534=CARTESIAN_POINT('',(7.925,-1.1,-0.345));
#9535=VECTOR('',#12500,0.525);
#9536=CARTESIAN_POINT('',(7.925,-2.45,4.955));
#9537=VECTOR('',#12501,5.1);
#9538=CARTESIAN_POINT('',(7.925,-0.575,-2.845));
#9539=CARTESIAN_POINT('',(7.925,-0.575,-0.345));
#9540=VECTOR('',#12502,2.5);
#9541=CARTESIAN_POINT('',(7.925,0.575,-2.845));
#9542=CARTESIAN_POINT('',(7.925,-0.575,-2.845));
#9543=VECTOR('',#12503,1.15);
#9544=CARTESIAN_POINT('',(7.925,0.575,-0.345));
#9545=CARTESIAN_POINT('',(7.925,0.575,-2.845));
#9546=VECTOR('',#12504,2.5);
#9547=CARTESIAN_POINT('',(7.925,1.1,-0.345));
#9548=CARTESIAN_POINT('',(7.925,0.575,-0.345));
#9549=VECTOR('',#12505,0.525);
#9550=CARTESIAN_POINT('',(7.925,1.1,-0.345));
#9551=VECTOR('',#12506,3.65);
#9552=CARTESIAN_POINT('',(9.325,1.1,-0.345));
#9553=VECTOR('',#12507,1.4);
#9554=CARTESIAN_POINT('',(9.325,0.575,-0.345));
#9555=VECTOR('',#12508,1.4);
#9556=CARTESIAN_POINT('',(9.325,0.575,-2.845));
#9557=VECTOR('',#12509,1.4);
#9558=CARTESIAN_POINT('',(9.325,-0.575,-2.845));
#9559=VECTOR('',#12510,1.4);
#9560=CARTESIAN_POINT('',(-7.925,3.43,4.955));
#9561=CARTESIAN_POINT('',(-7.925,3.43,4.955));
#9562=VECTOR('',#12511,15.85);
#9563=CARTESIAN_POINT('',(-7.925,3.43,4.955));
#9564=VECTOR('',#12512,0.78);
#9565=CARTESIAN_POINT('',(-7.925,-3.43,4.955));
#9566=CARTESIAN_POINT('',(-7.925,-2.45,4.955));
#9567=VECTOR('',#12513,0.98);
#9568=CARTESIAN_POINT('',(-7.925,-3.43,4.955));
#9569=VECTOR('',#12514,15.85);
#9570=CARTESIAN_POINT('',(7.27,2.77,4.955));
#9571=CARTESIAN_POINT('',(4.73,2.77,4.955));
#9572=CARTESIAN_POINT('',(7.27,2.77,4.955));
#9573=VECTOR('',#12515,2.54);
#9574=CARTESIAN_POINT('',(7.27,0.88,4.955));
#9575=CARTESIAN_POINT('',(7.27,0.88,4.955));
#9576=VECTOR('',#12516,1.89);
#9577=CARTESIAN_POINT('',(6.62,0.23,4.955));
#9578=CARTESIAN_POINT('',(6.62,0.23,4.955));
#9579=VECTOR('',#12517,0.9192388155425);
#9580=CARTESIAN_POINT('',(4.73,0.23,4.955));
#9581=CARTESIAN_POINT('',(4.73,0.23,4.955));
#9582=VECTOR('',#12518,1.89);
#9583=CARTESIAN_POINT('',(4.73,2.77,4.955));
#9584=VECTOR('',#12519,2.54);
#9585=CARTESIAN_POINT('',(7.27,-2.77,4.955));
#9586=CARTESIAN_POINT('',(7.27,-0.2299999999999,4.955));
#9587=CARTESIAN_POINT('',(7.27,-2.77,4.955));
#9588=VECTOR('',#12520,2.54);
#9589=CARTESIAN_POINT('',(4.73,-2.77,4.955));
#9590=CARTESIAN_POINT('',(4.73,-2.77,4.955));
#9591=VECTOR('',#12521,2.54);
#9592=CARTESIAN_POINT('',(4.73,-0.2299999999999,4.955));
#9593=CARTESIAN_POINT('',(4.73,-0.2299999999999,4.955));
#9594=VECTOR('',#12522,2.54);
#9595=CARTESIAN_POINT('',(7.27,-0.2299999999999,4.955));
#9596=VECTOR('',#12523,2.54);
#9597=CARTESIAN_POINT('',(4.27,-0.2299999999999,4.955));
#9598=CARTESIAN_POINT('',(1.73,-0.2299999999999,4.955));
#9599=CARTESIAN_POINT('',(4.27,-0.2299999999999,4.955));
#9600=VECTOR('',#12524,2.54);
#9601=CARTESIAN_POINT('',(4.27,-2.77,4.955));
#9602=CARTESIAN_POINT('',(4.27,-2.77,4.955));
#9603=VECTOR('',#12525,2.54);
#9604=CARTESIAN_POINT('',(2.38,-2.77,4.955));
#9605=CARTESIAN_POINT('',(2.38,-2.77,4.955));
#9606=VECTOR('',#12526,1.89);
#9607=CARTESIAN_POINT('',(1.73,-2.12,4.955));
#9608=CARTESIAN_POINT('',(1.73,-2.12,4.955));
#9609=VECTOR('',#12527,0.9192388155425);
#9610=CARTESIAN_POINT('',(1.73,-0.2299999999999,4.955));
#9611=VECTOR('',#12528,1.89);
#9612=CARTESIAN_POINT('',(1.73,2.77,4.955));
#9613=CARTESIAN_POINT('',(1.73,0.23,4.955));
#9614=CARTESIAN_POINT('',(1.73,2.77,4.955));
#9615=VECTOR('',#12529,2.54);
#9616=CARTESIAN_POINT('',(4.27,2.77,4.955));
#9617=CARTESIAN_POINT('',(4.27,2.77,4.955));
#9618=VECTOR('',#12530,2.54);
#9619=CARTESIAN_POINT('',(4.27,0.88,4.955));
#9620=CARTESIAN_POINT('',(4.27,0.88,4.955));
#9621=VECTOR('',#12531,1.89);
#9622=CARTESIAN_POINT('',(3.62,0.23,4.955));
#9623=CARTESIAN_POINT('',(3.62,0.23,4.955));
#9624=VECTOR('',#12532,0.9192388155425);
#9625=CARTESIAN_POINT('',(1.73,0.23,4.955));
#9626=VECTOR('',#12533,1.89);
#9627=CARTESIAN_POINT('',(-1.27,2.77,4.955));
#9628=CARTESIAN_POINT('',(-1.27,0.23,4.955));
#9629=CARTESIAN_POINT('',(-1.27,2.77,4.955));
#9630=VECTOR('',#12534,2.54);
#9631=CARTESIAN_POINT('',(1.27,2.77,4.955));
#9632=CARTESIAN_POINT('',(1.27,2.77,4.955));
#9633=VECTOR('',#12535,2.54);
#9634=CARTESIAN_POINT('',(1.27,0.88,4.955));
#9635=CARTESIAN_POINT('',(1.27,0.88,4.955));
#9636=VECTOR('',#12536,1.89);
#9637=CARTESIAN_POINT('',(0.62,0.23,4.955));
#9638=CARTESIAN_POINT('',(0.62,0.23,4.955));
#9639=VECTOR('',#12537,0.9192388155425);
#9640=CARTESIAN_POINT('',(-1.27,0.23,4.955));
#9641=VECTOR('',#12538,1.89);
#9642=CARTESIAN_POINT('',(1.27,-2.77,4.955));
#9643=CARTESIAN_POINT('',(1.27,-0.2299999999999,4.955));
#9644=CARTESIAN_POINT('',(1.27,-2.77,4.955));
#9645=VECTOR('',#12539,2.54);
#9646=CARTESIAN_POINT('',(-0.62,-2.77,4.955));
#9647=CARTESIAN_POINT('',(-0.62,-2.77,4.955));
#9648=VECTOR('',#12540,1.89);
#9649=CARTESIAN_POINT('',(-1.27,-2.12,4.955));
#9650=CARTESIAN_POINT('',(-1.27,-2.12,4.955));
#9651=VECTOR('',#12541,0.9192388155425);
#9652=CARTESIAN_POINT('',(-1.27,-0.2299999999999,4.955));
#9653=CARTESIAN_POINT('',(-1.27,-0.2299999999999,4.955));
#9654=VECTOR('',#12542,1.89);
#9655=CARTESIAN_POINT('',(1.27,-0.2299999999999,4.955));
#9656=VECTOR('',#12543,2.54);
#9657=CARTESIAN_POINT('',(-4.27,-0.2299999999999,4.955));
#9658=CARTESIAN_POINT('',(-4.27,-2.77,4.955));
#9659=CARTESIAN_POINT('',(-4.27,-0.2299999999999,4.955));
#9660=VECTOR('',#12544,2.54);
#9661=CARTESIAN_POINT('',(-1.73,-0.2299999999999,4.955));
#9662=CARTESIAN_POINT('',(-1.73,-0.2299999999999,4.955));
#9663=VECTOR('',#12545,2.54);
#9664=CARTESIAN_POINT('',(-1.73,-2.12,4.955));
#9665=CARTESIAN_POINT('',(-1.73,-2.12,4.955));
#9666=VECTOR('',#12546,1.89);
#9667=CARTESIAN_POINT('',(-2.38,-2.77,4.955));
#9668=CARTESIAN_POINT('',(-2.38,-2.77,4.955));
#9669=VECTOR('',#12547,0.9192388155425);
#9670=CARTESIAN_POINT('',(-4.27,-2.77,4.955));
#9671=VECTOR('',#12548,1.89);
#9672=CARTESIAN_POINT('',(-4.27,2.77,4.955));
#9673=CARTESIAN_POINT('',(-4.27,0.23,4.955));
#9674=CARTESIAN_POINT('',(-4.27,2.77,4.955));
#9675=VECTOR('',#12549,2.54);
#9676=CARTESIAN_POINT('',(-1.73,2.77,4.955));
#9677=CARTESIAN_POINT('',(-1.73,2.77,4.955));
#9678=VECTOR('',#12550,2.54);
#9679=CARTESIAN_POINT('',(-1.73,0.88,4.955));
#9680=CARTESIAN_POINT('',(-1.73,0.88,4.955));
#9681=VECTOR('',#12551,1.89);
#9682=CARTESIAN_POINT('',(-2.38,0.23,4.955));
#9683=CARTESIAN_POINT('',(-2.38,0.23,4.955));
#9684=VECTOR('',#12552,0.9192388155425);
#9685=CARTESIAN_POINT('',(-4.27,0.23,4.955));
#9686=VECTOR('',#12553,1.89);
#9687=CARTESIAN_POINT('',(-4.73,-2.77,4.955));
#9688=CARTESIAN_POINT('',(-4.73,-0.2299999999999,4.955));
#9689=CARTESIAN_POINT('',(-4.73,-2.77,4.955));
#9690=VECTOR('',#12554,2.54);
#9691=CARTESIAN_POINT('',(-6.62,-2.77,4.955));
#9692=CARTESIAN_POINT('',(-6.62,-2.77,4.955));
#9693=VECTOR('',#12555,1.89);
#9694=CARTESIAN_POINT('',(-7.27,-2.12,4.955));
#9695=CARTESIAN_POINT('',(-7.27,-2.12,4.955));
#9696=VECTOR('',#12556,0.9192388155425);
#9697=CARTESIAN_POINT('',(-7.27,-0.2299999999999,4.955));
#9698=CARTESIAN_POINT('',(-7.27,-0.2299999999999,4.955));
#9699=VECTOR('',#12557,1.89);
#9700=CARTESIAN_POINT('',(-4.73,-0.2299999999999,4.955));
#9701=VECTOR('',#12558,2.54);
#9702=CARTESIAN_POINT('',(-7.27,0.88,4.955));
#9703=CARTESIAN_POINT('',(-6.62,0.23,4.955));
#9704=CARTESIAN_POINT('',(-7.27,0.88,4.955));
#9705=VECTOR('',#12559,0.9192388155425);
#9706=CARTESIAN_POINT('',(-7.27,2.77,4.955));
#9707=CARTESIAN_POINT('',(-7.27,2.77,4.955));
#9708=VECTOR('',#12560,1.89);
#9709=CARTESIAN_POINT('',(-4.73,2.77,4.955));
#9710=CARTESIAN_POINT('',(-4.73,2.77,4.955));
#9711=VECTOR('',#12561,2.54);
#9712=CARTESIAN_POINT('',(-4.73,0.23,4.955));
#9713=CARTESIAN_POINT('',(-4.73,0.23,4.955));
#9714=VECTOR('',#12562,2.54);
#9715=CARTESIAN_POINT('',(-6.62,0.23,4.955));
#9716=VECTOR('',#12563,1.89);
#9717=CARTESIAN_POINT('',(-6.2985,-3.43,-3.955));
#9718=CARTESIAN_POINT('',(-5.7015,-3.43,-3.955));
#9719=CARTESIAN_POINT('',(-6.2985,-3.43,-3.955));
#9720=VECTOR('',#12564,0.597);
#9721=CARTESIAN_POINT('',(-5.7015,-3.43,-4.955));
#9722=CARTESIAN_POINT('',(-5.7015,-3.43,-4.955));
#9723=VECTOR('',#12565,1.0);
#9724=CARTESIAN_POINT('',(-3.2985,-3.43,-4.955));
#9725=CARTESIAN_POINT('',(-3.2985,-3.43,-4.955));
#9726=VECTOR('',#12566,2.403);
#9727=CARTESIAN_POINT('',(-3.2985,-3.43,-3.955));
#9728=CARTESIAN_POINT('',(-3.2985,-3.43,-4.955));
#9729=VECTOR('',#12567,1.0);
#9730=CARTESIAN_POINT('',(-2.7015,-3.43,-3.955));
#9731=CARTESIAN_POINT('',(-3.2985,-3.43,-3.955));
#9732=VECTOR('',#12568,0.597);
#9733=CARTESIAN_POINT('',(-2.7015,-3.43,-4.955));
#9734=CARTESIAN_POINT('',(-2.7015,-3.43,-4.955));
#9735=VECTOR('',#12569,1.0);
#9736=CARTESIAN_POINT('',(-0.2985,-3.43,-4.955));
#9737=CARTESIAN_POINT('',(-0.2985,-3.43,-4.955));
#9738=VECTOR('',#12570,2.403);
#9739=CARTESIAN_POINT('',(-0.2985,-3.43,-3.955));
#9740=CARTESIAN_POINT('',(-0.2985,-3.43,-4.955));
#9741=VECTOR('',#12571,1.0);
#9742=CARTESIAN_POINT('',(0.2985,-3.43,-3.955));
#9743=CARTESIAN_POINT('',(-0.2985,-3.43,-3.955));
#9744=VECTOR('',#12572,0.597);
#9745=CARTESIAN_POINT('',(0.2985,-3.43,-4.955));
#9746=CARTESIAN_POINT('',(0.2985,-3.43,-4.955));
#9747=VECTOR('',#12573,1.0);
#9748=CARTESIAN_POINT('',(2.7015,-3.43,-4.955));
#9749=CARTESIAN_POINT('',(2.7015,-3.43,-4.955));
#9750=VECTOR('',#12574,2.403);
#9751=CARTESIAN_POINT('',(2.7015,-3.43,-3.955));
#9752=CARTESIAN_POINT('',(2.7015,-3.43,-4.955));
#9753=VECTOR('',#12575,1.0);
#9754=CARTESIAN_POINT('',(3.2985,-3.43,-3.955));
#9755=CARTESIAN_POINT('',(2.7015,-3.43,-3.955));
#9756=VECTOR('',#12576,0.597);
#9757=CARTESIAN_POINT('',(3.2985,-3.43,-4.955));
#9758=CARTESIAN_POINT('',(3.2985,-3.43,-4.955));
#9759=VECTOR('',#12577,1.0);
#9760=CARTESIAN_POINT('',(5.7015,-3.43,-4.955));
#9761=CARTESIAN_POINT('',(5.7015,-3.43,-4.955));
#9762=VECTOR('',#12578,2.403);
#9763=CARTESIAN_POINT('',(5.7015,-3.43,-3.955));
#9764=CARTESIAN_POINT('',(5.7015,-3.43,-4.955));
#9765=VECTOR('',#12579,1.0);
#9766=CARTESIAN_POINT('',(6.2985,-3.43,-3.955));
#9767=CARTESIAN_POINT('',(5.7015,-3.43,-3.955));
#9768=VECTOR('',#12580,0.597);
#9769=CARTESIAN_POINT('',(6.2985,-3.43,-4.955));
#9770=CARTESIAN_POINT('',(6.2985,-3.43,-4.955));
#9771=VECTOR('',#12581,1.0);
#9772=CARTESIAN_POINT('',(8.375,-3.43,-4.955));
#9773=CARTESIAN_POINT('',(8.375,-3.43,-4.955));
#9774=VECTOR('',#12582,2.0765);
#9775=CARTESIAN_POINT('',(8.375,-3.43,-3.355));
#9776=CARTESIAN_POINT('',(8.375,-3.43,-3.355));
#9777=VECTOR('',#12583,1.6);
#9778=CARTESIAN_POINT('',(8.384466995702,-3.43,-3.355));
#9779=CARTESIAN_POINT('',(8.375,-3.43,-3.355));
#9780=VECTOR('',#12584,0.009466995701825);
#9781=CARTESIAN_POINT('',(8.384466995702,-3.43,4.413485326494));
#9782=VECTOR('',#12585,7.768485326494);
#9783=CARTESIAN_POINT('',(-8.384466995702,-3.43,4.413485326494));
#9784=CARTESIAN_POINT('',(-7.925,-3.43,4.955));
#9785=VECTOR('',#12586,0.7101746698956);
#9786=CARTESIAN_POINT('',(-8.384466995702,-3.43,-3.355));
#9787=CARTESIAN_POINT('',(-8.384466995702,-3.43,4.413485326494));
#9788=VECTOR('',#12587,7.768485326494);
#9789=CARTESIAN_POINT('',(-8.375,-3.43,-3.355));
#9790=CARTESIAN_POINT('',(-8.384466995702,-3.43,-3.355));
#9791=VECTOR('',#12588,0.009466995701827);
#9792=CARTESIAN_POINT('',(-8.375,-3.43,-4.955));
#9793=CARTESIAN_POINT('',(-8.375,-3.43,-3.355));
#9794=VECTOR('',#12589,1.6);
#9795=CARTESIAN_POINT('',(-6.2985,-3.43,-4.955));
#9796=CARTESIAN_POINT('',(-6.2985,-3.43,-4.955));
#9797=VECTOR('',#12590,2.0765);
#9798=CARTESIAN_POINT('',(-6.2985,-3.43,-4.955));
#9799=VECTOR('',#12591,1.0);
#9800=CARTESIAN_POINT('',(5.35,-3.43,-3.355));
#9801=CARTESIAN_POINT('',(5.35,-3.43,3.355));
#9802=CARTESIAN_POINT('',(5.35,-3.43,-3.355));
#9803=VECTOR('',#12592,6.71);
#9804=CARTESIAN_POINT('',(4.35,-3.43,-3.355));
#9805=CARTESIAN_POINT('',(4.35,-3.43,-3.355));
#9806=VECTOR('',#12593,1.0);
#9807=CARTESIAN_POINT('',(4.35,-3.43,3.355));
#9808=CARTESIAN_POINT('',(4.35,-3.43,-3.355));
#9809=VECTOR('',#12594,6.71);
#9810=CARTESIAN_POINT('',(4.35,-3.43,3.355));
#9811=VECTOR('',#12595,1.0);
#9812=CARTESIAN_POINT('',(-4.35,-3.43,-3.355));
#9813=CARTESIAN_POINT('',(-4.35,-3.43,3.355));
#9814=CARTESIAN_POINT('',(-4.35,-3.43,-3.355));
#9815=VECTOR('',#12596,6.71);
#9816=CARTESIAN_POINT('',(-5.35,-3.43,-3.355));
#9817=CARTESIAN_POINT('',(-5.35,-3.43,-3.355));
#9818=VECTOR('',#12597,1.0);
#9819=CARTESIAN_POINT('',(-5.35,-3.43,3.355));
#9820=CARTESIAN_POINT('',(-5.35,-3.43,-3.355));
#9821=VECTOR('',#12598,6.71);
#9822=CARTESIAN_POINT('',(-5.35,-3.43,3.355));
#9823=VECTOR('',#12599,1.0);
#9824=CARTESIAN_POINT('',(-5.35,-3.94,3.355));
#9825=CARTESIAN_POINT('',(-5.35,-3.43,3.355));
#9826=VECTOR('',#12600,0.51);
#9827=CARTESIAN_POINT('',(-4.35,-3.94,3.355));
#9828=CARTESIAN_POINT('',(-5.35,-3.94,3.355));
#9829=VECTOR('',#12601,1.0);
#9830=CARTESIAN_POINT('',(-4.35,-3.94,3.355));
#9831=VECTOR('',#12602,0.51);
#9832=CARTESIAN_POINT('',(4.35,-3.94,3.355));
#9833=CARTESIAN_POINT('',(4.35,-3.43,3.355));
#9834=VECTOR('',#12603,0.51);
#9835=CARTESIAN_POINT('',(5.35,-3.94,3.355));
#9836=CARTESIAN_POINT('',(4.35,-3.94,3.355));
#9837=VECTOR('',#12604,1.0);
#9838=CARTESIAN_POINT('',(5.35,-3.94,3.355));
#9839=VECTOR('',#12605,0.51);
#9840=CARTESIAN_POINT('',(-4.35,-3.94,-3.355));
#9841=CARTESIAN_POINT('',(-4.35,-3.94,3.355));
#9842=VECTOR('',#12606,6.71);
#9843=CARTESIAN_POINT('',(-4.35,-3.94,-3.355));
#9844=VECTOR('',#12607,0.51);
#9845=CARTESIAN_POINT('',(-5.35,-3.94,-3.355));
#9846=CARTESIAN_POINT('',(-5.35,-3.94,-3.355));
#9847=VECTOR('',#12608,1.0);
#9848=CARTESIAN_POINT('',(-5.35,-3.43,-3.355));
#9849=VECTOR('',#12609,0.51);
#9850=CARTESIAN_POINT('',(5.35,-3.94,-3.355));
#9851=CARTESIAN_POINT('',(5.35,-3.94,-3.355));
#9852=VECTOR('',#12610,0.51);
#9853=CARTESIAN_POINT('',(4.35,-3.94,-3.355));
#9854=CARTESIAN_POINT('',(4.35,-3.94,-3.355));
#9855=VECTOR('',#12611,1.0);
#9856=CARTESIAN_POINT('',(4.35,-3.43,-3.355));
#9857=VECTOR('',#12612,0.51);
#9858=CARTESIAN_POINT('',(-5.35,-3.94,3.355));
#9859=VECTOR('',#12613,6.71);
#9860=CARTESIAN_POINT('',(4.35,-3.94,3.355));
#9861=VECTOR('',#12614,6.71);
#9862=CARTESIAN_POINT('',(5.35,-3.94,3.355));
#9863=VECTOR('',#12615,6.71);
#9864=CARTESIAN_POINT('',(-6.2985,-1.79,-4.285));
#9865=CARTESIAN_POINT('',(-6.2985,-1.79,-3.955));
#9866=CARTESIAN_POINT('',(-6.2985,-1.79,-4.285));
#9867=VECTOR('',#12616,0.33);
#9868=CARTESIAN_POINT('',(-6.2985,-1.79,-3.955));
#9869=VECTOR('',#12617,1.64);
#9870=CARTESIAN_POINT('',(-6.2985,-2.78,-4.955));
#9871=CARTESIAN_POINT('',(-6.2985,-2.78,-4.955));
#9872=VECTOR('',#12618,0.65);
#9873=CARTESIAN_POINT('',(-6.2985,-2.78,-4.285));
#9874=CARTESIAN_POINT('',(-6.2985,-2.78,-4.955));
#9875=VECTOR('',#12619,0.67);
#9876=CARTESIAN_POINT('',(-6.2985,-2.78,-4.285));
#9877=VECTOR('',#12620,0.99);
#9878=CARTESIAN_POINT('',(-6.2985,3.175,-4.955));
#9879=CARTESIAN_POINT('',(-6.2985,3.175,-3.955));
#9880=CARTESIAN_POINT('',(-6.2985,3.175,-4.955));
#9881=VECTOR('',#12621,1.0);
#9882=CARTESIAN_POINT('',(-6.2985,1.85,-3.955));
#9883=CARTESIAN_POINT('',(-6.2985,3.175,-3.955));
#9884=VECTOR('',#12622,1.325);
#9885=CARTESIAN_POINT('',(-6.2985,1.85,-4.955));
#9886=CARTESIAN_POINT('',(-6.2985,1.85,-4.955));
#9887=VECTOR('',#12623,1.0);
#9888=CARTESIAN_POINT('',(-6.2985,1.85,-4.955));
#9889=VECTOR('',#12624,1.325);
#9890=CARTESIAN_POINT('',(-6.2985,0.35,-4.285));
#9891=CARTESIAN_POINT('',(-6.2985,0.35,-3.955));
#9892=CARTESIAN_POINT('',(-6.2985,0.35,-4.285));
#9893=VECTOR('',#12625,0.33);
#9894=CARTESIAN_POINT('',(-6.2985,1.21,-4.285));
#9895=CARTESIAN_POINT('',(-6.2985,0.35,-4.285));
#9896=VECTOR('',#12626,0.86);
#9897=CARTESIAN_POINT('',(-6.2985,1.21,-3.955));
#9898=CARTESIAN_POINT('',(-6.2985,1.21,-4.285));
#9899=VECTOR('',#12627,0.33);
#9900=CARTESIAN_POINT('',(-6.2985,1.21,-3.955));
#9901=VECTOR('',#12628,0.86);
#9902=CARTESIAN_POINT('',(-6.2985,-0.29,-4.285));
#9903=CARTESIAN_POINT('',(-6.2985,-0.29,-3.955));
#9904=CARTESIAN_POINT('',(-6.2985,-0.29,-4.285));
#9905=VECTOR('',#12629,0.33);
#9906=CARTESIAN_POINT('',(-6.2985,-1.15,-3.955));
#9907=CARTESIAN_POINT('',(-6.2985,-0.29,-3.955));
#9908=VECTOR('',#12630,0.86);
#9909=CARTESIAN_POINT('',(-6.2985,-1.15,-4.285));
#9910=CARTESIAN_POINT('',(-6.2985,-1.15,-4.285));
#9911=VECTOR('',#12631,0.33);
#9912=CARTESIAN_POINT('',(-6.2985,-1.15,-4.285));
#9913=VECTOR('',#12632,0.86);
#9914=CARTESIAN_POINT('',(6.2985,-1.79,-4.285));
#9915=CARTESIAN_POINT('',(6.32,-1.79,-4.285));
#9916=CARTESIAN_POINT('',(6.2985,-1.79,-4.285));
#9917=VECTOR('',#12633,0.0215);
#9918=CARTESIAN_POINT('',(6.32,-1.15,-4.285));
#9919=CARTESIAN_POINT('',(6.32,-1.15,-4.285));
#9920=VECTOR('',#12634,0.64);
#9921=CARTESIAN_POINT('',(6.2985,-1.15,-4.285));
#9922=CARTESIAN_POINT('',(6.2985,-1.15,-4.285));
#9923=VECTOR('',#12635,0.0215);
#9924=CARTESIAN_POINT('',(6.2985,-0.29,-4.285));
#9925=CARTESIAN_POINT('',(6.2985,-1.15,-4.285));
#9926=VECTOR('',#12636,0.86);
#9927=CARTESIAN_POINT('',(6.32,-0.29,-4.285));
#9928=CARTESIAN_POINT('',(6.2985,-0.29,-4.285));
#9929=VECTOR('',#12637,0.0215);
#9930=CARTESIAN_POINT('',(6.32,0.35,-4.285));
#9931=CARTESIAN_POINT('',(6.32,0.35,-4.285));
#9932=VECTOR('',#12638,0.64);
#9933=CARTESIAN_POINT('',(6.2985,0.35,-4.285));
#9934=CARTESIAN_POINT('',(6.2985,0.35,-4.285));
#9935=VECTOR('',#12639,0.0215);
#9936=CARTESIAN_POINT('',(6.2985,1.21,-4.285));
#9937=CARTESIAN_POINT('',(6.2985,0.35,-4.285));
#9938=VECTOR('',#12640,0.86);
#9939=CARTESIAN_POINT('',(6.32,1.21,-4.285));
#9940=CARTESIAN_POINT('',(6.2985,1.21,-4.285));
#9941=VECTOR('',#12641,0.0215);
#9942=CARTESIAN_POINT('',(6.32,1.6,-4.285));
#9943=CARTESIAN_POINT('',(6.32,1.6,-4.285));
#9944=VECTOR('',#12642,0.39);
#9945=CARTESIAN_POINT('',(9.575,1.6,-4.285));
#9946=CARTESIAN_POINT('',(9.575,1.6,-4.285));
#9947=VECTOR('',#12643,3.255);
#9948=CARTESIAN_POINT('',(9.575,0.95,-4.285));
#9949=CARTESIAN_POINT('',(9.575,0.95,-4.285));
#9950=VECTOR('',#12644,0.65);
#9951=CARTESIAN_POINT('',(8.575,0.95,-4.285));
#9952=CARTESIAN_POINT('',(9.575,0.95,-4.285));
#9953=VECTOR('',#12645,1.0);
#9954=CARTESIAN_POINT('',(8.575,-0.95,-4.285));
#9955=CARTESIAN_POINT('',(8.575,-0.95,-4.285));
#9956=VECTOR('',#12646,1.9);
#9957=CARTESIAN_POINT('',(9.575,-0.95,-4.285));
#9958=CARTESIAN_POINT('',(9.575,-0.95,-4.285));
#9959=VECTOR('',#12647,1.0);
#9960=CARTESIAN_POINT('',(9.575,-2.78,-4.285));
#9961=CARTESIAN_POINT('',(9.575,-2.78,-4.285));
#9962=VECTOR('',#12648,1.83);
#9963=CARTESIAN_POINT('',(6.2985,-2.78,-4.285));
#9964=CARTESIAN_POINT('',(9.575,-2.78,-4.285));
#9965=VECTOR('',#12649,3.2765);
#9966=CARTESIAN_POINT('',(6.2985,-2.78,-4.285));
#9967=VECTOR('',#12650,0.99);
#9968=CARTESIAN_POINT('',(3.2985,-1.79,-4.285));
#9969=CARTESIAN_POINT('',(3.32,-1.79,-4.285));
#9970=CARTESIAN_POINT('',(3.2985,-1.79,-4.285));
#9971=VECTOR('',#12651,0.0215);
#9972=CARTESIAN_POINT('',(3.32,-1.15,-4.285));
#9973=CARTESIAN_POINT('',(3.32,-1.15,-4.285));
#9974=VECTOR('',#12652,0.64);
#9975=CARTESIAN_POINT('',(3.2985,-1.15,-4.285));
#9976=CARTESIAN_POINT('',(3.2985,-1.15,-4.285));
#9977=VECTOR('',#12653,0.0215);
#9978=CARTESIAN_POINT('',(3.2985,-0.29,-4.285));
#9979=CARTESIAN_POINT('',(3.2985,-1.15,-4.285));
#9980=VECTOR('',#12654,0.86);
#9981=CARTESIAN_POINT('',(3.32,-0.29,-4.285));
#9982=CARTESIAN_POINT('',(3.2985,-0.29,-4.285));
#9983=VECTOR('',#12655,0.0215);
#9984=CARTESIAN_POINT('',(3.32,0.35,-4.285));
#9985=CARTESIAN_POINT('',(3.32,0.35,-4.285));
#9986=VECTOR('',#12656,0.64);
#9987=CARTESIAN_POINT('',(3.2985,0.35,-4.285));
#9988=CARTESIAN_POINT('',(3.2985,0.35,-4.285));
#9989=VECTOR('',#12657,0.0215);
#9990=CARTESIAN_POINT('',(3.2985,1.21,-4.285));
#9991=CARTESIAN_POINT('',(3.2985,0.35,-4.285));
#9992=VECTOR('',#12658,0.86);
#9993=CARTESIAN_POINT('',(3.32,1.21,-4.285));
#9994=CARTESIAN_POINT('',(3.2985,1.21,-4.285));
#9995=VECTOR('',#12659,0.0215);
#9996=CARTESIAN_POINT('',(3.32,1.6,-4.285));
#9997=CARTESIAN_POINT('',(3.32,1.6,-4.285));
#9998=VECTOR('',#12660,0.39);
#9999=CARTESIAN_POINT('',(5.68,1.6,-4.285));
#10000=CARTESIAN_POINT('',(5.68,1.6,-4.285));
#10001=VECTOR('',#12661,2.36);
#10002=CARTESIAN_POINT('',(5.68,1.21,-4.285));
#10003=CARTESIAN_POINT('',(5.68,1.21,-4.285));
#10004=VECTOR('',#12662,0.39);
#10005=CARTESIAN_POINT('',(5.7015,1.21,-4.285));
#10006=CARTESIAN_POINT('',(5.68,1.21,-4.285));
#10007=VECTOR('',#12663,0.0215);
#10008=CARTESIAN_POINT('',(5.7015,0.35,-4.285));
#10009=CARTESIAN_POINT('',(5.7015,0.35,-4.285));
#10010=VECTOR('',#12664,0.86);
#10011=CARTESIAN_POINT('',(5.68,0.35,-4.285));
#10012=CARTESIAN_POINT('',(5.68,0.35,-4.285));
#10013=VECTOR('',#12665,0.0215);
#10014=CARTESIAN_POINT('',(5.68,-0.29,-4.285));
#10015=CARTESIAN_POINT('',(5.68,0.35,-4.285));
#10016=VECTOR('',#12666,0.64);
#10017=CARTESIAN_POINT('',(5.7015,-0.29,-4.285));
#10018=CARTESIAN_POINT('',(5.68,-0.29,-4.285));
#10019=VECTOR('',#12667,0.0215);
#10020=CARTESIAN_POINT('',(5.7015,-1.15,-4.285));
#10021=CARTESIAN_POINT('',(5.7015,-1.15,-4.285));
#10022=VECTOR('',#12668,0.86);
#10023=CARTESIAN_POINT('',(5.68,-1.15,-4.285));
#10024=CARTESIAN_POINT('',(5.68,-1.15,-4.285));
#10025=VECTOR('',#12669,0.0215);
#10026=CARTESIAN_POINT('',(5.68,-1.79,-4.285));
#10027=CARTESIAN_POINT('',(5.68,-1.15,-4.285));
#10028=VECTOR('',#12670,0.64);
#10029=CARTESIAN_POINT('',(5.7015,-1.79,-4.285));
#10030=CARTESIAN_POINT('',(5.68,-1.79,-4.285));
#10031=VECTOR('',#12671,0.0215);
#10032=CARTESIAN_POINT('',(5.7015,-2.78,-4.285));
#10033=CARTESIAN_POINT('',(5.7015,-2.78,-4.285));
#10034=VECTOR('',#12672,0.99);
#10035=CARTESIAN_POINT('',(3.2985,-2.78,-4.285));
#10036=CARTESIAN_POINT('',(5.7015,-2.78,-4.285));
#10037=VECTOR('',#12673,2.403);
#10038=CARTESIAN_POINT('',(3.2985,-2.78,-4.285));
#10039=VECTOR('',#12674,0.99);
#10040=CARTESIAN_POINT('',(0.2985,-1.79,-4.285));
#10041=CARTESIAN_POINT('',(0.32,-1.79,-4.285));
#10042=CARTESIAN_POINT('',(0.2985,-1.79,-4.285));
#10043=VECTOR('',#12675,0.0215);
#10044=CARTESIAN_POINT('',(0.32,-1.15,-4.285));
#10045=CARTESIAN_POINT('',(0.32,-1.15,-4.285));
#10046=VECTOR('',#12676,0.64);
#10047=CARTESIAN_POINT('',(0.2985,-1.15,-4.285));
#10048=CARTESIAN_POINT('',(0.2985,-1.15,-4.285));
#10049=VECTOR('',#12677,0.0215);
#10050=CARTESIAN_POINT('',(0.2985,-0.29,-4.285));
#10051=CARTESIAN_POINT('',(0.2985,-1.15,-4.285));
#10052=VECTOR('',#12678,0.86);
#10053=CARTESIAN_POINT('',(0.32,-0.29,-4.285));
#10054=CARTESIAN_POINT('',(0.2985,-0.29,-4.285));
#10055=VECTOR('',#12679,0.0215);
#10056=CARTESIAN_POINT('',(0.32,0.35,-4.285));
#10057=CARTESIAN_POINT('',(0.32,0.35,-4.285));
#10058=VECTOR('',#12680,0.64);
#10059=CARTESIAN_POINT('',(0.2985,0.35,-4.285));
#10060=CARTESIAN_POINT('',(0.2985,0.35,-4.285));
#10061=VECTOR('',#12681,0.0215);
#10062=CARTESIAN_POINT('',(0.2985,1.21,-4.285));
#10063=CARTESIAN_POINT('',(0.2985,0.35,-4.285));
#10064=VECTOR('',#12682,0.86);
#10065=CARTESIAN_POINT('',(0.32,1.21,-4.285));
#10066=CARTESIAN_POINT('',(0.2985,1.21,-4.285));
#10067=VECTOR('',#12683,0.0215);
#10068=CARTESIAN_POINT('',(0.32,1.6,-4.285));
#10069=CARTESIAN_POINT('',(0.32,1.6,-4.285));
#10070=VECTOR('',#12684,0.39);
#10071=CARTESIAN_POINT('',(2.68,1.6,-4.285));
#10072=CARTESIAN_POINT('',(2.68,1.6,-4.285));
#10073=VECTOR('',#12685,2.36);
#10074=CARTESIAN_POINT('',(2.68,1.21,-4.285));
#10075=CARTESIAN_POINT('',(2.68,1.6,-4.285));
#10076=VECTOR('',#12686,0.39);
#10077=CARTESIAN_POINT('',(2.7015,1.21,-4.285));
#10078=CARTESIAN_POINT('',(2.68,1.21,-4.285));
#10079=VECTOR('',#12687,0.0215);
#10080=CARTESIAN_POINT('',(2.7015,0.35,-4.285));
#10081=CARTESIAN_POINT('',(2.7015,0.35,-4.285));
#10082=VECTOR('',#12688,0.86);
#10083=CARTESIAN_POINT('',(2.68,0.35,-4.285));
#10084=CARTESIAN_POINT('',(2.68,0.35,-4.285));
#10085=VECTOR('',#12689,0.0215);
#10086=CARTESIAN_POINT('',(2.68,-0.29,-4.285));
#10087=CARTESIAN_POINT('',(2.68,0.35,-4.285));
#10088=VECTOR('',#12690,0.64);
#10089=CARTESIAN_POINT('',(2.7015,-0.29,-4.285));
#10090=CARTESIAN_POINT('',(2.68,-0.29,-4.285));
#10091=VECTOR('',#12691,0.0215);
#10092=CARTESIAN_POINT('',(2.7015,-1.15,-4.285));
#10093=CARTESIAN_POINT('',(2.7015,-1.15,-4.285));
#10094=VECTOR('',#12692,0.86);
#10095=CARTESIAN_POINT('',(2.68,-1.15,-4.285));
#10096=CARTESIAN_POINT('',(2.68,-1.15,-4.285));
#10097=VECTOR('',#12693,0.0215);
#10098=CARTESIAN_POINT('',(2.68,-1.79,-4.285));
#10099=CARTESIAN_POINT('',(2.68,-1.15,-4.285));
#10100=VECTOR('',#12694,0.64);
#10101=CARTESIAN_POINT('',(2.7015,-1.79,-4.285));
#10102=CARTESIAN_POINT('',(2.68,-1.79,-4.285));
#10103=VECTOR('',#12695,0.0215);
#10104=CARTESIAN_POINT('',(2.7015,-2.78,-4.285));
#10105=CARTESIAN_POINT('',(2.7015,-2.78,-4.285));
#10106=VECTOR('',#12696,0.99);
#10107=CARTESIAN_POINT('',(0.2985,-2.78,-4.285));
#10108=CARTESIAN_POINT('',(2.7015,-2.78,-4.285));
#10109=VECTOR('',#12697,2.403);
#10110=CARTESIAN_POINT('',(0.2985,-2.78,-4.285));
#10111=VECTOR('',#12698,0.99);
#10112=CARTESIAN_POINT('',(-2.7015,-1.79,-4.285));
#10113=CARTESIAN_POINT('',(-2.68,-1.79,-4.285));
#10114=CARTESIAN_POINT('',(-2.7015,-1.79,-4.285));
#10115=VECTOR('',#12699,0.0215);
#10116=CARTESIAN_POINT('',(-2.68,-1.15,-4.285));
#10117=CARTESIAN_POINT('',(-2.68,-1.15,-4.285));
#10118=VECTOR('',#12700,0.64);
#10119=CARTESIAN_POINT('',(-2.7015,-1.15,-4.285));
#10120=CARTESIAN_POINT('',(-2.7015,-1.15,-4.285));
#10121=VECTOR('',#12701,0.0215);
#10122=CARTESIAN_POINT('',(-2.7015,-0.29,-4.285));
#10123=CARTESIAN_POINT('',(-2.7015,-1.15,-4.285));
#10124=VECTOR('',#12702,0.86);
#10125=CARTESIAN_POINT('',(-2.68,-0.29,-4.285));
#10126=CARTESIAN_POINT('',(-2.7015,-0.29,-4.285));
#10127=VECTOR('',#12703,0.0215);
#10128=CARTESIAN_POINT('',(-2.68,0.35,-4.285));
#10129=CARTESIAN_POINT('',(-2.68,0.35,-4.285));
#10130=VECTOR('',#12704,0.64);
#10131=CARTESIAN_POINT('',(-2.7015,0.35,-4.285));
#10132=CARTESIAN_POINT('',(-2.7015,0.35,-4.285));
#10133=VECTOR('',#12705,0.0215);
#10134=CARTESIAN_POINT('',(-2.7015,1.21,-4.285));
#10135=CARTESIAN_POINT('',(-2.7015,0.35,-4.285));
#10136=VECTOR('',#12706,0.86);
#10137=CARTESIAN_POINT('',(-2.68,1.21,-4.285));
#10138=CARTESIAN_POINT('',(-2.7015,1.21,-4.285));
#10139=VECTOR('',#12707,0.0215);
#10140=CARTESIAN_POINT('',(-2.68,1.6,-4.285));
#10141=CARTESIAN_POINT('',(-2.68,1.6,-4.285));
#10142=VECTOR('',#12708,0.39);
#10143=CARTESIAN_POINT('',(-0.32,1.6,-4.285));
#10144=CARTESIAN_POINT('',(-0.32,1.6,-4.285));
#10145=VECTOR('',#12709,2.36);
#10146=CARTESIAN_POINT('',(-0.32,1.21,-4.285));
#10147=CARTESIAN_POINT('',(-0.32,1.6,-4.285));
#10148=VECTOR('',#12710,0.39);
#10149=CARTESIAN_POINT('',(-0.2985,1.21,-4.285));
#10150=CARTESIAN_POINT('',(-0.32,1.21,-4.285));
#10151=VECTOR('',#12711,0.0215);
#10152=CARTESIAN_POINT('',(-0.2985,0.35,-4.285));
#10153=CARTESIAN_POINT('',(-0.2985,0.35,-4.285));
#10154=VECTOR('',#12712,0.86);
#10155=CARTESIAN_POINT('',(-0.32,0.35,-4.285));
#10156=CARTESIAN_POINT('',(-0.32,0.35,-4.285));
#10157=VECTOR('',#12713,0.0215);
#10158=CARTESIAN_POINT('',(-0.32,-0.29,-4.285));
#10159=CARTESIAN_POINT('',(-0.32,0.35,-4.285));
#10160=VECTOR('',#12714,0.64);
#10161=CARTESIAN_POINT('',(-0.2985,-0.29,-4.285));
#10162=CARTESIAN_POINT('',(-0.32,-0.29,-4.285));
#10163=VECTOR('',#12715,0.0215);
#10164=CARTESIAN_POINT('',(-0.2985,-1.15,-4.285));
#10165=CARTESIAN_POINT('',(-0.2985,-1.15,-4.285));
#10166=VECTOR('',#12716,0.86);
#10167=CARTESIAN_POINT('',(-0.32,-1.15,-4.285));
#10168=CARTESIAN_POINT('',(-0.32,-1.15,-4.285));
#10169=VECTOR('',#12717,0.0215);
#10170=CARTESIAN_POINT('',(-0.32,-1.79,-4.285));
#10171=CARTESIAN_POINT('',(-0.32,-1.15,-4.285));
#10172=VECTOR('',#12718,0.64);
#10173=CARTESIAN_POINT('',(-0.2985,-1.79,-4.285));
#10174=CARTESIAN_POINT('',(-0.32,-1.79,-4.285));
#10175=VECTOR('',#12719,0.0215);
#10176=CARTESIAN_POINT('',(-0.2985,-2.78,-4.285));
#10177=CARTESIAN_POINT('',(-0.2985,-2.78,-4.285));
#10178=VECTOR('',#12720,0.99);
#10179=CARTESIAN_POINT('',(-2.7015,-2.78,-4.285));
#10180=CARTESIAN_POINT('',(-0.2985,-2.78,-4.285));
#10181=VECTOR('',#12721,2.403);
#10182=CARTESIAN_POINT('',(-2.7015,-2.78,-4.285));
#10183=VECTOR('',#12722,0.99);
#10184=CARTESIAN_POINT('',(-9.575,-2.78,-4.285));
#10185=CARTESIAN_POINT('',(-6.2985,-2.78,-4.285));
#10186=VECTOR('',#12723,3.2765);
#10187=CARTESIAN_POINT('',(-9.575,-0.95,-4.285));
#10188=CARTESIAN_POINT('',(-9.575,-0.95,-4.285));
#10189=VECTOR('',#12724,1.83);
#10190=CARTESIAN_POINT('',(-8.575,-0.95,-4.285));
#10191=CARTESIAN_POINT('',(-9.575,-0.95,-4.285));
#10192=VECTOR('',#12725,1.0);
#10193=CARTESIAN_POINT('',(-8.575,0.95,-4.285));
#10194=CARTESIAN_POINT('',(-8.575,-0.95,-4.285));
#10195=VECTOR('',#12726,1.9);
#10196=CARTESIAN_POINT('',(-9.575,0.95,-4.285));
#10197=CARTESIAN_POINT('',(-9.575,0.95,-4.285));
#10198=VECTOR('',#12727,1.0);
#10199=CARTESIAN_POINT('',(-9.575,1.6,-4.285));
#10200=CARTESIAN_POINT('',(-9.575,1.6,-4.285));
#10201=VECTOR('',#12728,0.65);
#10202=CARTESIAN_POINT('',(-6.32,1.6,-4.285));
#10203=CARTESIAN_POINT('',(-6.32,1.6,-4.285));
#10204=VECTOR('',#12729,3.255);
#10205=CARTESIAN_POINT('',(-6.32,1.21,-4.285));
#10206=CARTESIAN_POINT('',(-6.32,1.6,-4.285));
#10207=VECTOR('',#12730,0.39);
#10208=CARTESIAN_POINT('',(-6.32,1.21,-4.285));
#10209=VECTOR('',#12731,0.0215);
#10210=CARTESIAN_POINT('',(-6.32,0.35,-4.285));
#10211=CARTESIAN_POINT('',(-6.32,0.35,-4.285));
#10212=VECTOR('',#12732,0.0215);
#10213=CARTESIAN_POINT('',(-6.32,-0.29,-4.285));
#10214=CARTESIAN_POINT('',(-6.32,0.35,-4.285));
#10215=VECTOR('',#12733,0.64);
#10216=CARTESIAN_POINT('',(-6.32,-0.29,-4.285));
#10217=VECTOR('',#12734,0.0215);
#10218=CARTESIAN_POINT('',(-6.32,-1.15,-4.285));
#10219=CARTESIAN_POINT('',(-6.32,-1.15,-4.285));
#10220=VECTOR('',#12735,0.0215);
#10221=CARTESIAN_POINT('',(-6.32,-1.79,-4.285));
#10222=CARTESIAN_POINT('',(-6.32,-1.15,-4.285));
#10223=VECTOR('',#12736,0.64);
#10224=CARTESIAN_POINT('',(-6.32,-1.79,-4.285));
#10225=VECTOR('',#12737,0.0215);
#10226=CARTESIAN_POINT('',(-5.7015,-1.79,-4.285));
#10227=CARTESIAN_POINT('',(-5.68,-1.79,-4.285));
#10228=CARTESIAN_POINT('',(-5.7015,-1.79,-4.285));
#10229=VECTOR('',#12738,0.0215);
#10230=CARTESIAN_POINT('',(-5.68,-1.15,-4.285));
#10231=CARTESIAN_POINT('',(-5.68,-1.15,-4.285));
#10232=VECTOR('',#12739,0.64);
#10233=CARTESIAN_POINT('',(-5.7015,-1.15,-4.285));
#10234=CARTESIAN_POINT('',(-5.7015,-1.15,-4.285));
#10235=VECTOR('',#12740,0.0215);
#10236=CARTESIAN_POINT('',(-5.7015,-0.29,-4.285));
#10237=CARTESIAN_POINT('',(-5.7015,-1.15,-4.285));
#10238=VECTOR('',#12741,0.86);
#10239=CARTESIAN_POINT('',(-5.68,-0.29,-4.285));
#10240=CARTESIAN_POINT('',(-5.7015,-0.29,-4.285));
#10241=VECTOR('',#12742,0.0215);
#10242=CARTESIAN_POINT('',(-5.68,0.35,-4.285));
#10243=CARTESIAN_POINT('',(-5.68,0.35,-4.285));
#10244=VECTOR('',#12743,0.64);
#10245=CARTESIAN_POINT('',(-5.7015,0.35,-4.285));
#10246=CARTESIAN_POINT('',(-5.7015,0.35,-4.285));
#10247=VECTOR('',#12744,0.0215);
#10248=CARTESIAN_POINT('',(-5.7015,1.21,-4.285));
#10249=CARTESIAN_POINT('',(-5.7015,0.35,-4.285));
#10250=VECTOR('',#12745,0.86);
#10251=CARTESIAN_POINT('',(-5.68,1.21,-4.285));
#10252=CARTESIAN_POINT('',(-5.7015,1.21,-4.285));
#10253=VECTOR('',#12746,0.0215);
#10254=CARTESIAN_POINT('',(-5.68,1.6,-4.285));
#10255=CARTESIAN_POINT('',(-5.68,1.6,-4.285));
#10256=VECTOR('',#12747,0.39);
#10257=CARTESIAN_POINT('',(-3.32,1.6,-4.285));
#10258=CARTESIAN_POINT('',(-3.32,1.6,-4.285));
#10259=VECTOR('',#12748,2.36);
#10260=CARTESIAN_POINT('',(-3.32,1.21,-4.285));
#10261=CARTESIAN_POINT('',(-3.32,1.6,-4.285));
#10262=VECTOR('',#12749,0.39);
#10263=CARTESIAN_POINT('',(-3.2985,1.21,-4.285));
#10264=CARTESIAN_POINT('',(-3.32,1.21,-4.285));
#10265=VECTOR('',#12750,0.0215);
#10266=CARTESIAN_POINT('',(-3.2985,0.35,-4.285));
#10267=CARTESIAN_POINT('',(-3.2985,0.35,-4.285));
#10268=VECTOR('',#12751,0.86);
#10269=CARTESIAN_POINT('',(-3.32,0.35,-4.285));
#10270=CARTESIAN_POINT('',(-3.32,0.35,-4.285));
#10271=VECTOR('',#12752,0.0215);
#10272=CARTESIAN_POINT('',(-3.32,-0.29,-4.285));
#10273=CARTESIAN_POINT('',(-3.32,0.35,-4.285));
#10274=VECTOR('',#12753,0.64);
#10275=CARTESIAN_POINT('',(-3.2985,-0.29,-4.285));
#10276=CARTESIAN_POINT('',(-3.32,-0.29,-4.285));
#10277=VECTOR('',#12754,0.0215);
#10278=CARTESIAN_POINT('',(-3.2985,-1.15,-4.285));
#10279=CARTESIAN_POINT('',(-3.2985,-1.15,-4.285));
#10280=VECTOR('',#12755,0.86);
#10281=CARTESIAN_POINT('',(-3.32,-1.15,-4.285));
#10282=CARTESIAN_POINT('',(-3.32,-1.15,-4.285));
#10283=VECTOR('',#12756,0.0215);
#10284=CARTESIAN_POINT('',(-3.32,-1.79,-4.285));
#10285=CARTESIAN_POINT('',(-3.32,-1.15,-4.285));
#10286=VECTOR('',#12757,0.64);
#10287=CARTESIAN_POINT('',(-3.2985,-1.79,-4.285));
#10288=CARTESIAN_POINT('',(-3.32,-1.79,-4.285));
#10289=VECTOR('',#12758,0.0215);
#10290=CARTESIAN_POINT('',(-3.2985,-2.78,-4.285));
#10291=CARTESIAN_POINT('',(-3.2985,-2.78,-4.285));
#10292=VECTOR('',#12759,0.99);
#10293=CARTESIAN_POINT('',(-5.7015,-2.78,-4.285));
#10294=CARTESIAN_POINT('',(-3.2985,-2.78,-4.285));
#10295=VECTOR('',#12760,2.403);
#10296=CARTESIAN_POINT('',(-5.7015,-2.78,-4.285));
#10297=VECTOR('',#12761,0.99);
#10298=CARTESIAN_POINT('',(6.2985,3.175,-4.955));
#10299=CARTESIAN_POINT('',(6.2985,3.175,-3.955));
#10300=CARTESIAN_POINT('',(6.2985,3.175,-4.955));
#10301=VECTOR('',#12762,1.0);
#10302=CARTESIAN_POINT('',(6.2985,1.85,-4.955));
#10303=CARTESIAN_POINT('',(6.2985,1.85,-4.955));
#10304=VECTOR('',#12763,1.325);
#10305=CARTESIAN_POINT('',(6.2985,1.85,-3.955));
#10306=CARTESIAN_POINT('',(6.2985,1.85,-3.955));
#10307=VECTOR('',#12764,1.0);
#10308=CARTESIAN_POINT('',(6.2985,3.175,-3.955));
#10309=VECTOR('',#12765,1.325);
#10310=CARTESIAN_POINT('',(6.2985,1.21,-3.955));
#10311=CARTESIAN_POINT('',(6.2985,1.21,-3.955));
#10312=VECTOR('',#12766,0.33);
#10313=CARTESIAN_POINT('',(6.2985,0.35,-3.955));
#10314=CARTESIAN_POINT('',(6.2985,0.35,-3.955));
#10315=VECTOR('',#12767,0.33);
#10316=CARTESIAN_POINT('',(6.2985,1.21,-3.955));
#10317=VECTOR('',#12768,0.86);
#10318=CARTESIAN_POINT('',(6.2985,-2.78,-4.955));
#10319=CARTESIAN_POINT('',(6.2985,-2.78,-4.955));
#10320=VECTOR('',#12769,0.67);
#10321=CARTESIAN_POINT('',(6.2985,-2.78,-4.955));
#10322=VECTOR('',#12770,0.65);
#10323=CARTESIAN_POINT('',(6.2985,-1.79,-3.955));
#10324=CARTESIAN_POINT('',(6.2985,-1.79,-3.955));
#10325=VECTOR('',#12771,1.64);
#10326=CARTESIAN_POINT('',(6.2985,-1.79,-3.955));
#10327=VECTOR('',#12772,0.33);
#10328=CARTESIAN_POINT('',(6.2985,-1.15,-3.955));
#10329=CARTESIAN_POINT('',(6.2985,-1.15,-3.955));
#10330=VECTOR('',#12773,0.33);
#10331=CARTESIAN_POINT('',(6.2985,-0.29,-3.955));
#10332=CARTESIAN_POINT('',(6.2985,-0.29,-3.955));
#10333=VECTOR('',#12774,0.86);
#10334=CARTESIAN_POINT('',(6.2985,-0.29,-3.955));
#10335=VECTOR('',#12775,0.33);
#10336=CARTESIAN_POINT('',(5.7015,3.175,-3.955));
#10337=CARTESIAN_POINT('',(5.7015,3.175,-3.955));
#10338=VECTOR('',#12776,0.597);
#10339=CARTESIAN_POINT('',(5.7015,1.85,-3.955));
#10340=CARTESIAN_POINT('',(5.7015,1.85,-3.955));
#10341=VECTOR('',#12777,0.597);
#10342=CARTESIAN_POINT('',(5.7015,3.175,-3.955));
#10343=VECTOR('',#12778,1.325);
#10344=CARTESIAN_POINT('',(5.7015,1.21,-3.955));
#10345=CARTESIAN_POINT('',(5.7015,1.21,-3.955));
#10346=VECTOR('',#12779,0.597);
#10347=CARTESIAN_POINT('',(5.7015,0.35,-3.955));
#10348=CARTESIAN_POINT('',(5.7015,0.35,-3.955));
#10349=VECTOR('',#12780,0.597);
#10350=CARTESIAN_POINT('',(5.7015,1.21,-3.955));
#10351=VECTOR('',#12781,0.86);
#10352=CARTESIAN_POINT('',(5.7015,-1.15,-3.955));
#10353=CARTESIAN_POINT('',(5.7015,-1.15,-3.955));
#10354=VECTOR('',#12782,0.597);
#10355=CARTESIAN_POINT('',(5.7015,-0.29,-3.955));
#10356=CARTESIAN_POINT('',(5.7015,-0.29,-3.955));
#10357=VECTOR('',#12783,0.86);
#10358=CARTESIAN_POINT('',(5.7015,-0.29,-3.955));
#10359=VECTOR('',#12784,0.597);
#10360=CARTESIAN_POINT('',(5.7015,-1.79,-3.955));
#10361=CARTESIAN_POINT('',(5.7015,-1.79,-3.955));
#10362=VECTOR('',#12785,1.64);
#10363=CARTESIAN_POINT('',(5.7015,-1.79,-3.955));
#10364=VECTOR('',#12786,0.597);
#10365=CARTESIAN_POINT('',(5.7015,1.85,-4.955));
#10366=CARTESIAN_POINT('',(5.7015,1.85,-4.955));
#10367=VECTOR('',#12787,1.0);
#10368=CARTESIAN_POINT('',(5.7015,3.175,-4.955));
#10369=CARTESIAN_POINT('',(5.7015,1.85,-4.955));
#10370=VECTOR('',#12788,1.325);
#10371=CARTESIAN_POINT('',(5.7015,3.175,-4.955));
#10372=VECTOR('',#12789,1.0);
#10373=CARTESIAN_POINT('',(5.7015,0.35,-4.285));
#10374=VECTOR('',#12790,0.33);
#10375=CARTESIAN_POINT('',(5.7015,1.21,-4.285));
#10376=VECTOR('',#12791,0.33);
#10377=CARTESIAN_POINT('',(5.7015,-1.79,-4.285));
#10378=VECTOR('',#12792,0.33);
#10379=CARTESIAN_POINT('',(5.7015,-2.78,-4.955));
#10380=CARTESIAN_POINT('',(5.7015,-2.78,-4.955));
#10381=VECTOR('',#12793,0.65);
#10382=CARTESIAN_POINT('',(5.7015,-2.78,-4.955));
#10383=VECTOR('',#12794,0.67);
#10384=CARTESIAN_POINT('',(5.7015,-0.29,-4.285));
#10385=VECTOR('',#12795,0.33);
#10386=CARTESIAN_POINT('',(5.7015,-1.15,-4.285));
#10387=VECTOR('',#12796,0.33);
#10388=CARTESIAN_POINT('',(-7.805,3.175,-4.955));
#10389=CARTESIAN_POINT('',(-7.805,3.175,-4.955));
#10390=VECTOR('',#12797,1.5065);
#10391=CARTESIAN_POINT('',(-7.805,3.175,-3.105));
#10392=CARTESIAN_POINT('',(-7.805,3.175,-4.955));
#10393=VECTOR('',#12798,1.85);
#10394=CARTESIAN_POINT('',(7.805,3.175,-3.105));
#10395=CARTESIAN_POINT('',(-7.805,3.175,-3.105));
#10396=VECTOR('',#12799,15.61);
#10397=CARTESIAN_POINT('',(7.805,3.175,-4.955));
#10398=CARTESIAN_POINT('',(7.805,3.175,-3.105));
#10399=VECTOR('',#12800,1.85);
#10400=CARTESIAN_POINT('',(6.2985,3.175,-4.955));
#10401=VECTOR('',#12801,1.5065);
#10402=CARTESIAN_POINT('',(3.2985,3.175,-4.955));
#10403=CARTESIAN_POINT('',(3.2985,3.175,-4.955));
#10404=VECTOR('',#12802,2.403);
#10405=CARTESIAN_POINT('',(3.2985,3.175,-3.955));
#10406=CARTESIAN_POINT('',(3.2985,3.175,-4.955));
#10407=VECTOR('',#12803,1.0);
#10408=CARTESIAN_POINT('',(2.7015,3.175,-3.955));
#10409=CARTESIAN_POINT('',(2.7015,3.175,-3.955));
#10410=VECTOR('',#12804,0.597);
#10411=CARTESIAN_POINT('',(2.7015,3.175,-4.955));
#10412=CARTESIAN_POINT('',(2.7015,3.175,-4.955));
#10413=VECTOR('',#12805,1.0);
#10414=CARTESIAN_POINT('',(0.2985,3.175,-4.955));
#10415=CARTESIAN_POINT('',(0.2985,3.175,-4.955));
#10416=VECTOR('',#12806,2.403);
#10417=CARTESIAN_POINT('',(0.2985,3.175,-3.955));
#10418=CARTESIAN_POINT('',(0.2985,3.175,-4.955));
#10419=VECTOR('',#12807,1.0);
#10420=CARTESIAN_POINT('',(-0.2985,3.175,-3.955));
#10421=CARTESIAN_POINT('',(-0.2985,3.175,-3.955));
#10422=VECTOR('',#12808,0.597);
#10423=CARTESIAN_POINT('',(-0.2985,3.175,-4.955));
#10424=CARTESIAN_POINT('',(-0.2985,3.175,-4.955));
#10425=VECTOR('',#12809,1.0);
#10426=CARTESIAN_POINT('',(-2.7015,3.175,-4.955));
#10427=CARTESIAN_POINT('',(-2.7015,3.175,-4.955));
#10428=VECTOR('',#12810,2.403);
#10429=CARTESIAN_POINT('',(-2.7015,3.175,-3.955));
#10430=CARTESIAN_POINT('',(-2.7015,3.175,-4.955));
#10431=VECTOR('',#12811,1.0);
#10432=CARTESIAN_POINT('',(-3.2985,3.175,-3.955));
#10433=CARTESIAN_POINT('',(-3.2985,3.175,-3.955));
#10434=VECTOR('',#12812,0.597);
#10435=CARTESIAN_POINT('',(-3.2985,3.175,-4.955));
#10436=CARTESIAN_POINT('',(-3.2985,3.175,-4.955));
#10437=VECTOR('',#12813,1.0);
#10438=CARTESIAN_POINT('',(-5.7015,3.175,-4.955));
#10439=CARTESIAN_POINT('',(-5.7015,3.175,-4.955));
#10440=VECTOR('',#12814,2.403);
#10441=CARTESIAN_POINT('',(-5.7015,3.175,-3.955));
#10442=CARTESIAN_POINT('',(-5.7015,3.175,-4.955));
#10443=VECTOR('',#12815,1.0);
#10444=CARTESIAN_POINT('',(-6.2985,3.175,-3.955));
#10445=VECTOR('',#12816,0.597);
#10446=CARTESIAN_POINT('',(-5.7015,1.85,-3.955));
#10447=CARTESIAN_POINT('',(-5.7015,3.175,-3.955));
#10448=VECTOR('',#12817,1.325);
#10449=CARTESIAN_POINT('',(-6.2985,1.85,-3.955));
#10450=VECTOR('',#12818,0.597);
#10451=CARTESIAN_POINT('',(-5.7015,1.21,-3.955));
#10452=CARTESIAN_POINT('',(-6.2985,1.21,-3.955));
#10453=VECTOR('',#12819,0.597);
#10454=CARTESIAN_POINT('',(-5.7015,0.35,-3.955));
#10455=CARTESIAN_POINT('',(-5.7015,1.21,-3.955));
#10456=VECTOR('',#12820,0.86);
#10457=CARTESIAN_POINT('',(-6.2985,0.35,-3.955));
#10458=VECTOR('',#12821,0.597);
#10459=CARTESIAN_POINT('',(-5.7015,-0.29,-3.955));
#10460=CARTESIAN_POINT('',(-5.7015,-1.15,-3.955));
#10461=CARTESIAN_POINT('',(-5.7015,-0.29,-3.955));
#10462=VECTOR('',#12822,0.86);
#10463=CARTESIAN_POINT('',(-6.2985,-1.15,-3.955));
#10464=VECTOR('',#12823,0.597);
#10465=CARTESIAN_POINT('',(-6.2985,-0.29,-3.955));
#10466=VECTOR('',#12824,0.597);
#10467=CARTESIAN_POINT('',(-5.7015,-1.79,-3.955));
#10468=CARTESIAN_POINT('',(-5.7015,-1.79,-3.955));
#10469=VECTOR('',#12825,1.64);
#10470=CARTESIAN_POINT('',(-6.2985,-1.79,-3.955));
#10471=VECTOR('',#12826,0.597);
#10472=CARTESIAN_POINT('',(-5.68,1.85,-5.573266328441));
#10473=CARTESIAN_POINT('',(-6.32,1.85,-5.573266328441));
#10474=CARTESIAN_POINT('',(-5.68,1.85,-5.573266328441));
#10475=VECTOR('',#12827,0.64);
#10476=CARTESIAN_POINT('',(-6.32,1.85,-4.955));
#10477=CARTESIAN_POINT('',(-6.32,1.85,-5.573266328441));
#10478=VECTOR('',#12828,0.6182663284412);
#10479=CARTESIAN_POINT('',(-6.32,1.85,-4.955));
#10480=VECTOR('',#12829,0.0215);
#10481=CARTESIAN_POINT('',(-5.7015,1.85,-4.955));
#10482=CARTESIAN_POINT('',(-5.7015,1.85,-3.955));
#10483=VECTOR('',#12830,1.0);
#10484=CARTESIAN_POINT('',(-5.68,1.85,-4.955));
#10485=CARTESIAN_POINT('',(-5.7015,1.85,-4.955));
#10486=VECTOR('',#12831,0.0215);
#10487=CARTESIAN_POINT('',(-5.68,1.85,-5.573266328441));
#10488=VECTOR('',#12832,0.6182663284412);
#10489=CARTESIAN_POINT('',(-6.32,1.85,-1.645));
#10490=CARTESIAN_POINT('',(-6.32,1.85,2.555));
#10491=CARTESIAN_POINT('',(-6.32,1.85,-1.645));
#10492=VECTOR('',#12833,4.2);
#10493=CARTESIAN_POINT('',(-5.68,1.85,2.555));
#10494=CARTESIAN_POINT('',(-5.68,1.85,2.555));
#10495=VECTOR('',#12834,0.64);
#10496=CARTESIAN_POINT('',(-5.68,1.85,-1.645));
#10497=CARTESIAN_POINT('',(-5.68,1.85,-1.645));
#10498=VECTOR('',#12835,4.2);
#10499=CARTESIAN_POINT('',(-6.32,1.85,-1.645));
#10500=VECTOR('',#12836,0.64);
#10501=CARTESIAN_POINT('',(-5.68,-0.29,-4.955));
#10502=CARTESIAN_POINT('',(-5.68,-0.29,-4.285));
#10503=VECTOR('',#12837,0.67);
#10504=CARTESIAN_POINT('',(-5.68,0.35,-4.955));
#10505=CARTESIAN_POINT('',(-5.68,-0.29,-4.955));
#10506=VECTOR('',#12838,0.64);
#10507=CARTESIAN_POINT('',(-5.68,0.35,-4.955));
#10508=VECTOR('',#12839,0.67);
#10509=CARTESIAN_POINT('',(-5.68,1.21,-1.645));
#10510=CARTESIAN_POINT('',(-5.68,1.21,-1.645));
#10511=VECTOR('',#12840,0.64);
#10512=CARTESIAN_POINT('',(-5.68,1.21,2.555));
#10513=CARTESIAN_POINT('',(-5.68,1.85,2.555));
#10514=VECTOR('',#12841,0.64);
#10515=CARTESIAN_POINT('',(-5.68,1.21,2.555));
#10516=VECTOR('',#12842,4.2);
#10517=CARTESIAN_POINT('',(-5.68,1.6,-4.955));
#10518=CARTESIAN_POINT('',(-5.68,1.6,-4.955));
#10519=VECTOR('',#12843,0.25);
#10520=CARTESIAN_POINT('',(-5.68,1.6,-4.285));
#10521=VECTOR('',#12844,0.67);
#10522=CARTESIAN_POINT('',(-5.68,1.21,-5.573266328441));
#10523=CARTESIAN_POINT('',(-5.68,1.21,-4.285));
#10524=VECTOR('',#12845,1.288266328441);
#10525=CARTESIAN_POINT('',(-5.68,1.21,-7.045));
#10526=AXIS2_PLACEMENT_3D('',#12846,#12847,#12848);
#10527=CARTESIAN_POINT('',(-5.68,1.21,-7.295));
#10528=CARTESIAN_POINT('',(-5.68,1.21,-7.045));
#10529=VECTOR('',#12849,0.25);
#10530=CARTESIAN_POINT('',(-5.68,1.419435522388,-8.135));
#10531=CARTESIAN_POINT('',(-5.68,1.21,-7.295));
#10532=VECTOR('',#12850,0.8657154486539);
#10533=CARTESIAN_POINT('',(-5.68,1.640564477612,-8.135));
#10534=CARTESIAN_POINT('',(-5.68,1.419435522388,-8.135));
#10535=VECTOR('',#12851,0.2211289552235);
#10536=CARTESIAN_POINT('',(-5.68,1.85,-7.295));
#10537=CARTESIAN_POINT('',(-5.68,1.640564477612,-8.135));
#10538=VECTOR('',#12852,0.8657154486539);
#10539=CARTESIAN_POINT('',(-5.68,1.85,-7.045));
#10540=CARTESIAN_POINT('',(-5.68,1.85,-7.295));
#10541=VECTOR('',#12853,0.25);
#10542=AXIS2_PLACEMENT_3D('',#12854,#12855,#12856);
#10543=CARTESIAN_POINT('',(-5.68,-1.79,-1.645));
#10544=CARTESIAN_POINT('',(-5.68,-1.15,-1.645));
#10545=CARTESIAN_POINT('',(-5.68,-1.79,-1.645));
#10546=VECTOR('',#12857,0.64);
#10547=CARTESIAN_POINT('',(-5.68,-1.15,2.555));
#10548=CARTESIAN_POINT('',(-5.68,-1.15,-1.645));
#10549=VECTOR('',#12858,4.2);
#10550=CARTESIAN_POINT('',(-5.68,-1.79,2.555));
#10551=CARTESIAN_POINT('',(-5.68,-1.15,2.555));
#10552=VECTOR('',#12859,0.64);
#10553=CARTESIAN_POINT('',(-5.68,-1.79,2.555));
#10554=VECTOR('',#12860,4.2);
#10555=CARTESIAN_POINT('',(-5.68,-1.79,-5.573266328441));
#10556=CARTESIAN_POINT('',(-5.68,-1.79,-4.285));
#10557=VECTOR('',#12861,1.288266328441);
#10558=CARTESIAN_POINT('',(-5.68,-1.79,-7.045));
#10559=AXIS2_PLACEMENT_3D('',#12862,#12863,#12864);
#10560=CARTESIAN_POINT('',(-5.68,-1.79,-7.295));
#10561=CARTESIAN_POINT('',(-5.68,-1.79,-7.045));
#10562=VECTOR('',#12865,0.25);
#10563=CARTESIAN_POINT('',(-5.68,-1.580564477612,-8.135));
#10564=CARTESIAN_POINT('',(-5.68,-1.79,-7.295));
#10565=VECTOR('',#12866,0.8657154486539);
#10566=CARTESIAN_POINT('',(-5.68,-1.359435522388,-8.135));
#10567=CARTESIAN_POINT('',(-5.68,-1.580564477612,-8.135));
#10568=VECTOR('',#12867,0.2211289552235);
#10569=CARTESIAN_POINT('',(-5.68,-1.15,-7.295));
#10570=CARTESIAN_POINT('',(-5.68,-1.359435522388,-8.135));
#10571=VECTOR('',#12868,0.8657154486539);
#10572=CARTESIAN_POINT('',(-5.68,-1.15,-7.045));
#10573=CARTESIAN_POINT('',(-5.68,-1.15,-7.295));
#10574=VECTOR('',#12869,0.25);
#10575=CARTESIAN_POINT('',(-5.68,-1.15,-5.573266328441));
#10576=AXIS2_PLACEMENT_3D('',#12870,#12871,#12872);
#10577=CARTESIAN_POINT('',(-5.68,-1.15,-5.573266328441));
#10578=VECTOR('',#12873,1.288266328441);
#10579=CARTESIAN_POINT('',(-6.32,0.35,-4.955));
#10580=CARTESIAN_POINT('',(-5.68,0.35,-4.955));
#10581=VECTOR('',#12874,0.64);
#10582=CARTESIAN_POINT('',(-6.32,0.35,-4.955));
#10583=VECTOR('',#12875,0.67);
#10584=CARTESIAN_POINT('',(-5.7015,0.35,-3.955));
#10585=VECTOR('',#12876,0.33);
#10586=CARTESIAN_POINT('',(-5.7015,-2.78,-4.955));
#10587=CARTESIAN_POINT('',(-5.7015,-2.78,-4.955));
#10588=VECTOR('',#12877,0.67);
#10589=CARTESIAN_POINT('',(-5.7015,-2.78,-4.955));
#10590=VECTOR('',#12878,0.65);
#10591=CARTESIAN_POINT('',(-5.7015,-1.79,-3.955));
#10592=VECTOR('',#12879,0.33);
#10593=CARTESIAN_POINT('',(-5.7015,1.85,-4.955));
#10594=VECTOR('',#12880,1.325);
#10595=CARTESIAN_POINT('',(-5.7015,1.21,-3.955));
#10596=VECTOR('',#12881,0.33);
#10597=CARTESIAN_POINT('',(-5.7015,-1.15,-3.955));
#10598=VECTOR('',#12882,0.33);
#10599=CARTESIAN_POINT('',(-5.7015,-0.29,-3.955));
#10600=VECTOR('',#12883,0.33);
#10601=CARTESIAN_POINT('',(-6.32,-1.79,2.555));
#10602=CARTESIAN_POINT('',(-5.68,-1.79,2.555));
#10603=VECTOR('',#12884,0.64);
#10604=CARTESIAN_POINT('',(-6.32,-1.79,-1.645));
#10605=CARTESIAN_POINT('',(-6.32,-1.79,2.555));
#10606=VECTOR('',#12885,4.2);
#10607=CARTESIAN_POINT('',(-6.32,-1.79,-1.645));
#10608=VECTOR('',#12886,0.64);
#10609=CARTESIAN_POINT('',(-6.32,-1.79,-5.573266328441));
#10610=CARTESIAN_POINT('',(-6.32,-1.79,-4.285));
#10611=VECTOR('',#12887,1.288266328441);
#10612=CARTESIAN_POINT('',(-5.68,-1.79,-5.573266328441));
#10613=VECTOR('',#12888,0.64);
#10614=CARTESIAN_POINT('',(4.73,0.23,-1.645));
#10615=CARTESIAN_POINT('',(6.62,0.23,-1.645));
#10616=CARTESIAN_POINT('',(4.73,0.23,-1.645));
#10617=VECTOR('',#12889,1.89);
#10618=CARTESIAN_POINT('',(7.27,0.88,-1.645));
#10619=CARTESIAN_POINT('',(6.62,0.23,-1.645));
#10620=VECTOR('',#12890,0.9192388155425);
#10621=CARTESIAN_POINT('',(7.27,2.77,-1.645));
#10622=CARTESIAN_POINT('',(7.27,0.88,-1.645));
#10623=VECTOR('',#12891,1.89);
#10624=CARTESIAN_POINT('',(4.73,2.77,-1.645));
#10625=CARTESIAN_POINT('',(7.27,2.77,-1.645));
#10626=VECTOR('',#12892,2.54);
#10627=CARTESIAN_POINT('',(4.73,2.77,-1.645));
#10628=VECTOR('',#12893,2.54);
#10629=CARTESIAN_POINT('',(5.68,1.21,-1.645));
#10630=CARTESIAN_POINT('',(6.32,1.21,-1.645));
#10631=CARTESIAN_POINT('',(5.68,1.21,-1.645));
#10632=VECTOR('',#12894,0.64);
#10633=CARTESIAN_POINT('',(5.68,1.85,-1.645));
#10634=CARTESIAN_POINT('',(5.68,1.21,-1.645));
#10635=VECTOR('',#12895,0.64);
#10636=CARTESIAN_POINT('',(6.32,1.85,-1.645));
#10637=CARTESIAN_POINT('',(5.68,1.85,-1.645));
#10638=VECTOR('',#12896,0.64);
#10639=CARTESIAN_POINT('',(6.32,1.21,-1.645));
#10640=VECTOR('',#12897,0.64);
#10641=CARTESIAN_POINT('',(4.73,-0.2299999999999,-1.645));
#10642=CARTESIAN_POINT('',(4.73,-2.77,-1.645));
#10643=CARTESIAN_POINT('',(4.73,-0.2299999999999,-1.645));
#10644=VECTOR('',#12898,2.54);
#10645=CARTESIAN_POINT('',(7.27,-2.77,-1.645));
#10646=CARTESIAN_POINT('',(4.73,-2.77,-1.645));
#10647=VECTOR('',#12899,2.54);
#10648=CARTESIAN_POINT('',(7.27,-0.2299999999999,-1.645));
#10649=CARTESIAN_POINT('',(7.27,-2.77,-1.645));
#10650=VECTOR('',#12900,2.54);
#10651=CARTESIAN_POINT('',(7.27,-0.2299999999999,-1.645));
#10652=VECTOR('',#12901,2.54);
#10653=CARTESIAN_POINT('',(5.68,-1.79,-1.645));
#10654=CARTESIAN_POINT('',(6.32,-1.79,-1.645));
#10655=CARTESIAN_POINT('',(5.68,-1.79,-1.645));
#10656=VECTOR('',#12902,0.64);
#10657=CARTESIAN_POINT('',(5.68,-1.15,-1.645));
#10658=CARTESIAN_POINT('',(5.68,-1.79,-1.645));
#10659=VECTOR('',#12903,0.64);
#10660=CARTESIAN_POINT('',(6.32,-1.15,-1.645));
#10661=CARTESIAN_POINT('',(5.68,-1.15,-1.645));
#10662=VECTOR('',#12904,0.64);
#10663=CARTESIAN_POINT('',(6.32,-1.79,-1.645));
#10664=VECTOR('',#12905,0.64);
#10665=CARTESIAN_POINT('',(1.73,-2.12,-1.645));
#10666=CARTESIAN_POINT('',(2.38,-2.77,-1.645));
#10667=CARTESIAN_POINT('',(1.73,-2.12,-1.645));
#10668=VECTOR('',#12906,0.9192388155425);
#10669=CARTESIAN_POINT('',(4.27,-2.77,-1.645));
#10670=CARTESIAN_POINT('',(2.38,-2.77,-1.645));
#10671=VECTOR('',#12907,1.89);
#10672=CARTESIAN_POINT('',(4.27,-0.2299999999999,-1.645));
#10673=CARTESIAN_POINT('',(4.27,-2.77,-1.645));
#10674=VECTOR('',#12908,2.54);
#10675=CARTESIAN_POINT('',(1.73,-0.2299999999999,-1.645));
#10676=CARTESIAN_POINT('',(4.27,-0.2299999999999,-1.645));
#10677=VECTOR('',#12909,2.54);
#10678=CARTESIAN_POINT('',(1.73,-0.2299999999999,-1.645));
#10679=VECTOR('',#12910,1.89);
#10680=CARTESIAN_POINT('',(2.68,-1.79,-1.645));
#10681=CARTESIAN_POINT('',(3.32,-1.79,-1.645));
#10682=CARTESIAN_POINT('',(2.68,-1.79,-1.645));
#10683=VECTOR('',#12911,0.64);
#10684=CARTESIAN_POINT('',(2.68,-1.15,-1.645));
#10685=CARTESIAN_POINT('',(2.68,-1.79,-1.645));
#10686=VECTOR('',#12912,0.64);
#10687=CARTESIAN_POINT('',(3.32,-1.15,-1.645));
#10688=CARTESIAN_POINT('',(2.68,-1.15,-1.645));
#10689=VECTOR('',#12913,0.64);
#10690=CARTESIAN_POINT('',(3.32,-1.79,-1.645));
#10691=VECTOR('',#12914,0.64);
#10692=CARTESIAN_POINT('',(3.62,0.23,-1.645));
#10693=CARTESIAN_POINT('',(4.27,0.88,-1.645));
#10694=CARTESIAN_POINT('',(3.62,0.23,-1.645));
#10695=VECTOR('',#12915,0.9192388155425);
#10696=CARTESIAN_POINT('',(4.27,2.77,-1.645));
#10697=CARTESIAN_POINT('',(4.27,0.88,-1.645));
#10698=VECTOR('',#12916,1.89);
#10699=CARTESIAN_POINT('',(1.73,2.77,-1.645));
#10700=CARTESIAN_POINT('',(4.27,2.77,-1.645));
#10701=VECTOR('',#12917,2.54);
#10702=CARTESIAN_POINT('',(1.73,0.23,-1.645));
#10703=CARTESIAN_POINT('',(1.73,2.77,-1.645));
#10704=VECTOR('',#12918,2.54);
#10705=CARTESIAN_POINT('',(1.73,0.23,-1.645));
#10706=VECTOR('',#12919,1.89);
#10707=CARTESIAN_POINT('',(2.68,1.21,-1.645));
#10708=CARTESIAN_POINT('',(3.32,1.21,-1.645));
#10709=CARTESIAN_POINT('',(2.68,1.21,-1.645));
#10710=VECTOR('',#12920,0.64);
#10711=CARTESIAN_POINT('',(2.68,1.85,-1.645));
#10712=CARTESIAN_POINT('',(2.68,1.21,-1.645));
#10713=VECTOR('',#12921,0.64);
#10714=CARTESIAN_POINT('',(3.32,1.85,-1.645));
#10715=CARTESIAN_POINT('',(2.68,1.85,-1.645));
#10716=VECTOR('',#12922,0.64);
#10717=CARTESIAN_POINT('',(3.32,1.21,-1.645));
#10718=VECTOR('',#12923,0.64);
#10719=CARTESIAN_POINT('',(0.62,0.23,-1.645));
#10720=CARTESIAN_POINT('',(1.27,0.88,-1.645));
#10721=CARTESIAN_POINT('',(0.62,0.23,-1.645));
#10722=VECTOR('',#12924,0.9192388155425);
#10723=CARTESIAN_POINT('',(1.27,2.77,-1.645));
#10724=CARTESIAN_POINT('',(1.27,0.88,-1.645));
#10725=VECTOR('',#12925,1.89);
#10726=CARTESIAN_POINT('',(-1.27,2.77,-1.645));
#10727=CARTESIAN_POINT('',(1.27,2.77,-1.645));
#10728=VECTOR('',#12926,2.54);
#10729=CARTESIAN_POINT('',(-1.27,0.23,-1.645));
#10730=CARTESIAN_POINT('',(-1.27,2.77,-1.645));
#10731=VECTOR('',#12927,2.54);
#10732=CARTESIAN_POINT('',(-1.27,0.23,-1.645));
#10733=VECTOR('',#12928,1.89);
#10734=CARTESIAN_POINT('',(-0.32,1.21,-1.645));
#10735=CARTESIAN_POINT('',(0.32,1.21,-1.645));
#10736=CARTESIAN_POINT('',(-0.32,1.21,-1.645));
#10737=VECTOR('',#12929,0.64);
#10738=CARTESIAN_POINT('',(-0.32,1.85,-1.645));
#10739=CARTESIAN_POINT('',(-0.32,1.21,-1.645));
#10740=VECTOR('',#12930,0.64);
#10741=CARTESIAN_POINT('',(0.32,1.85,-1.645));
#10742=CARTESIAN_POINT('',(-0.32,1.85,-1.645));
#10743=VECTOR('',#12931,0.64);
#10744=CARTESIAN_POINT('',(0.32,1.21,-1.645));
#10745=VECTOR('',#12932,0.64);
#10746=CARTESIAN_POINT('',(-1.27,-0.2299999999999,-1.645));
#10747=CARTESIAN_POINT('',(-1.27,-2.12,-1.645));
#10748=CARTESIAN_POINT('',(-1.27,-0.2299999999999,-1.645));
#10749=VECTOR('',#12933,1.89);
#10750=CARTESIAN_POINT('',(-0.62,-2.77,-1.645));
#10751=CARTESIAN_POINT('',(-1.27,-2.12,-1.645));
#10752=VECTOR('',#12934,0.9192388155425);
#10753=CARTESIAN_POINT('',(1.27,-2.77,-1.645));
#10754=CARTESIAN_POINT('',(-0.62,-2.77,-1.645));
#10755=VECTOR('',#12935,1.89);
#10756=CARTESIAN_POINT('',(1.27,-0.2299999999999,-1.645));
#10757=CARTESIAN_POINT('',(1.27,-2.77,-1.645));
#10758=VECTOR('',#12936,2.54);
#10759=CARTESIAN_POINT('',(1.27,-0.2299999999999,-1.645));
#10760=VECTOR('',#12937,2.54);
#10761=CARTESIAN_POINT('',(-0.32,-1.79,-1.645));
#10762=CARTESIAN_POINT('',(0.32,-1.79,-1.645));
#10763=CARTESIAN_POINT('',(-0.32,-1.79,-1.645));
#10764=VECTOR('',#12938,0.64);
#10765=CARTESIAN_POINT('',(-0.32,-1.15,-1.645));
#10766=CARTESIAN_POINT('',(-0.32,-1.79,-1.645));
#10767=VECTOR('',#12939,0.64);
#10768=CARTESIAN_POINT('',(0.32,-1.15,-1.645));
#10769=CARTESIAN_POINT('',(-0.32,-1.15,-1.645));
#10770=VECTOR('',#12940,0.64);
#10771=CARTESIAN_POINT('',(0.32,-1.79,-1.645));
#10772=VECTOR('',#12941,0.64);
#10773=CARTESIAN_POINT('',(-2.38,-2.77,-1.645));
#10774=CARTESIAN_POINT('',(-1.73,-2.12,-1.645));
#10775=CARTESIAN_POINT('',(-2.38,-2.77,-1.645));
#10776=VECTOR('',#12942,0.9192388155425);
#10777=CARTESIAN_POINT('',(-1.73,-0.2299999999999,-1.645));
#10778=CARTESIAN_POINT('',(-1.73,-2.12,-1.645));
#10779=VECTOR('',#12943,1.89);
#10780=CARTESIAN_POINT('',(-4.27,-0.2299999999999,-1.645));
#10781=CARTESIAN_POINT('',(-1.73,-0.2299999999999,-1.645));
#10782=VECTOR('',#12944,2.54);
#10783=CARTESIAN_POINT('',(-4.27,-2.77,-1.645));
#10784=CARTESIAN_POINT('',(-4.27,-0.2299999999999,-1.645));
#10785=VECTOR('',#12945,2.54);
#10786=CARTESIAN_POINT('',(-4.27,-2.77,-1.645));
#10787=VECTOR('',#12946,1.89);
#10788=CARTESIAN_POINT('',(-3.32,-1.79,-1.645));
#10789=CARTESIAN_POINT('',(-2.68,-1.79,-1.645));
#10790=CARTESIAN_POINT('',(-3.32,-1.79,-1.645));
#10791=VECTOR('',#12947,0.64);
#10792=CARTESIAN_POINT('',(-3.32,-1.15,-1.645));
#10793=CARTESIAN_POINT('',(-3.32,-1.79,-1.645));
#10794=VECTOR('',#12948,0.64);
#10795=CARTESIAN_POINT('',(-2.68,-1.15,-1.645));
#10796=CARTESIAN_POINT('',(-3.32,-1.15,-1.645));
#10797=VECTOR('',#12949,0.64);
#10798=CARTESIAN_POINT('',(-2.68,-1.79,-1.645));
#10799=VECTOR('',#12950,0.64);
#10800=CARTESIAN_POINT('',(-2.38,0.23,-1.645));
#10801=CARTESIAN_POINT('',(-1.73,0.88,-1.645));
#10802=CARTESIAN_POINT('',(-2.38,0.23,-1.645));
#10803=VECTOR('',#12951,0.9192388155425);
#10804=CARTESIAN_POINT('',(-1.73,2.77,-1.645));
#10805=CARTESIAN_POINT('',(-1.73,0.88,-1.645));
#10806=VECTOR('',#12952,1.89);
#10807=CARTESIAN_POINT('',(-4.27,2.77,-1.645));
#10808=CARTESIAN_POINT('',(-1.73,2.77,-1.645));
#10809=VECTOR('',#12953,2.54);
#10810=CARTESIAN_POINT('',(-4.27,0.23,-1.645));
#10811=CARTESIAN_POINT('',(-4.27,2.77,-1.645));
#10812=VECTOR('',#12954,2.54);
#10813=CARTESIAN_POINT('',(-4.27,0.23,-1.645));
#10814=VECTOR('',#12955,1.89);
#10815=CARTESIAN_POINT('',(-3.32,1.21,-1.645));
#10816=CARTESIAN_POINT('',(-2.68,1.21,-1.645));
#10817=CARTESIAN_POINT('',(-3.32,1.21,-1.645));
#10818=VECTOR('',#12956,0.64);
#10819=CARTESIAN_POINT('',(-3.32,1.85,-1.645));
#10820=CARTESIAN_POINT('',(-3.32,1.21,-1.645));
#10821=VECTOR('',#12957,0.64);
#10822=CARTESIAN_POINT('',(-2.68,1.85,-1.645));
#10823=CARTESIAN_POINT('',(-3.32,1.85,-1.645));
#10824=VECTOR('',#12958,0.64);
#10825=CARTESIAN_POINT('',(-2.68,1.21,-1.645));
#10826=VECTOR('',#12959,0.64);
#10827=CARTESIAN_POINT('',(-7.27,-0.2299999999999,-1.645));
#10828=CARTESIAN_POINT('',(-7.27,-2.12,-1.645));
#10829=CARTESIAN_POINT('',(-7.27,-0.2299999999999,-1.645));
#10830=VECTOR('',#12960,1.89);
#10831=CARTESIAN_POINT('',(-6.62,-2.77,-1.645));
#10832=CARTESIAN_POINT('',(-7.27,-2.12,-1.645));
#10833=VECTOR('',#12961,0.9192388155425);
#10834=CARTESIAN_POINT('',(-4.73,-2.77,-1.645));
#10835=CARTESIAN_POINT('',(-6.62,-2.77,-1.645));
#10836=VECTOR('',#12962,1.89);
#10837=CARTESIAN_POINT('',(-4.73,-0.2299999999999,-1.645));
#10838=CARTESIAN_POINT('',(-4.73,-2.77,-1.645));
#10839=VECTOR('',#12963,2.54);
#10840=CARTESIAN_POINT('',(-4.73,-0.2299999999999,-1.645));
#10841=VECTOR('',#12964,2.54);
#10842=CARTESIAN_POINT('',(-6.32,-1.15,-1.645));
#10843=CARTESIAN_POINT('',(-6.32,-1.79,-1.645));
#10844=VECTOR('',#12965,0.64);
#10845=CARTESIAN_POINT('',(-6.32,-1.15,-1.645));
#10846=VECTOR('',#12966,0.64);
#10847=CARTESIAN_POINT('',(-4.73,0.23,-1.645));
#10848=CARTESIAN_POINT('',(-4.73,2.77,-1.645));
#10849=CARTESIAN_POINT('',(-4.73,0.23,-1.645));
#10850=VECTOR('',#12967,2.54);
#10851=CARTESIAN_POINT('',(-7.27,2.77,-1.645));
#10852=CARTESIAN_POINT('',(-4.73,2.77,-1.645));
#10853=VECTOR('',#12968,2.54);
#10854=CARTESIAN_POINT('',(-7.27,0.88,-1.645));
#10855=CARTESIAN_POINT('',(-7.27,2.77,-1.645));
#10856=VECTOR('',#12969,1.89);
#10857=CARTESIAN_POINT('',(-6.62,0.23,-1.645));
#10858=CARTESIAN_POINT('',(-7.27,0.88,-1.645));
#10859=VECTOR('',#12970,0.9192388155425);
#10860=CARTESIAN_POINT('',(-6.62,0.23,-1.645));
#10861=VECTOR('',#12971,1.89);
#10862=CARTESIAN_POINT('',(-6.32,1.21,-1.645));
#10863=CARTESIAN_POINT('',(-6.32,1.21,-1.645));
#10864=VECTOR('',#12972,0.64);
#10865=CARTESIAN_POINT('',(-6.32,1.21,-1.645));
#10866=VECTOR('',#12973,0.64);
#10867=CARTESIAN_POINT('',(4.73,0.23,4.955));
#10868=VECTOR('',#12974,6.6);
#10869=CARTESIAN_POINT('',(4.73,2.77,4.955));
#10870=VECTOR('',#12975,6.6);
#10871=CARTESIAN_POINT('',(7.27,2.77,4.955));
#10872=VECTOR('',#12976,6.6);
#10873=CARTESIAN_POINT('',(7.27,0.88,4.955));
#10874=VECTOR('',#12977,6.6);
#10875=CARTESIAN_POINT('',(6.62,0.23,4.955));
#10876=VECTOR('',#12978,6.6);
#10877=CARTESIAN_POINT('',(4.73,-0.2299999999999,4.955));
#10878=VECTOR('',#12979,6.6);
#10879=CARTESIAN_POINT('',(7.27,-0.2299999999999,4.955));
#10880=VECTOR('',#12980,6.6);
#10881=CARTESIAN_POINT('',(7.27,-2.77,4.955));
#10882=VECTOR('',#12981,6.6);
#10883=CARTESIAN_POINT('',(4.73,-2.77,4.955));
#10884=VECTOR('',#12982,6.6);
#10885=CARTESIAN_POINT('',(1.73,-2.12,4.955));
#10886=VECTOR('',#12983,6.6);
#10887=CARTESIAN_POINT('',(1.73,-0.2299999999999,4.955));
#10888=VECTOR('',#12984,6.6);
#10889=CARTESIAN_POINT('',(4.27,-0.2299999999999,4.955));
#10890=VECTOR('',#12985,6.6);
#10891=CARTESIAN_POINT('',(4.27,-2.77,4.955));
#10892=VECTOR('',#12986,6.6);
#10893=CARTESIAN_POINT('',(2.38,-2.77,4.955));
#10894=VECTOR('',#12987,6.6);
#10895=CARTESIAN_POINT('',(3.62,0.23,4.955));
#10896=VECTOR('',#12988,6.6);
#10897=CARTESIAN_POINT('',(1.73,0.23,4.955));
#10898=VECTOR('',#12989,6.6);
#10899=CARTESIAN_POINT('',(1.73,2.77,4.955));
#10900=VECTOR('',#12990,6.6);
#10901=CARTESIAN_POINT('',(4.27,2.77,4.955));
#10902=VECTOR('',#12991,6.6);
#10903=CARTESIAN_POINT('',(4.27,0.88,4.955));
#10904=VECTOR('',#12992,6.6);
#10905=CARTESIAN_POINT('',(0.62,0.23,4.955));
#10906=VECTOR('',#12993,6.6);
#10907=CARTESIAN_POINT('',(-1.27,0.23,4.955));
#10908=VECTOR('',#12994,6.6);
#10909=CARTESIAN_POINT('',(-1.27,2.77,4.955));
#10910=VECTOR('',#12995,6.6);
#10911=CARTESIAN_POINT('',(1.27,2.77,4.955));
#10912=VECTOR('',#12996,6.6);
#10913=CARTESIAN_POINT('',(1.27,0.88,4.955));
#10914=VECTOR('',#12997,6.6);
#10915=CARTESIAN_POINT('',(-1.27,-0.2299999999999,4.955));
#10916=VECTOR('',#12998,6.6);
#10917=CARTESIAN_POINT('',(1.27,-0.2299999999999,4.955));
#10918=VECTOR('',#12999,6.6);
#10919=CARTESIAN_POINT('',(1.27,-2.77,4.955));
#10920=VECTOR('',#13000,6.6);
#10921=CARTESIAN_POINT('',(-0.62,-2.77,4.955));
#10922=VECTOR('',#13001,6.6);
#10923=CARTESIAN_POINT('',(-1.27,-2.12,4.955));
#10924=VECTOR('',#13002,6.6);
#10925=CARTESIAN_POINT('',(-2.38,-2.77,4.955));
#10926=VECTOR('',#13003,6.6);
#10927=CARTESIAN_POINT('',(-4.27,-2.77,4.955));
#10928=VECTOR('',#13004,6.6);
#10929=CARTESIAN_POINT('',(-4.27,-0.2299999999999,4.955));
#10930=VECTOR('',#13005,6.6);
#10931=CARTESIAN_POINT('',(-1.73,-0.2299999999999,4.955));
#10932=VECTOR('',#13006,6.6);
#10933=CARTESIAN_POINT('',(-1.73,-2.12,4.955));
#10934=VECTOR('',#13007,6.6);
#10935=CARTESIAN_POINT('',(-2.38,0.23,4.955));
#10936=VECTOR('',#13008,6.6);
#10937=CARTESIAN_POINT('',(-4.27,0.23,4.955));
#10938=VECTOR('',#13009,6.6);
#10939=CARTESIAN_POINT('',(-4.27,2.77,4.955));
#10940=VECTOR('',#13010,6.6);
#10941=CARTESIAN_POINT('',(-1.73,2.77,4.955));
#10942=VECTOR('',#13011,6.6);
#10943=CARTESIAN_POINT('',(-1.73,0.88,4.955));
#10944=VECTOR('',#13012,6.6);
#10945=CARTESIAN_POINT('',(-7.27,-0.2299999999999,4.955));
#10946=VECTOR('',#13013,6.6);
#10947=CARTESIAN_POINT('',(-4.73,-0.2299999999999,4.955));
#10948=VECTOR('',#13014,6.6);
#10949=CARTESIAN_POINT('',(-4.73,-2.77,4.955));
#10950=VECTOR('',#13015,6.6);
#10951=CARTESIAN_POINT('',(-6.62,-2.77,4.955));
#10952=VECTOR('',#13016,6.6);
#10953=CARTESIAN_POINT('',(-7.27,-2.12,4.955));
#10954=VECTOR('',#13017,6.6);
#10955=CARTESIAN_POINT('',(-4.73,0.23,4.955));
#10956=VECTOR('',#13018,6.6);
#10957=CARTESIAN_POINT('',(-6.62,0.23,4.955));
#10958=VECTOR('',#13019,6.6);
#10959=CARTESIAN_POINT('',(-7.27,0.88,4.955));
#10960=VECTOR('',#13020,6.6);
#10961=CARTESIAN_POINT('',(-7.27,2.77,4.955));
#10962=VECTOR('',#13021,6.6);
#10963=CARTESIAN_POINT('',(-4.73,2.77,4.955));
#10964=VECTOR('',#13022,6.6);
#10965=CARTESIAN_POINT('',(6.32,-0.29,-4.955));
#10966=CARTESIAN_POINT('',(6.32,-0.29,-4.285));
#10967=VECTOR('',#13023,0.67);
#10968=CARTESIAN_POINT('',(6.32,0.35,-4.955));
#10969=CARTESIAN_POINT('',(6.32,-0.29,-4.955));
#10970=VECTOR('',#13024,0.64);
#10971=CARTESIAN_POINT('',(6.32,0.35,-4.955));
#10972=VECTOR('',#13025,0.67);
#10973=CARTESIAN_POINT('',(6.32,1.85,2.555));
#10974=CARTESIAN_POINT('',(6.32,1.85,-1.645));
#10975=VECTOR('',#13026,4.2);
#10976=CARTESIAN_POINT('',(6.32,1.21,2.555));
#10977=CARTESIAN_POINT('',(6.32,1.85,2.555));
#10978=VECTOR('',#13027,0.64);
#10979=CARTESIAN_POINT('',(6.32,1.21,2.555));
#10980=VECTOR('',#13028,4.2);
#10981=CARTESIAN_POINT('',(6.32,1.6,-4.955));
#10982=CARTESIAN_POINT('',(6.32,1.85,-4.955));
#10983=CARTESIAN_POINT('',(6.32,1.6,-4.955));
#10984=VECTOR('',#13029,0.25);
#10985=CARTESIAN_POINT('',(6.32,1.6,-4.285));
#10986=VECTOR('',#13030,0.67);
#10987=CARTESIAN_POINT('',(6.32,1.21,-5.573266328441));
#10988=CARTESIAN_POINT('',(6.32,1.21,-4.285));
#10989=VECTOR('',#13031,1.288266328441);
#10990=CARTESIAN_POINT('',(6.32,1.21,-7.045));
#10991=AXIS2_PLACEMENT_3D('',#13032,#13033,#13034);
#10992=CARTESIAN_POINT('',(6.32,1.21,-7.295));
#10993=CARTESIAN_POINT('',(6.32,1.21,-7.045));
#10994=VECTOR('',#13035,0.25);
#10995=CARTESIAN_POINT('',(6.32,1.419435522388,-8.135));
#10996=CARTESIAN_POINT('',(6.32,1.21,-7.295));
#10997=VECTOR('',#13036,0.8657154486539);
#10998=CARTESIAN_POINT('',(6.32,1.640564477612,-8.135));
#10999=CARTESIAN_POINT('',(6.32,1.419435522388,-8.135));
#11000=VECTOR('',#13037,0.2211289552235);
#11001=CARTESIAN_POINT('',(6.32,1.85,-7.295));
#11002=CARTESIAN_POINT('',(6.32,1.640564477612,-8.135));
#11003=VECTOR('',#13038,0.8657154486539);
#11004=CARTESIAN_POINT('',(6.32,1.85,-7.045));
#11005=CARTESIAN_POINT('',(6.32,1.85,-7.295));
#11006=VECTOR('',#13039,0.25);
#11007=CARTESIAN_POINT('',(6.32,1.85,-5.573266328441));
#11008=AXIS2_PLACEMENT_3D('',#13040,#13041,#13042);
#11009=CARTESIAN_POINT('',(6.32,1.85,-5.573266328441));
#11010=VECTOR('',#13043,0.6182663284412);
#11011=CARTESIAN_POINT('',(6.32,-1.15,2.555));
#11012=CARTESIAN_POINT('',(6.32,-1.15,-1.645));
#11013=VECTOR('',#13044,4.2);
#11014=CARTESIAN_POINT('',(6.32,-1.79,2.555));
#11015=CARTESIAN_POINT('',(6.32,-1.15,2.555));
#11016=VECTOR('',#13045,0.64);
#11017=CARTESIAN_POINT('',(6.32,-1.79,2.555));
#11018=VECTOR('',#13046,4.2);
#11019=CARTESIAN_POINT('',(6.32,-1.79,-5.573266328441));
#11020=CARTESIAN_POINT('',(6.32,-1.79,-4.285));
#11021=VECTOR('',#13047,1.288266328441);
#11022=CARTESIAN_POINT('',(6.32,-1.79,-7.045));
#11023=AXIS2_PLACEMENT_3D('',#13048,#13049,#13050);
#11024=CARTESIAN_POINT('',(6.32,-1.79,-7.295));
#11025=CARTESIAN_POINT('',(6.32,-1.79,-7.045));
#11026=VECTOR('',#13051,0.25);
#11027=CARTESIAN_POINT('',(6.32,-1.580564477612,-8.135));
#11028=CARTESIAN_POINT('',(6.32,-1.79,-7.295));
#11029=VECTOR('',#13052,0.8657154486539);
#11030=CARTESIAN_POINT('',(6.32,-1.359435522388,-8.135));
#11031=CARTESIAN_POINT('',(6.32,-1.580564477612,-8.135));
#11032=VECTOR('',#13053,0.2211289552235);
#11033=CARTESIAN_POINT('',(6.32,-1.15,-7.295));
#11034=CARTESIAN_POINT('',(6.32,-1.359435522388,-8.135));
#11035=VECTOR('',#13054,0.8657154486539);
#11036=CARTESIAN_POINT('',(6.32,-1.15,-7.045));
#11037=CARTESIAN_POINT('',(6.32,-1.15,-7.295));
#11038=VECTOR('',#13055,0.25);
#11039=CARTESIAN_POINT('',(6.32,-1.15,-5.573266328441));
#11040=AXIS2_PLACEMENT_3D('',#13056,#13057,#13058);
#11041=CARTESIAN_POINT('',(6.32,-1.15,-5.573266328441));
#11042=VECTOR('',#13059,1.288266328441);
#11043=CARTESIAN_POINT('',(5.68,0.35,-4.955));
#11044=CARTESIAN_POINT('',(6.32,0.35,-4.955));
#11045=VECTOR('',#13060,0.64);
#11046=CARTESIAN_POINT('',(5.68,0.35,-4.955));
#11047=VECTOR('',#13061,0.67);
#11048=CARTESIAN_POINT('',(5.68,1.6,-4.955));
#11049=CARTESIAN_POINT('',(5.68,1.6,-4.285));
#11050=VECTOR('',#13062,0.67);
#11051=CARTESIAN_POINT('',(5.68,1.85,-4.955));
#11052=CARTESIAN_POINT('',(5.68,1.6,-4.955));
#11053=VECTOR('',#13063,0.25);
#11054=CARTESIAN_POINT('',(5.68,1.85,-5.573266328441));
#11055=CARTESIAN_POINT('',(5.68,1.85,-5.573266328441));
#11056=VECTOR('',#13064,0.6182663284412);
#11057=CARTESIAN_POINT('',(5.68,1.85,-7.045));
#11058=AXIS2_PLACEMENT_3D('',#13065,#13066,#13067);
#11059=CARTESIAN_POINT('',(5.68,1.85,-7.295));
#11060=CARTESIAN_POINT('',(5.68,1.85,-7.295));
#11061=VECTOR('',#13068,0.25);
#11062=CARTESIAN_POINT('',(5.68,1.640564477612,-8.135));
#11063=CARTESIAN_POINT('',(5.68,1.640564477612,-8.135));
#11064=VECTOR('',#13069,0.8657154486539);
#11065=CARTESIAN_POINT('',(5.68,1.419435522388,-8.135));
#11066=CARTESIAN_POINT('',(5.68,1.419435522388,-8.135));
#11067=VECTOR('',#13070,0.2211289552235);
#11068=CARTESIAN_POINT('',(5.68,1.21,-7.295));
#11069=CARTESIAN_POINT('',(5.68,1.21,-7.295));
#11070=VECTOR('',#13071,0.8657154486539);
#11071=CARTESIAN_POINT('',(5.68,1.21,-7.045));
#11072=CARTESIAN_POINT('',(5.68,1.21,-7.045));
#11073=VECTOR('',#13072,0.25);
#11074=CARTESIAN_POINT('',(5.68,1.21,-5.573266328441));
#11075=AXIS2_PLACEMENT_3D('',#13073,#13074,#13075);
#11076=CARTESIAN_POINT('',(5.68,1.21,-4.285));
#11077=VECTOR('',#13076,1.288266328441);
#11078=CARTESIAN_POINT('',(5.68,-0.29,-4.955));
#11079=CARTESIAN_POINT('',(5.68,-0.29,-4.955));
#11080=VECTOR('',#13077,0.64);
#11081=CARTESIAN_POINT('',(5.68,-0.29,-4.285));
#11082=VECTOR('',#13078,0.67);
#11083=CARTESIAN_POINT('',(5.68,1.85,2.555));
#11084=CARTESIAN_POINT('',(5.68,1.21,2.555));
#11085=CARTESIAN_POINT('',(5.68,1.85,2.555));
#11086=VECTOR('',#13079,0.64);
#11087=CARTESIAN_POINT('',(5.68,1.85,-1.645));
#11088=VECTOR('',#13080,4.2);
#11089=CARTESIAN_POINT('',(5.68,1.21,2.555));
#11090=VECTOR('',#13081,4.2);
#11091=CARTESIAN_POINT('',(5.68,-1.15,2.555));
#11092=CARTESIAN_POINT('',(5.68,-1.79,2.555));
#11093=CARTESIAN_POINT('',(5.68,-1.15,2.555));
#11094=VECTOR('',#13082,0.64);
#11095=CARTESIAN_POINT('',(5.68,-1.15,-1.645));
#11096=VECTOR('',#13083,4.2);
#11097=CARTESIAN_POINT('',(5.68,-1.79,2.555));
#11098=VECTOR('',#13084,4.2);
#11099=CARTESIAN_POINT('',(5.68,-1.15,-7.045));
#11100=CARTESIAN_POINT('',(5.68,-1.15,-5.573266328441));
#11101=AXIS2_PLACEMENT_3D('',#13085,#13086,#13087);
#11102=CARTESIAN_POINT('',(5.68,-1.15,-7.295));
#11103=CARTESIAN_POINT('',(5.68,-1.15,-7.295));
#11104=VECTOR('',#13088,0.25);
#11105=CARTESIAN_POINT('',(5.68,-1.359435522388,-8.135));
#11106=CARTESIAN_POINT('',(5.68,-1.359435522388,-8.135));
#11107=VECTOR('',#13089,0.8657154486539);
#11108=CARTESIAN_POINT('',(5.68,-1.580564477612,-8.135));
#11109=CARTESIAN_POINT('',(5.68,-1.580564477612,-8.135));
#11110=VECTOR('',#13090,0.2211289552235);
#11111=CARTESIAN_POINT('',(5.68,-1.79,-7.295));
#11112=CARTESIAN_POINT('',(5.68,-1.79,-7.295));
#11113=VECTOR('',#13091,0.8657154486539);
#11114=CARTESIAN_POINT('',(5.68,-1.79,-7.045));
#11115=CARTESIAN_POINT('',(5.68,-1.79,-7.045));
#11116=VECTOR('',#13092,0.25);
#11117=CARTESIAN_POINT('',(5.68,-1.79,-5.573266328441));
#11118=AXIS2_PLACEMENT_3D('',#13093,#13094,#13095);
#11119=CARTESIAN_POINT('',(5.68,-1.79,-4.285));
#11120=VECTOR('',#13096,1.288266328441);
#11121=CARTESIAN_POINT('',(5.68,-1.15,-5.573266328441));
#11122=VECTOR('',#13097,1.288266328441);
#11123=CARTESIAN_POINT('',(6.32,1.21,2.555));
#11124=VECTOR('',#13098,0.64);
#11125=CARTESIAN_POINT('',(6.32,1.21,-5.573266328441));
#11126=VECTOR('',#13099,0.64);
#11127=CARTESIAN_POINT('',(6.32,1.85,2.555));
#11128=VECTOR('',#13100,0.64);
#11129=CARTESIAN_POINT('',(6.32,1.85,-5.573266328441));
#11130=VECTOR('',#13101,0.64);
#11131=CARTESIAN_POINT('',(5.68,1.85,-4.955));
#11132=VECTOR('',#13102,0.0215);
#11133=CARTESIAN_POINT('',(6.2985,1.85,-4.955));
#11134=VECTOR('',#13103,0.0215);
#11135=CARTESIAN_POINT('',(7.805,3.43,-4.955));
#11136=CARTESIAN_POINT('',(7.805,3.175,-4.955));
#11137=VECTOR('',#13104,0.255);
#11138=CARTESIAN_POINT('',(9.575,3.43,-4.955));
#11139=CARTESIAN_POINT('',(9.575,3.43,-4.955));
#11140=VECTOR('',#13105,1.77);
#11141=CARTESIAN_POINT('',(9.575,1.6,-4.955));
#11142=CARTESIAN_POINT('',(9.575,1.6,-4.955));
#11143=VECTOR('',#13106,1.83);
#11144=CARTESIAN_POINT('',(9.575,1.6,-4.955));
#11145=VECTOR('',#13107,3.255);
#11146=CARTESIAN_POINT('',(9.43,2.47,-4.955));
#11147=CARTESIAN_POINT('',(8.57,2.47,-4.955));
#11148=AXIS2_PLACEMENT_3D('',#13108,#13109,#13110);
#11149=AXIS2_PLACEMENT_3D('',#13111,#13112,#13113);
#11150=CARTESIAN_POINT('',(3.32,1.6,-4.955));
#11151=CARTESIAN_POINT('',(5.68,1.6,-4.955));
#11152=VECTOR('',#13114,2.36);
#11153=CARTESIAN_POINT('',(3.32,1.85,-4.955));
#11154=CARTESIAN_POINT('',(3.32,1.6,-4.955));
#11155=VECTOR('',#13115,0.25);
#11156=CARTESIAN_POINT('',(3.2985,1.85,-4.955));
#11157=CARTESIAN_POINT('',(3.2985,1.85,-4.955));
#11158=VECTOR('',#13116,0.0215);
#11159=CARTESIAN_POINT('',(3.2985,1.85,-4.955));
#11160=VECTOR('',#13117,1.325);
#11161=CARTESIAN_POINT('',(2.7015,1.85,-4.955));
#11162=CARTESIAN_POINT('',(2.7015,1.85,-4.955));
#11163=VECTOR('',#13118,1.325);
#11164=CARTESIAN_POINT('',(2.68,1.85,-4.955));
#11165=CARTESIAN_POINT('',(2.68,1.85,-4.955));
#11166=VECTOR('',#13119,0.0215);
#11167=CARTESIAN_POINT('',(2.68,1.6,-4.955));
#11168=CARTESIAN_POINT('',(2.68,1.6,-4.955));
#11169=VECTOR('',#13120,0.25);
#11170=CARTESIAN_POINT('',(0.32,1.6,-4.955));
#11171=CARTESIAN_POINT('',(2.68,1.6,-4.955));
#11172=VECTOR('',#13121,2.36);
#11173=CARTESIAN_POINT('',(0.32,1.85,-4.955));
#11174=CARTESIAN_POINT('',(0.32,1.6,-4.955));
#11175=VECTOR('',#13122,0.25);
#11176=CARTESIAN_POINT('',(0.2985,1.85,-4.955));
#11177=CARTESIAN_POINT('',(0.2985,1.85,-4.955));
#11178=VECTOR('',#13123,0.0215);
#11179=CARTESIAN_POINT('',(0.2985,1.85,-4.955));
#11180=VECTOR('',#13124,1.325);
#11181=CARTESIAN_POINT('',(-0.2985,1.85,-4.955));
#11182=CARTESIAN_POINT('',(-0.2985,1.85,-4.955));
#11183=VECTOR('',#13125,1.325);
#11184=CARTESIAN_POINT('',(-0.32,1.85,-4.955));
#11185=CARTESIAN_POINT('',(-0.32,1.85,-4.955));
#11186=VECTOR('',#13126,0.0215);
#11187=CARTESIAN_POINT('',(-0.32,1.6,-4.955));
#11188=CARTESIAN_POINT('',(-0.32,1.6,-4.955));
#11189=VECTOR('',#13127,0.25);
#11190=CARTESIAN_POINT('',(-2.68,1.6,-4.955));
#11191=CARTESIAN_POINT('',(-0.32,1.6,-4.955));
#11192=VECTOR('',#13128,2.36);
#11193=CARTESIAN_POINT('',(-2.68,1.85,-4.955));
#11194=CARTESIAN_POINT('',(-2.68,1.6,-4.955));
#11195=VECTOR('',#13129,0.25);
#11196=CARTESIAN_POINT('',(-2.7015,1.85,-4.955));
#11197=CARTESIAN_POINT('',(-2.7015,1.85,-4.955));
#11198=VECTOR('',#13130,0.0215);
#11199=CARTESIAN_POINT('',(-2.7015,1.85,-4.955));
#11200=VECTOR('',#13131,1.325);
#11201=CARTESIAN_POINT('',(-6.32,1.6,-4.955));
#11202=CARTESIAN_POINT('',(-6.32,1.6,-4.955));
#11203=VECTOR('',#13132,0.25);
#11204=CARTESIAN_POINT('',(-9.575,1.6,-4.955));
#11205=CARTESIAN_POINT('',(-6.32,1.6,-4.955));
#11206=VECTOR('',#13133,3.255);
#11207=CARTESIAN_POINT('',(-9.575,3.43,-4.955));
#11208=CARTESIAN_POINT('',(-9.575,3.43,-4.955));
#11209=VECTOR('',#13134,1.83);
#11210=CARTESIAN_POINT('',(-7.805,3.43,-4.955));
#11211=CARTESIAN_POINT('',(-7.805,3.43,-4.955));
#11212=VECTOR('',#13135,1.77);
#11213=CARTESIAN_POINT('',(-7.805,3.175,-4.955));
#11214=VECTOR('',#13136,0.255);
#11215=CARTESIAN_POINT('',(-8.57,2.47,-4.955));
#11216=CARTESIAN_POINT('',(-9.43,2.47,-4.955));
#11217=AXIS2_PLACEMENT_3D('',#13137,#13138,#13139);
#11218=AXIS2_PLACEMENT_3D('',#13140,#13141,#13142);
#11219=CARTESIAN_POINT('',(-3.2985,1.85,-4.955));
#11220=CARTESIAN_POINT('',(-3.2985,1.85,-4.955));
#11221=VECTOR('',#13143,1.325);
#11222=CARTESIAN_POINT('',(-3.32,1.85,-4.955));
#11223=CARTESIAN_POINT('',(-3.32,1.85,-4.955));
#11224=VECTOR('',#13144,0.0215);
#11225=CARTESIAN_POINT('',(-3.32,1.6,-4.955));
#11226=CARTESIAN_POINT('',(-3.32,1.6,-4.955));
#11227=VECTOR('',#13145,0.25);
#11228=CARTESIAN_POINT('',(-3.32,1.6,-4.955));
#11229=VECTOR('',#13146,2.36);
#11230=CARTESIAN_POINT('',(9.575,1.6,-4.285));
#11231=VECTOR('',#13147,0.67);
#11232=CARTESIAN_POINT('',(3.32,1.6,-4.285));
#11233=VECTOR('',#13148,0.67);
#11234=CARTESIAN_POINT('',(2.68,1.6,-4.285));
#11235=VECTOR('',#13149,0.67);
#11236=CARTESIAN_POINT('',(0.32,1.6,-4.285));
#11237=VECTOR('',#13150,0.67);
#11238=CARTESIAN_POINT('',(-0.32,1.6,-4.285));
#11239=VECTOR('',#13151,0.67);
#11240=CARTESIAN_POINT('',(-2.68,1.6,-4.285));
#11241=VECTOR('',#13152,0.67);
#11242=CARTESIAN_POINT('',(-3.32,1.6,-4.285));
#11243=VECTOR('',#13153,0.67);
#11244=CARTESIAN_POINT('',(-6.32,1.6,-4.285));
#11245=VECTOR('',#13154,0.67);
#11246=CARTESIAN_POINT('',(-9.575,1.6,-4.955));
#11247=VECTOR('',#13155,0.67);
#11248=CARTESIAN_POINT('',(9.575,3.43,-3.355));
#11249=CARTESIAN_POINT('',(9.575,3.43,-4.955));
#11250=VECTOR('',#13156,1.6);
#11251=CARTESIAN_POINT('',(9.575,-3.94,-3.355));
#11252=CARTESIAN_POINT('',(9.575,3.43,-3.355));
#11253=VECTOR('',#13157,7.37);
#11254=CARTESIAN_POINT('',(9.575,-3.94,-4.955));
#11255=CARTESIAN_POINT('',(9.575,-3.94,-3.355));
#11256=VECTOR('',#13158,1.6);
#11257=CARTESIAN_POINT('',(9.575,-2.78,-4.955));
#11258=CARTESIAN_POINT('',(9.575,-3.94,-4.955));
#11259=VECTOR('',#13159,1.16);
#11260=CARTESIAN_POINT('',(9.575,-2.78,-4.955));
#11261=VECTOR('',#13160,0.67);
#11262=CARTESIAN_POINT('',(9.575,-0.95,-3.685));
#11263=CARTESIAN_POINT('',(9.575,-0.95,-3.685));
#11264=VECTOR('',#13161,0.6);
#11265=CARTESIAN_POINT('',(9.575,0.95,-3.685));
#11266=CARTESIAN_POINT('',(9.575,0.95,-3.685));
#11267=VECTOR('',#13162,1.9);
#11268=CARTESIAN_POINT('',(9.575,0.95,-4.285));
#11269=VECTOR('',#13163,0.6);
#11270=CARTESIAN_POINT('',(8.575,0.95,-3.685));
#11271=CARTESIAN_POINT('',(9.575,0.95,-3.685));
#11272=VECTOR('',#13164,1.0);
#11273=CARTESIAN_POINT('',(8.575,0.95,-4.285));
#11274=VECTOR('',#13165,0.6);
#11275=CARTESIAN_POINT('',(8.575,-0.95,-3.685));
#11276=CARTESIAN_POINT('',(8.575,0.95,-3.685));
#11277=VECTOR('',#13166,1.9);
#11278=CARTESIAN_POINT('',(8.575,-0.95,-3.685));
#11279=VECTOR('',#13167,0.6);
#11280=CARTESIAN_POINT('',(9.575,-0.95,-3.685));
#11281=VECTOR('',#13168,1.0);
#11282=CARTESIAN_POINT('',(9.575,-2.78,-4.955));
#11283=VECTOR('',#13169,3.2765);
#11284=CARTESIAN_POINT('',(3.2985,-2.78,-4.955));
#11285=CARTESIAN_POINT('',(5.7015,-2.78,-4.955));
#11286=VECTOR('',#13170,2.403);
#11287=CARTESIAN_POINT('',(3.2985,-2.78,-4.955));
#11288=VECTOR('',#13171,0.67);
#11289=CARTESIAN_POINT('',(2.7015,-2.78,-4.955));
#11290=CARTESIAN_POINT('',(2.7015,-2.78,-4.955));
#11291=VECTOR('',#13172,0.67);
#11292=CARTESIAN_POINT('',(0.2985,-2.78,-4.955));
#11293=CARTESIAN_POINT('',(2.7015,-2.78,-4.955));
#11294=VECTOR('',#13173,2.403);
#11295=CARTESIAN_POINT('',(0.2985,-2.78,-4.955));
#11296=VECTOR('',#13174,0.67);
#11297=CARTESIAN_POINT('',(-0.2985,-2.78,-4.955));
#11298=CARTESIAN_POINT('',(-0.2985,-2.78,-4.955));
#11299=VECTOR('',#13175,0.67);
#11300=CARTESIAN_POINT('',(-2.7015,-2.78,-4.955));
#11301=CARTESIAN_POINT('',(-0.2985,-2.78,-4.955));
#11302=VECTOR('',#13176,2.403);
#11303=CARTESIAN_POINT('',(-2.7015,-2.78,-4.955));
#11304=VECTOR('',#13177,0.67);
#11305=CARTESIAN_POINT('',(-9.575,-2.78,-4.955));
#11306=CARTESIAN_POINT('',(-6.2985,-2.78,-4.955));
#11307=VECTOR('',#13178,3.2765);
#11308=CARTESIAN_POINT('',(-9.575,-2.78,-4.285));
#11309=VECTOR('',#13179,0.67);
#11310=CARTESIAN_POINT('',(-3.2985,-2.78,-4.955));
#11311=CARTESIAN_POINT('',(-3.2985,-2.78,-4.955));
#11312=VECTOR('',#13180,0.67);
#11313=CARTESIAN_POINT('',(-3.2985,-2.78,-4.955));
#11314=VECTOR('',#13181,2.403);
#11315=CARTESIAN_POINT('',(8.375,-3.94,-4.955));
#11316=CARTESIAN_POINT('',(9.575,-3.94,-4.955));
#11317=VECTOR('',#13182,1.2);
#11318=CARTESIAN_POINT('',(8.375,-3.94,-4.955));
#11319=VECTOR('',#13183,0.51);
#11320=CARTESIAN_POINT('',(3.2985,-2.78,-4.955));
#11321=VECTOR('',#13184,0.65);
#11322=CARTESIAN_POINT('',(2.7015,-2.78,-4.955));
#11323=VECTOR('',#13185,0.65);
#11324=CARTESIAN_POINT('',(0.2985,-2.78,-4.955));
#11325=VECTOR('',#13186,0.65);
#11326=CARTESIAN_POINT('',(-0.2985,-2.78,-4.955));
#11327=VECTOR('',#13187,0.65);
#11328=CARTESIAN_POINT('',(-2.7015,-2.78,-4.955));
#11329=VECTOR('',#13188,0.65);
#11330=CARTESIAN_POINT('',(-8.375,-3.94,-4.955));
#11331=CARTESIAN_POINT('',(-8.375,-3.94,-4.955));
#11332=VECTOR('',#13189,0.51);
#11333=CARTESIAN_POINT('',(-9.575,-3.94,-4.955));
#11334=CARTESIAN_POINT('',(-8.375,-3.94,-4.955));
#11335=VECTOR('',#13190,1.2);
#11336=CARTESIAN_POINT('',(-9.575,-2.78,-4.955));
#11337=VECTOR('',#13191,1.16);
#11338=CARTESIAN_POINT('',(-3.2985,-2.78,-4.955));
#11339=VECTOR('',#13192,0.65);
#11340=CARTESIAN_POINT('',(8.375,-3.94,-3.355));
#11341=CARTESIAN_POINT('',(8.375,-3.94,-3.355));
#11342=VECTOR('',#13193,1.6);
#11343=CARTESIAN_POINT('',(8.375,-3.94,-3.355));
#11344=VECTOR('',#13194,0.51);
#11345=CARTESIAN_POINT('',(8.375,-3.94,-3.355));
#11346=VECTOR('',#13195,1.2);
#11347=CARTESIAN_POINT('',(9.325,3.43,-3.355));
#11348=VECTOR('',#13196,0.25);
#11349=CARTESIAN_POINT('',(9.325,-3.05,-3.355));
#11350=VECTOR('',#13197,1.014397521771);
#11351=CARTESIAN_POINT('',(-8.384466995702,-3.43,-3.355));
#11352=VECTOR('',#13198,1.014397521771);
#11353=CARTESIAN_POINT('',(-9.575,3.43,-3.355));
#11354=CARTESIAN_POINT('',(-9.325,3.43,-3.355));
#11355=VECTOR('',#13199,0.25);
#11356=CARTESIAN_POINT('',(-9.575,-3.94,-3.355));
#11357=CARTESIAN_POINT('',(-9.575,-3.94,-3.355));
#11358=VECTOR('',#13200,7.37);
#11359=CARTESIAN_POINT('',(-8.375,-3.94,-3.355));
#11360=CARTESIAN_POINT('',(-9.575,-3.94,-3.355));
#11361=VECTOR('',#13201,1.2);
#11362=CARTESIAN_POINT('',(-8.375,-3.94,-3.355));
#11363=VECTOR('',#13202,0.51);
#11364=CARTESIAN_POINT('',(-9.575,3.43,-3.355));
#11365=VECTOR('',#13203,1.6);
#11366=CARTESIAN_POINT('',(-7.925,3.43,4.955));
#11367=VECTOR('',#13204,2.163908500838);
#11368=CARTESIAN_POINT('',(7.805,3.43,-3.105));
#11369=CARTESIAN_POINT('',(7.805,3.43,-4.955));
#11370=VECTOR('',#13205,1.85);
#11371=CARTESIAN_POINT('',(-7.805,3.43,-3.105));
#11372=CARTESIAN_POINT('',(-7.805,3.43,-3.105));
#11373=VECTOR('',#13206,15.61);
#11374=CARTESIAN_POINT('',(-7.805,3.43,-4.955));
#11375=VECTOR('',#13207,1.85);
#11376=CARTESIAN_POINT('',(-0.7,3.43,1.329177595493));
#11377=CARTESIAN_POINT('',(0.7,3.43,1.329177595493));
#11378=CARTESIAN_POINT('',(-0.7,3.43,1.329177595493));
#11379=VECTOR('',#13208,1.4);
#11380=CARTESIAN_POINT('',(0.7,3.43,4.415));
#11381=CARTESIAN_POINT('',(0.7,3.43,4.415));
#11382=VECTOR('',#13209,3.085822404507);
#11383=CARTESIAN_POINT('',(-0.7,3.43,4.415));
#11384=CARTESIAN_POINT('',(-0.7,3.43,4.415));
#11385=VECTOR('',#13210,1.4);
#11386=CARTESIAN_POINT('',(-0.7,3.43,4.415));
#11387=VECTOR('',#13211,3.085822404507);
#11388=CARTESIAN_POINT('',(-0.7,4.83,2.755));
#11389=CARTESIAN_POINT('',(-0.7,4.83,2.755));
#11390=VECTOR('',#13212,2.171543230056);
#11391=CARTESIAN_POINT('',(-0.7,4.83,2.005));
#11392=CARTESIAN_POINT('',(-0.7,4.83,2.005));
#11393=VECTOR('',#13213,0.75);
#11394=CARTESIAN_POINT('',(-0.7,4.271402007554,2.073587209224));
#11395=VECTOR('',#13214,0.5627929658711);
#11396=AXIS2_PLACEMENT_3D('',#13215,#13216,#13217);
#11397=AXIS2_PLACEMENT_3D('',#13218,#13219,#13220);
#11398=CARTESIAN_POINT('',(0.7,4.83,2.005));
#11399=CARTESIAN_POINT('',(0.7,4.271402007554,2.073587209224));
#11400=VECTOR('',#13221,0.5627929658711);
#11401=CARTESIAN_POINT('',(0.7,4.83,2.755));
#11402=CARTESIAN_POINT('',(0.7,4.83,2.005));
#11403=VECTOR('',#13222,0.75);
#11404=CARTESIAN_POINT('',(0.7,4.83,2.755));
#11405=VECTOR('',#13223,2.171543230056);
#11406=CARTESIAN_POINT('',(-0.7,4.83,2.755));
#11407=VECTOR('',#13224,1.4);
#11408=CARTESIAN_POINT('',(-0.7,4.83,2.005));
#11409=VECTOR('',#13225,1.4);
#11410=CARTESIAN_POINT('',(-7.805,3.43,-3.105));
#11411=VECTOR('',#13226,0.255);
#11412=CARTESIAN_POINT('',(7.805,3.43,-3.105));
#11413=VECTOR('',#13227,0.255);
#11414=CARTESIAN_POINT('',(-9.325,-3.05,3.305));
#11415=VECTOR('',#13228,1.502578467577);
#11416=CARTESIAN_POINT('',(-9.575,0.95,-3.685));
#11417=CARTESIAN_POINT('',(-9.575,-0.95,-3.685));
#11418=CARTESIAN_POINT('',(-9.575,0.95,-3.685));
#11419=VECTOR('',#13229,1.9);
#11420=CARTESIAN_POINT('',(-9.575,-0.95,-3.685));
#11421=VECTOR('',#13230,0.6);
#11422=CARTESIAN_POINT('',(-9.575,-3.94,-4.955));
#11423=VECTOR('',#13231,1.6);
#11424=CARTESIAN_POINT('',(-9.575,0.95,-4.285));
#11425=VECTOR('',#13232,0.6);
#11426=CARTESIAN_POINT('',(-8.575,0.95,-3.685));
#11427=CARTESIAN_POINT('',(-8.575,0.95,-4.285));
#11428=VECTOR('',#13233,0.6);
#11429=CARTESIAN_POINT('',(-9.575,0.95,-3.685));
#11430=VECTOR('',#13234,1.0);
#11431=CARTESIAN_POINT('',(-8.575,-0.95,-3.685));
#11432=CARTESIAN_POINT('',(-8.575,0.95,-3.685));
#11433=VECTOR('',#13235,1.9);
#11434=CARTESIAN_POINT('',(-9.575,-0.95,-3.685));
#11435=VECTOR('',#13236,1.0);
#11436=CARTESIAN_POINT('',(-8.575,-0.95,-3.685));
#11437=VECTOR('',#13237,0.6);
#11438=CARTESIAN_POINT('',(-8.375,-3.94,-3.355));
#11439=VECTOR('',#13238,1.6);
#11440=CARTESIAN_POINT('',(3.2985,-1.79,-3.955));
#11441=CARTESIAN_POINT('',(3.2985,-1.79,-3.955));
#11442=VECTOR('',#13239,1.64);
#11443=CARTESIAN_POINT('',(3.2985,-1.79,-3.955));
#11444=VECTOR('',#13240,0.33);
#11445=CARTESIAN_POINT('',(3.2985,1.85,-3.955));
#11446=CARTESIAN_POINT('',(3.2985,1.85,-3.955));
#11447=VECTOR('',#13241,1.0);
#11448=CARTESIAN_POINT('',(3.2985,3.175,-3.955));
#11449=VECTOR('',#13242,1.325);
#11450=CARTESIAN_POINT('',(3.2985,1.21,-3.955));
#11451=CARTESIAN_POINT('',(3.2985,1.21,-3.955));
#11452=VECTOR('',#13243,0.33);
#11453=CARTESIAN_POINT('',(3.2985,0.35,-3.955));
#11454=CARTESIAN_POINT('',(3.2985,0.35,-3.955));
#11455=VECTOR('',#13244,0.33);
#11456=CARTESIAN_POINT('',(3.2985,1.21,-3.955));
#11457=VECTOR('',#13245,0.86);
#11458=CARTESIAN_POINT('',(3.2985,-1.15,-3.955));
#11459=CARTESIAN_POINT('',(3.2985,-1.15,-3.955));
#11460=VECTOR('',#13246,0.33);
#11461=CARTESIAN_POINT('',(3.2985,-0.29,-3.955));
#11462=CARTESIAN_POINT('',(3.2985,-0.29,-3.955));
#11463=VECTOR('',#13247,0.86);
#11464=CARTESIAN_POINT('',(3.2985,-0.29,-3.955));
#11465=VECTOR('',#13248,0.33);
#11466=CARTESIAN_POINT('',(3.32,-1.79,2.555));
#11467=CARTESIAN_POINT('',(2.68,-1.79,2.555));
#11468=CARTESIAN_POINT('',(3.32,-1.79,2.555));
#11469=VECTOR('',#13249,0.64);
#11470=CARTESIAN_POINT('',(2.68,-1.79,2.555));
#11471=VECTOR('',#13250,4.2);
#11472=CARTESIAN_POINT('',(3.32,-1.79,2.555));
#11473=VECTOR('',#13251,4.2);
#11474=CARTESIAN_POINT('',(2.68,-1.79,-5.573266328441));
#11475=CARTESIAN_POINT('',(2.68,-1.79,-4.285));
#11476=VECTOR('',#13252,1.288266328441);
#11477=CARTESIAN_POINT('',(3.32,-1.79,-5.573266328441));
#11478=CARTESIAN_POINT('',(3.32,-1.79,-5.573266328441));
#11479=VECTOR('',#13253,0.64);
#11480=CARTESIAN_POINT('',(3.32,-1.79,-4.285));
#11481=VECTOR('',#13254,1.288266328441);
#11482=CARTESIAN_POINT('',(2.7015,-1.79,-3.955));
#11483=CARTESIAN_POINT('',(2.7015,-1.79,-3.955));
#11484=VECTOR('',#13255,0.597);
#11485=CARTESIAN_POINT('',(2.7015,-1.79,-4.285));
#11486=VECTOR('',#13256,0.33);
#11487=CARTESIAN_POINT('',(3.32,-0.29,-4.955));
#11488=CARTESIAN_POINT('',(3.32,-0.29,-4.285));
#11489=VECTOR('',#13257,0.67);
#11490=CARTESIAN_POINT('',(3.32,0.35,-4.955));
#11491=CARTESIAN_POINT('',(3.32,-0.29,-4.955));
#11492=VECTOR('',#13258,0.64);
#11493=CARTESIAN_POINT('',(3.32,0.35,-4.955));
#11494=VECTOR('',#13259,0.67);
#11495=CARTESIAN_POINT('',(3.32,1.21,-5.573266328441));
#11496=CARTESIAN_POINT('',(3.32,1.21,-4.285));
#11497=VECTOR('',#13260,1.288266328441);
#11498=CARTESIAN_POINT('',(3.32,1.21,-7.045));
#11499=AXIS2_PLACEMENT_3D('',#13261,#13262,#13263);
#11500=CARTESIAN_POINT('',(3.32,1.21,-7.295));
#11501=CARTESIAN_POINT('',(3.32,1.21,-7.045));
#11502=VECTOR('',#13264,0.25);
#11503=CARTESIAN_POINT('',(3.32,1.419435522388,-8.135));
#11504=CARTESIAN_POINT('',(3.32,1.21,-7.295));
#11505=VECTOR('',#13265,0.8657154486539);
#11506=CARTESIAN_POINT('',(3.32,1.640564477612,-8.135));
#11507=CARTESIAN_POINT('',(3.32,1.419435522388,-8.135));
#11508=VECTOR('',#13266,0.2211289552235);
#11509=CARTESIAN_POINT('',(3.32,1.85,-7.295));
#11510=CARTESIAN_POINT('',(3.32,1.640564477612,-8.135));
#11511=VECTOR('',#13267,0.8657154486539);
#11512=CARTESIAN_POINT('',(3.32,1.85,-7.045));
#11513=CARTESIAN_POINT('',(3.32,1.85,-7.295));
#11514=VECTOR('',#13268,0.25);
#11515=CARTESIAN_POINT('',(3.32,1.85,-5.573266328441));
#11516=AXIS2_PLACEMENT_3D('',#13269,#13270,#13271);
#11517=CARTESIAN_POINT('',(3.32,1.85,-5.573266328441));
#11518=VECTOR('',#13272,0.6182663284412);
#11519=CARTESIAN_POINT('',(3.32,1.85,2.555));
#11520=CARTESIAN_POINT('',(3.32,1.85,-1.645));
#11521=VECTOR('',#13273,4.2);
#11522=CARTESIAN_POINT('',(3.32,1.21,2.555));
#11523=CARTESIAN_POINT('',(3.32,1.85,2.555));
#11524=VECTOR('',#13274,0.64);
#11525=CARTESIAN_POINT('',(3.32,1.21,2.555));
#11526=VECTOR('',#13275,4.2);
#11527=CARTESIAN_POINT('',(3.32,-1.15,2.555));
#11528=CARTESIAN_POINT('',(3.32,-1.15,-1.645));
#11529=VECTOR('',#13276,4.2);
#11530=CARTESIAN_POINT('',(3.32,-1.15,2.555));
#11531=VECTOR('',#13277,0.64);
#11532=CARTESIAN_POINT('',(3.32,-1.79,-7.045));
#11533=AXIS2_PLACEMENT_3D('',#13278,#13279,#13280);
#11534=CARTESIAN_POINT('',(3.32,-1.79,-7.295));
#11535=CARTESIAN_POINT('',(3.32,-1.79,-7.045));
#11536=VECTOR('',#13281,0.25);
#11537=CARTESIAN_POINT('',(3.32,-1.580564477612,-8.135));
#11538=CARTESIAN_POINT('',(3.32,-1.79,-7.295));
#11539=VECTOR('',#13282,0.8657154486539);
#11540=CARTESIAN_POINT('',(3.32,-1.359435522388,-8.135));
#11541=CARTESIAN_POINT('',(3.32,-1.580564477612,-8.135));
#11542=VECTOR('',#13283,0.2211289552235);
#11543=CARTESIAN_POINT('',(3.32,-1.15,-7.295));
#11544=CARTESIAN_POINT('',(3.32,-1.359435522388,-8.135));
#11545=VECTOR('',#13284,0.8657154486539);
#11546=CARTESIAN_POINT('',(3.32,-1.15,-7.045));
#11547=CARTESIAN_POINT('',(3.32,-1.15,-7.295));
#11548=VECTOR('',#13285,0.25);
#11549=CARTESIAN_POINT('',(3.32,-1.15,-5.573266328441));
#11550=AXIS2_PLACEMENT_3D('',#13286,#13287,#13288);
#11551=CARTESIAN_POINT('',(3.32,-1.15,-5.573266328441));
#11552=VECTOR('',#13289,1.288266328441);
#11553=CARTESIAN_POINT('',(2.68,0.35,-4.955));
#11554=CARTESIAN_POINT('',(3.32,0.35,-4.955));
#11555=VECTOR('',#13290,0.64);
#11556=CARTESIAN_POINT('',(2.68,0.35,-4.955));
#11557=VECTOR('',#13291,0.67);
#11558=CARTESIAN_POINT('',(2.7015,0.35,-3.955));
#11559=CARTESIAN_POINT('',(2.7015,0.35,-4.285));
#11560=VECTOR('',#13292,0.33);
#11561=CARTESIAN_POINT('',(2.7015,0.35,-3.955));
#11562=VECTOR('',#13293,0.597);
#11563=CARTESIAN_POINT('',(2.7015,1.85,-3.955));
#11564=CARTESIAN_POINT('',(2.7015,1.85,-3.955));
#11565=VECTOR('',#13294,0.597);
#11566=CARTESIAN_POINT('',(2.7015,3.175,-3.955));
#11567=VECTOR('',#13295,1.325);
#11568=CARTESIAN_POINT('',(2.7015,1.21,-3.955));
#11569=CARTESIAN_POINT('',(2.7015,1.21,-3.955));
#11570=VECTOR('',#13296,0.597);
#11571=CARTESIAN_POINT('',(2.7015,1.21,-3.955));
#11572=VECTOR('',#13297,0.86);
#11573=CARTESIAN_POINT('',(2.7015,-1.15,-3.955));
#11574=CARTESIAN_POINT('',(2.7015,-1.15,-3.955));
#11575=VECTOR('',#13298,0.597);
#11576=CARTESIAN_POINT('',(2.7015,-0.29,-3.955));
#11577=CARTESIAN_POINT('',(2.7015,-0.29,-3.955));
#11578=VECTOR('',#13299,0.86);
#11579=CARTESIAN_POINT('',(2.7015,-0.29,-3.955));
#11580=VECTOR('',#13300,0.597);
#11581=CARTESIAN_POINT('',(2.7015,-1.79,-3.955));
#11582=VECTOR('',#13301,1.64);
#11583=CARTESIAN_POINT('',(2.7015,1.85,-4.955));
#11584=VECTOR('',#13302,1.0);
#11585=CARTESIAN_POINT('',(2.7015,1.21,-4.285));
#11586=VECTOR('',#13303,0.33);
#11587=CARTESIAN_POINT('',(2.7015,-0.29,-4.285));
#11588=VECTOR('',#13304,0.33);
#11589=CARTESIAN_POINT('',(2.7015,-1.15,-4.285));
#11590=VECTOR('',#13305,0.33);
#11591=CARTESIAN_POINT('',(2.68,1.85,-5.573266328441));
#11592=CARTESIAN_POINT('',(3.32,1.85,-5.573266328441));
#11593=VECTOR('',#13306,0.64);
#11594=CARTESIAN_POINT('',(2.68,1.85,-5.573266328441));
#11595=VECTOR('',#13307,0.6182663284412);
#11596=CARTESIAN_POINT('',(2.68,1.85,2.555));
#11597=CARTESIAN_POINT('',(2.68,1.85,-1.645));
#11598=VECTOR('',#13308,4.2);
#11599=CARTESIAN_POINT('',(3.32,1.85,2.555));
#11600=VECTOR('',#13309,0.64);
#11601=CARTESIAN_POINT('',(2.68,-0.29,-4.955));
#11602=CARTESIAN_POINT('',(2.68,-0.29,-4.955));
#11603=VECTOR('',#13310,0.64);
#11604=CARTESIAN_POINT('',(2.68,-0.29,-4.285));
#11605=VECTOR('',#13311,0.67);
#11606=CARTESIAN_POINT('',(2.68,1.85,-7.045));
#11607=AXIS2_PLACEMENT_3D('',#13312,#13313,#13314);
#11608=CARTESIAN_POINT('',(2.68,1.85,-7.295));
#11609=CARTESIAN_POINT('',(2.68,1.85,-7.295));
#11610=VECTOR('',#13315,0.25);
#11611=CARTESIAN_POINT('',(2.68,1.640564477612,-8.135));
#11612=CARTESIAN_POINT('',(2.68,1.640564477612,-8.135));
#11613=VECTOR('',#13316,0.8657154486539);
#11614=CARTESIAN_POINT('',(2.68,1.419435522388,-8.135));
#11615=CARTESIAN_POINT('',(2.68,1.419435522388,-8.135));
#11616=VECTOR('',#13317,0.2211289552235);
#11617=CARTESIAN_POINT('',(2.68,1.21,-7.295));
#11618=CARTESIAN_POINT('',(2.68,1.21,-7.295));
#11619=VECTOR('',#13318,0.8657154486539);
#11620=CARTESIAN_POINT('',(2.68,1.21,-7.045));
#11621=CARTESIAN_POINT('',(2.68,1.21,-7.045));
#11622=VECTOR('',#13319,0.25);
#11623=CARTESIAN_POINT('',(2.68,1.21,-5.573266328441));
#11624=AXIS2_PLACEMENT_3D('',#13320,#13321,#13322);
#11625=CARTESIAN_POINT('',(2.68,1.21,-4.285));
#11626=VECTOR('',#13323,1.288266328441);
#11627=CARTESIAN_POINT('',(2.68,1.21,2.555));
#11628=CARTESIAN_POINT('',(2.68,1.85,2.555));
#11629=VECTOR('',#13324,0.64);
#11630=CARTESIAN_POINT('',(2.68,1.21,2.555));
#11631=VECTOR('',#13325,4.2);
#11632=CARTESIAN_POINT('',(2.68,-1.15,2.555));
#11633=CARTESIAN_POINT('',(2.68,-1.15,2.555));
#11634=VECTOR('',#13326,0.64);
#11635=CARTESIAN_POINT('',(2.68,-1.15,-1.645));
#11636=VECTOR('',#13327,4.2);
#11637=CARTESIAN_POINT('',(2.68,-1.15,-7.045));
#11638=CARTESIAN_POINT('',(2.68,-1.15,-5.573266328441));
#11639=AXIS2_PLACEMENT_3D('',#13328,#13329,#13330);
#11640=CARTESIAN_POINT('',(2.68,-1.15,-7.295));
#11641=CARTESIAN_POINT('',(2.68,-1.15,-7.295));
#11642=VECTOR('',#13331,0.25);
#11643=CARTESIAN_POINT('',(2.68,-1.359435522388,-8.135));
#11644=CARTESIAN_POINT('',(2.68,-1.359435522388,-8.135));
#11645=VECTOR('',#13332,0.8657154486539);
#11646=CARTESIAN_POINT('',(2.68,-1.580564477612,-8.135));
#11647=CARTESIAN_POINT('',(2.68,-1.580564477612,-8.135));
#11648=VECTOR('',#13333,0.2211289552235);
#11649=CARTESIAN_POINT('',(2.68,-1.79,-7.295));
#11650=CARTESIAN_POINT('',(2.68,-1.79,-7.295));
#11651=VECTOR('',#13334,0.8657154486539);
#11652=CARTESIAN_POINT('',(2.68,-1.79,-7.045));
#11653=CARTESIAN_POINT('',(2.68,-1.79,-7.045));
#11654=VECTOR('',#13335,0.25);
#11655=AXIS2_PLACEMENT_3D('',#13336,#13337,#13338);
#11656=CARTESIAN_POINT('',(2.68,-1.15,-5.573266328441));
#11657=VECTOR('',#13339,1.288266328441);
#11658=CARTESIAN_POINT('',(3.32,-0.29,-4.955));
#11659=VECTOR('',#13340,0.64);
#11660=CARTESIAN_POINT('',(3.32,1.21,2.555));
#11661=VECTOR('',#13341,0.64);
#11662=CARTESIAN_POINT('',(3.32,1.21,-5.573266328441));
#11663=VECTOR('',#13342,0.64);
#11664=CARTESIAN_POINT('',(3.32,1.21,-7.045));
#11665=VECTOR('',#13343,0.64);
#11666=CARTESIAN_POINT('',(3.32,1.21,-7.295));
#11667=VECTOR('',#13344,0.64);
#11668=CARTESIAN_POINT('',(3.32,1.419435522388,-8.135));
#11669=VECTOR('',#13345,0.64);
#11670=CARTESIAN_POINT('',(3.32,1.640564477612,-8.135));
#11671=VECTOR('',#13346,0.64);
#11672=CARTESIAN_POINT('',(3.32,1.85,-7.295));
#11673=VECTOR('',#13347,0.64);
#11674=CARTESIAN_POINT('',(3.32,1.85,-7.045));
#11675=VECTOR('',#13348,0.64);
#11676=CARTESIAN_POINT('',(3.32,-1.15,-5.573266328441));
#11677=VECTOR('',#13349,0.64);
#11678=CARTESIAN_POINT('',(3.32,-1.15,2.555));
#11679=VECTOR('',#13350,0.64);
#11680=CARTESIAN_POINT('',(3.32,-1.15,-7.045));
#11681=VECTOR('',#13351,0.64);
#11682=CARTESIAN_POINT('',(3.32,-1.15,-7.295));
#11683=VECTOR('',#13352,0.64);
#11684=CARTESIAN_POINT('',(3.32,-1.359435522388,-8.135));
#11685=VECTOR('',#13353,0.64);
#11686=CARTESIAN_POINT('',(3.32,-1.580564477612,-8.135));
#11687=VECTOR('',#13354,0.64);
#11688=CARTESIAN_POINT('',(3.32,-1.79,-7.295));
#11689=VECTOR('',#13355,0.64);
#11690=CARTESIAN_POINT('',(3.32,-1.79,-7.045));
#11691=VECTOR('',#13356,0.64);
#11692=CARTESIAN_POINT('',(0.2985,-1.79,-3.955));
#11693=CARTESIAN_POINT('',(0.2985,-1.79,-3.955));
#11694=VECTOR('',#13357,1.64);
#11695=CARTESIAN_POINT('',(0.2985,-1.79,-3.955));
#11696=VECTOR('',#13358,0.33);
#11697=CARTESIAN_POINT('',(0.2985,1.85,-3.955));
#11698=CARTESIAN_POINT('',(0.2985,1.85,-3.955));
#11699=VECTOR('',#13359,1.0);
#11700=CARTESIAN_POINT('',(0.2985,3.175,-3.955));
#11701=VECTOR('',#13360,1.325);
#11702=CARTESIAN_POINT('',(0.2985,1.21,-3.955));
#11703=CARTESIAN_POINT('',(0.2985,1.21,-3.955));
#11704=VECTOR('',#13361,0.33);
#11705=CARTESIAN_POINT('',(0.2985,0.35,-3.955));
#11706=CARTESIAN_POINT('',(0.2985,0.35,-3.955));
#11707=VECTOR('',#13362,0.33);
#11708=CARTESIAN_POINT('',(0.2985,1.21,-3.955));
#11709=VECTOR('',#13363,0.86);
#11710=CARTESIAN_POINT('',(0.2985,-1.15,-3.955));
#11711=CARTESIAN_POINT('',(0.2985,-1.15,-3.955));
#11712=VECTOR('',#13364,0.33);
#11713=CARTESIAN_POINT('',(0.2985,-0.29,-3.955));
#11714=CARTESIAN_POINT('',(0.2985,-0.29,-3.955));
#11715=VECTOR('',#13365,0.86);
#11716=CARTESIAN_POINT('',(0.2985,-0.29,-3.955));
#11717=VECTOR('',#13366,0.33);
#11718=CARTESIAN_POINT('',(0.32,-1.79,2.555));
#11719=CARTESIAN_POINT('',(-0.32,-1.79,2.555));
#11720=CARTESIAN_POINT('',(0.32,-1.79,2.555));
#11721=VECTOR('',#13367,0.64);
#11722=CARTESIAN_POINT('',(-0.32,-1.79,2.555));
#11723=VECTOR('',#13368,4.2);
#11724=CARTESIAN_POINT('',(0.32,-1.79,2.555));
#11725=VECTOR('',#13369,4.2);
#11726=CARTESIAN_POINT('',(-0.32,-1.79,-5.573266328441));
#11727=CARTESIAN_POINT('',(-0.32,-1.79,-4.285));
#11728=VECTOR('',#13370,1.288266328441);
#11729=CARTESIAN_POINT('',(0.32,-1.79,-5.573266328441));
#11730=CARTESIAN_POINT('',(0.32,-1.79,-5.573266328441));
#11731=VECTOR('',#13371,0.64);
#11732=CARTESIAN_POINT('',(0.32,-1.79,-4.285));
#11733=VECTOR('',#13372,1.288266328441);
#11734=CARTESIAN_POINT('',(-0.2985,-1.79,-3.955));
#11735=CARTESIAN_POINT('',(-0.2985,-1.79,-3.955));
#11736=VECTOR('',#13373,0.597);
#11737=CARTESIAN_POINT('',(-0.2985,-1.79,-4.285));
#11738=VECTOR('',#13374,0.33);
#11739=CARTESIAN_POINT('',(0.32,-0.29,-4.955));
#11740=CARTESIAN_POINT('',(0.32,-0.29,-4.285));
#11741=VECTOR('',#13375,0.67);
#11742=CARTESIAN_POINT('',(0.32,0.35,-4.955));
#11743=CARTESIAN_POINT('',(0.32,-0.29,-4.955));
#11744=VECTOR('',#13376,0.64);
#11745=CARTESIAN_POINT('',(0.32,0.35,-4.955));
#11746=VECTOR('',#13377,0.67);
#11747=CARTESIAN_POINT('',(0.32,1.85,2.555));
#11748=CARTESIAN_POINT('',(0.32,1.85,-1.645));
#11749=VECTOR('',#13378,4.2);
#11750=CARTESIAN_POINT('',(0.32,1.21,2.555));
#11751=CARTESIAN_POINT('',(0.32,1.85,2.555));
#11752=VECTOR('',#13379,0.64);
#11753=CARTESIAN_POINT('',(0.32,1.21,2.555));
#11754=VECTOR('',#13380,4.2);
#11755=CARTESIAN_POINT('',(0.32,1.21,-5.573266328441));
#11756=CARTESIAN_POINT('',(0.32,1.21,-4.285));
#11757=VECTOR('',#13381,1.288266328441);
#11758=CARTESIAN_POINT('',(0.32,1.21,-7.045));
#11759=AXIS2_PLACEMENT_3D('',#13382,#13383,#13384);
#11760=CARTESIAN_POINT('',(0.32,1.21,-7.295));
#11761=CARTESIAN_POINT('',(0.32,1.21,-7.045));
#11762=VECTOR('',#13385,0.25);
#11763=CARTESIAN_POINT('',(0.32,1.419435522388,-8.135));
#11764=CARTESIAN_POINT('',(0.32,1.21,-7.295));
#11765=VECTOR('',#13386,0.8657154486539);
#11766=CARTESIAN_POINT('',(0.32,1.640564477612,-8.135));
#11767=CARTESIAN_POINT('',(0.32,1.419435522388,-8.135));
#11768=VECTOR('',#13387,0.2211289552235);
#11769=CARTESIAN_POINT('',(0.32,1.85,-7.295));
#11770=CARTESIAN_POINT('',(0.32,1.640564477612,-8.135));
#11771=VECTOR('',#13388,0.8657154486539);
#11772=CARTESIAN_POINT('',(0.32,1.85,-7.045));
#11773=CARTESIAN_POINT('',(0.32,1.85,-7.295));
#11774=VECTOR('',#13389,0.25);
#11775=CARTESIAN_POINT('',(0.32,1.85,-5.573266328441));
#11776=AXIS2_PLACEMENT_3D('',#13390,#13391,#13392);
#11777=CARTESIAN_POINT('',(0.32,1.85,-5.573266328441));
#11778=VECTOR('',#13393,0.6182663284412);
#11779=CARTESIAN_POINT('',(0.32,-1.15,2.555));
#11780=CARTESIAN_POINT('',(0.32,-1.15,-1.645));
#11781=VECTOR('',#13394,4.2);
#11782=CARTESIAN_POINT('',(0.32,-1.15,2.555));
#11783=VECTOR('',#13395,0.64);
#11784=CARTESIAN_POINT('',(0.32,-1.79,-7.045));
#11785=AXIS2_PLACEMENT_3D('',#13396,#13397,#13398);
#11786=CARTESIAN_POINT('',(0.32,-1.79,-7.295));
#11787=CARTESIAN_POINT('',(0.32,-1.79,-7.045));
#11788=VECTOR('',#13399,0.25);
#11789=CARTESIAN_POINT('',(0.32,-1.580564477612,-8.135));
#11790=CARTESIAN_POINT('',(0.32,-1.79,-7.295));
#11791=VECTOR('',#13400,0.8657154486539);
#11792=CARTESIAN_POINT('',(0.32,-1.359435522388,-8.135));
#11793=CARTESIAN_POINT('',(0.32,-1.580564477612,-8.135));
#11794=VECTOR('',#13401,0.2211289552235);
#11795=CARTESIAN_POINT('',(0.32,-1.15,-7.295));
#11796=CARTESIAN_POINT('',(0.32,-1.359435522388,-8.135));
#11797=VECTOR('',#13402,0.8657154486539);
#11798=CARTESIAN_POINT('',(0.32,-1.15,-7.045));
#11799=CARTESIAN_POINT('',(0.32,-1.15,-7.295));
#11800=VECTOR('',#13403,0.25);
#11801=CARTESIAN_POINT('',(0.32,-1.15,-5.573266328441));
#11802=AXIS2_PLACEMENT_3D('',#13404,#13405,#13406);
#11803=CARTESIAN_POINT('',(0.32,-1.15,-5.573266328441));
#11804=VECTOR('',#13407,1.288266328441);
#11805=CARTESIAN_POINT('',(-0.32,0.35,-4.955));
#11806=CARTESIAN_POINT('',(0.32,0.35,-4.955));
#11807=VECTOR('',#13408,0.64);
#11808=CARTESIAN_POINT('',(-0.32,0.35,-4.955));
#11809=VECTOR('',#13409,0.67);
#11810=CARTESIAN_POINT('',(-0.2985,0.35,-3.955));
#11811=CARTESIAN_POINT('',(-0.2985,0.35,-4.285));
#11812=VECTOR('',#13410,0.33);
#11813=CARTESIAN_POINT('',(-0.2985,0.35,-3.955));
#11814=VECTOR('',#13411,0.597);
#11815=CARTESIAN_POINT('',(-0.2985,1.85,-3.955));
#11816=CARTESIAN_POINT('',(-0.2985,1.85,-3.955));
#11817=VECTOR('',#13412,0.597);
#11818=CARTESIAN_POINT('',(-0.2985,3.175,-3.955));
#11819=VECTOR('',#13413,1.325);
#11820=CARTESIAN_POINT('',(-0.2985,1.21,-3.955));
#11821=CARTESIAN_POINT('',(-0.2985,1.21,-3.955));
#11822=VECTOR('',#13414,0.597);
#11823=CARTESIAN_POINT('',(-0.2985,1.21,-3.955));
#11824=VECTOR('',#13415,0.86);
#11825=CARTESIAN_POINT('',(-0.2985,-1.15,-3.955));
#11826=CARTESIAN_POINT('',(-0.2985,-1.15,-3.955));
#11827=VECTOR('',#13416,0.597);
#11828=CARTESIAN_POINT('',(-0.2985,-0.29,-3.955));
#11829=CARTESIAN_POINT('',(-0.2985,-0.29,-3.955));
#11830=VECTOR('',#13417,0.86);
#11831=CARTESIAN_POINT('',(-0.2985,-0.29,-3.955));
#11832=VECTOR('',#13418,0.597);
#11833=CARTESIAN_POINT('',(-0.2985,-1.79,-3.955));
#11834=VECTOR('',#13419,1.64);
#11835=CARTESIAN_POINT('',(-0.2985,1.85,-4.955));
#11836=VECTOR('',#13420,1.0);
#11837=CARTESIAN_POINT('',(-0.2985,1.21,-4.285));
#11838=VECTOR('',#13421,0.33);
#11839=CARTESIAN_POINT('',(-0.2985,-0.29,-4.285));
#11840=VECTOR('',#13422,0.33);
#11841=CARTESIAN_POINT('',(-0.2985,-1.15,-4.285));
#11842=VECTOR('',#13423,0.33);
#11843=CARTESIAN_POINT('',(-0.32,1.85,-5.573266328441));
#11844=CARTESIAN_POINT('',(0.32,1.85,-5.573266328441));
#11845=VECTOR('',#13424,0.64);
#11846=CARTESIAN_POINT('',(-0.32,1.85,-5.573266328441));
#11847=VECTOR('',#13425,0.6182663284412);
#11848=CARTESIAN_POINT('',(-0.32,1.85,2.555));
#11849=CARTESIAN_POINT('',(-0.32,1.85,-1.645));
#11850=VECTOR('',#13426,4.2);
#11851=CARTESIAN_POINT('',(0.32,1.85,2.555));
#11852=VECTOR('',#13427,0.64);
#11853=CARTESIAN_POINT('',(-0.32,-0.29,-4.955));
#11854=CARTESIAN_POINT('',(-0.32,-0.29,-4.955));
#11855=VECTOR('',#13428,0.64);
#11856=CARTESIAN_POINT('',(-0.32,-0.29,-4.285));
#11857=VECTOR('',#13429,0.67);
#11858=CARTESIAN_POINT('',(-0.32,1.21,2.555));
#11859=CARTESIAN_POINT('',(-0.32,1.85,2.555));
#11860=VECTOR('',#13430,0.64);
#11861=CARTESIAN_POINT('',(-0.32,1.21,2.555));
#11862=VECTOR('',#13431,4.2);
#11863=CARTESIAN_POINT('',(-0.32,1.85,-7.045));
#11864=AXIS2_PLACEMENT_3D('',#13432,#13433,#13434);
#11865=CARTESIAN_POINT('',(-0.32,1.85,-7.295));
#11866=CARTESIAN_POINT('',(-0.32,1.85,-7.295));
#11867=VECTOR('',#13435,0.25);
#11868=CARTESIAN_POINT('',(-0.32,1.640564477612,-8.135));
#11869=CARTESIAN_POINT('',(-0.32,1.640564477612,-8.135));
#11870=VECTOR('',#13436,0.8657154486539);
#11871=CARTESIAN_POINT('',(-0.32,1.419435522388,-8.135));
#11872=CARTESIAN_POINT('',(-0.32,1.419435522388,-8.135));
#11873=VECTOR('',#13437,0.2211289552235);
#11874=CARTESIAN_POINT('',(-0.32,1.21,-7.295));
#11875=CARTESIAN_POINT('',(-0.32,1.21,-7.295));
#11876=VECTOR('',#13438,0.8657154486539);
#11877=CARTESIAN_POINT('',(-0.32,1.21,-7.045));
#11878=CARTESIAN_POINT('',(-0.32,1.21,-7.045));
#11879=VECTOR('',#13439,0.25);
#11880=CARTESIAN_POINT('',(-0.32,1.21,-5.573266328441));
#11881=AXIS2_PLACEMENT_3D('',#13440,#13441,#13442);
#11882=CARTESIAN_POINT('',(-0.32,1.21,-4.285));
#11883=VECTOR('',#13443,1.288266328441);
#11884=CARTESIAN_POINT('',(-0.32,-1.15,2.555));
#11885=CARTESIAN_POINT('',(-0.32,-1.15,2.555));
#11886=VECTOR('',#13444,0.64);
#11887=CARTESIAN_POINT('',(-0.32,-1.15,-1.645));
#11888=VECTOR('',#13445,4.2);
#11889=CARTESIAN_POINT('',(-0.32,-1.15,-7.045));
#11890=CARTESIAN_POINT('',(-0.32,-1.15,-5.573266328441));
#11891=AXIS2_PLACEMENT_3D('',#13446,#13447,#13448);
#11892=CARTESIAN_POINT('',(-0.32,-1.15,-7.295));
#11893=CARTESIAN_POINT('',(-0.32,-1.15,-7.295));
#11894=VECTOR('',#13449,0.25);
#11895=CARTESIAN_POINT('',(-0.32,-1.359435522388,-8.135));
#11896=CARTESIAN_POINT('',(-0.32,-1.359435522388,-8.135));
#11897=VECTOR('',#13450,0.8657154486539);
#11898=CARTESIAN_POINT('',(-0.32,-1.580564477612,-8.135));
#11899=CARTESIAN_POINT('',(-0.32,-1.580564477612,-8.135));
#11900=VECTOR('',#13451,0.2211289552235);
#11901=CARTESIAN_POINT('',(-0.32,-1.79,-7.295));
#11902=CARTESIAN_POINT('',(-0.32,-1.79,-7.295));
#11903=VECTOR('',#13452,0.8657154486539);
#11904=CARTESIAN_POINT('',(-0.32,-1.79,-7.045));
#11905=CARTESIAN_POINT('',(-0.32,-1.79,-7.045));
#11906=VECTOR('',#13453,0.25);
#11907=AXIS2_PLACEMENT_3D('',#13454,#13455,#13456);
#11908=CARTESIAN_POINT('',(-0.32,-1.15,-5.573266328441));
#11909=VECTOR('',#13457,1.288266328441);
#11910=CARTESIAN_POINT('',(0.32,-0.29,-4.955));
#11911=VECTOR('',#13458,0.64);
#11912=CARTESIAN_POINT('',(0.32,1.21,2.555));
#11913=VECTOR('',#13459,0.64);
#11914=CARTESIAN_POINT('',(0.32,1.21,-5.573266328441));
#11915=VECTOR('',#13460,0.64);
#11916=CARTESIAN_POINT('',(0.32,1.21,-7.045));
#11917=VECTOR('',#13461,0.64);
#11918=CARTESIAN_POINT('',(0.32,1.21,-7.295));
#11919=VECTOR('',#13462,0.64);
#11920=CARTESIAN_POINT('',(0.32,1.419435522388,-8.135));
#11921=VECTOR('',#13463,0.64);
#11922=CARTESIAN_POINT('',(0.32,1.640564477612,-8.135));
#11923=VECTOR('',#13464,0.64);
#11924=CARTESIAN_POINT('',(0.32,1.85,-7.295));
#11925=VECTOR('',#13465,0.64);
#11926=CARTESIAN_POINT('',(0.32,1.85,-7.045));
#11927=VECTOR('',#13466,0.64);
#11928=CARTESIAN_POINT('',(0.32,-1.15,-5.573266328441));
#11929=VECTOR('',#13467,0.64);
#11930=CARTESIAN_POINT('',(0.32,-1.15,2.555));
#11931=VECTOR('',#13468,0.64);
#11932=CARTESIAN_POINT('',(0.32,-1.15,-7.045));
#11933=VECTOR('',#13469,0.64);
#11934=CARTESIAN_POINT('',(0.32,-1.15,-7.295));
#11935=VECTOR('',#13470,0.64);
#11936=CARTESIAN_POINT('',(0.32,-1.359435522388,-8.135));
#11937=VECTOR('',#13471,0.64);
#11938=CARTESIAN_POINT('',(0.32,-1.580564477612,-8.135));
#11939=VECTOR('',#13472,0.64);
#11940=CARTESIAN_POINT('',(0.32,-1.79,-7.295));
#11941=VECTOR('',#13473,0.64);
#11942=CARTESIAN_POINT('',(0.32,-1.79,-7.045));
#11943=VECTOR('',#13474,0.64);
#11944=CARTESIAN_POINT('',(-2.7015,-1.79,-3.955));
#11945=CARTESIAN_POINT('',(-2.7015,-1.79,-3.955));
#11946=VECTOR('',#13475,1.64);
#11947=CARTESIAN_POINT('',(-2.7015,-1.79,-3.955));
#11948=VECTOR('',#13476,0.33);
#11949=CARTESIAN_POINT('',(-2.7015,1.85,-3.955));
#11950=CARTESIAN_POINT('',(-2.7015,1.85,-3.955));
#11951=VECTOR('',#13477,1.0);
#11952=CARTESIAN_POINT('',(-2.7015,3.175,-3.955));
#11953=VECTOR('',#13478,1.325);
#11954=CARTESIAN_POINT('',(-2.7015,1.21,-3.955));
#11955=CARTESIAN_POINT('',(-2.7015,1.21,-3.955));
#11956=VECTOR('',#13479,0.33);
#11957=CARTESIAN_POINT('',(-2.7015,0.35,-3.955));
#11958=CARTESIAN_POINT('',(-2.7015,0.35,-3.955));
#11959=VECTOR('',#13480,0.33);
#11960=CARTESIAN_POINT('',(-2.7015,1.21,-3.955));
#11961=VECTOR('',#13481,0.86);
#11962=CARTESIAN_POINT('',(-2.7015,-1.15,-3.955));
#11963=CARTESIAN_POINT('',(-2.7015,-1.15,-3.955));
#11964=VECTOR('',#13482,0.33);
#11965=CARTESIAN_POINT('',(-2.7015,-0.29,-3.955));
#11966=CARTESIAN_POINT('',(-2.7015,-0.29,-3.955));
#11967=VECTOR('',#13483,0.86);
#11968=CARTESIAN_POINT('',(-2.7015,-0.29,-3.955));
#11969=VECTOR('',#13484,0.33);
#11970=CARTESIAN_POINT('',(-2.68,-1.79,2.555));
#11971=CARTESIAN_POINT('',(-3.32,-1.79,2.555));
#11972=CARTESIAN_POINT('',(-2.68,-1.79,2.555));
#11973=VECTOR('',#13485,0.64);
#11974=CARTESIAN_POINT('',(-3.32,-1.79,2.555));
#11975=VECTOR('',#13486,4.2);
#11976=CARTESIAN_POINT('',(-2.68,-1.79,2.555));
#11977=VECTOR('',#13487,4.2);
#11978=CARTESIAN_POINT('',(-3.32,-1.79,-5.573266328441));
#11979=CARTESIAN_POINT('',(-3.32,-1.79,-4.285));
#11980=VECTOR('',#13488,1.288266328441);
#11981=CARTESIAN_POINT('',(-2.68,-1.79,-5.573266328441));
#11982=CARTESIAN_POINT('',(-2.68,-1.79,-5.573266328441));
#11983=VECTOR('',#13489,0.64);
#11984=CARTESIAN_POINT('',(-2.68,-1.79,-4.285));
#11985=VECTOR('',#13490,1.288266328441);
#11986=CARTESIAN_POINT('',(-3.2985,-1.79,-3.955));
#11987=CARTESIAN_POINT('',(-3.2985,-1.79,-3.955));
#11988=VECTOR('',#13491,0.597);
#11989=CARTESIAN_POINT('',(-3.2985,-1.79,-4.285));
#11990=VECTOR('',#13492,0.33);
#11991=CARTESIAN_POINT('',(-2.68,-0.29,-4.955));
#11992=CARTESIAN_POINT('',(-2.68,-0.29,-4.285));
#11993=VECTOR('',#13493,0.67);
#11994=CARTESIAN_POINT('',(-2.68,0.35,-4.955));
#11995=CARTESIAN_POINT('',(-2.68,-0.29,-4.955));
#11996=VECTOR('',#13494,0.64);
#11997=CARTESIAN_POINT('',(-2.68,0.35,-4.955));
#11998=VECTOR('',#13495,0.67);
#11999=CARTESIAN_POINT('',(-2.68,1.21,-5.573266328441));
#12000=CARTESIAN_POINT('',(-2.68,1.21,-4.285));
#12001=VECTOR('',#13496,1.288266328441);
#12002=CARTESIAN_POINT('',(-2.68,1.21,-7.045));
#12003=AXIS2_PLACEMENT_3D('',#13497,#13498,#13499);
#12004=CARTESIAN_POINT('',(-2.68,1.21,-7.295));
#12005=CARTESIAN_POINT('',(-2.68,1.21,-7.045));
#12006=VECTOR('',#13500,0.25);
#12007=CARTESIAN_POINT('',(-2.68,1.419435522388,-8.135));
#12008=CARTESIAN_POINT('',(-2.68,1.21,-7.295));
#12009=VECTOR('',#13501,0.8657154486539);
#12010=CARTESIAN_POINT('',(-2.68,1.640564477612,-8.135));
#12011=CARTESIAN_POINT('',(-2.68,1.419435522388,-8.135));
#12012=VECTOR('',#13502,0.2211289552235);
#12013=CARTESIAN_POINT('',(-2.68,1.85,-7.295));
#12014=CARTESIAN_POINT('',(-2.68,1.640564477612,-8.135));
#12015=VECTOR('',#13503,0.8657154486539);
#12016=CARTESIAN_POINT('',(-2.68,1.85,-7.045));
#12017=CARTESIAN_POINT('',(-2.68,1.85,-7.295));
#12018=VECTOR('',#13504,0.25);
#12019=CARTESIAN_POINT('',(-2.68,1.85,-5.573266328441));
#12020=AXIS2_PLACEMENT_3D('',#13505,#13506,#13507);
#12021=CARTESIAN_POINT('',(-2.68,1.85,-5.573266328441));
#12022=VECTOR('',#13508,0.6182663284412);
#12023=CARTESIAN_POINT('',(-2.68,1.85,2.555));
#12024=CARTESIAN_POINT('',(-2.68,1.85,-1.645));
#12025=VECTOR('',#13509,4.2);
#12026=CARTESIAN_POINT('',(-2.68,1.21,2.555));
#12027=CARTESIAN_POINT('',(-2.68,1.85,2.555));
#12028=VECTOR('',#13510,0.64);
#12029=CARTESIAN_POINT('',(-2.68,1.21,2.555));
#12030=VECTOR('',#13511,4.2);
#12031=CARTESIAN_POINT('',(-2.68,-1.15,2.555));
#12032=CARTESIAN_POINT('',(-2.68,-1.15,-1.645));
#12033=VECTOR('',#13512,4.2);
#12034=CARTESIAN_POINT('',(-2.68,-1.15,2.555));
#12035=VECTOR('',#13513,0.64);
#12036=CARTESIAN_POINT('',(-2.68,-1.79,-7.045));
#12037=AXIS2_PLACEMENT_3D('',#13514,#13515,#13516);
#12038=CARTESIAN_POINT('',(-2.68,-1.79,-7.295));
#12039=CARTESIAN_POINT('',(-2.68,-1.79,-7.045));
#12040=VECTOR('',#13517,0.25);
#12041=CARTESIAN_POINT('',(-2.68,-1.580564477612,-8.135));
#12042=CARTESIAN_POINT('',(-2.68,-1.79,-7.295));
#12043=VECTOR('',#13518,0.8657154486539);
#12044=CARTESIAN_POINT('',(-2.68,-1.359435522388,-8.135));
#12045=CARTESIAN_POINT('',(-2.68,-1.580564477612,-8.135));
#12046=VECTOR('',#13519,0.2211289552235);
#12047=CARTESIAN_POINT('',(-2.68,-1.15,-7.295));
#12048=CARTESIAN_POINT('',(-2.68,-1.359435522388,-8.135));
#12049=VECTOR('',#13520,0.8657154486539);
#12050=CARTESIAN_POINT('',(-2.68,-1.15,-7.045));
#12051=CARTESIAN_POINT('',(-2.68,-1.15,-7.295));
#12052=VECTOR('',#13521,0.25);
#12053=CARTESIAN_POINT('',(-2.68,-1.15,-5.573266328441));
#12054=AXIS2_PLACEMENT_3D('',#13522,#13523,#13524);
#12055=CARTESIAN_POINT('',(-2.68,-1.15,-5.573266328441));
#12056=VECTOR('',#13525,1.288266328441);
#12057=CARTESIAN_POINT('',(-3.32,0.35,-4.955));
#12058=CARTESIAN_POINT('',(-2.68,0.35,-4.955));
#12059=VECTOR('',#13526,0.64);
#12060=CARTESIAN_POINT('',(-3.32,0.35,-4.955));
#12061=VECTOR('',#13527,0.67);
#12062=CARTESIAN_POINT('',(-3.2985,0.35,-3.955));
#12063=CARTESIAN_POINT('',(-3.2985,0.35,-4.285));
#12064=VECTOR('',#13528,0.33);
#12065=CARTESIAN_POINT('',(-3.2985,0.35,-3.955));
#12066=VECTOR('',#13529,0.597);
#12067=CARTESIAN_POINT('',(-3.2985,1.85,-3.955));
#12068=CARTESIAN_POINT('',(-3.2985,1.85,-3.955));
#12069=VECTOR('',#13530,0.597);
#12070=CARTESIAN_POINT('',(-3.2985,3.175,-3.955));
#12071=VECTOR('',#13531,1.325);
#12072=CARTESIAN_POINT('',(-3.2985,1.21,-3.955));
#12073=CARTESIAN_POINT('',(-3.2985,1.21,-3.955));
#12074=VECTOR('',#13532,0.597);
#12075=CARTESIAN_POINT('',(-3.2985,1.21,-3.955));
#12076=VECTOR('',#13533,0.86);
#12077=CARTESIAN_POINT('',(-3.2985,-1.15,-3.955));
#12078=CARTESIAN_POINT('',(-3.2985,-1.15,-3.955));
#12079=VECTOR('',#13534,0.597);
#12080=CARTESIAN_POINT('',(-3.2985,-0.29,-3.955));
#12081=CARTESIAN_POINT('',(-3.2985,-0.29,-3.955));
#12082=VECTOR('',#13535,0.86);
#12083=CARTESIAN_POINT('',(-3.2985,-0.29,-3.955));
#12084=VECTOR('',#13536,0.597);
#12085=CARTESIAN_POINT('',(-3.2985,-1.79,-3.955));
#12086=VECTOR('',#13537,1.64);
#12087=CARTESIAN_POINT('',(-3.2985,1.85,-4.955));
#12088=VECTOR('',#13538,1.0);
#12089=CARTESIAN_POINT('',(-3.2985,1.21,-4.285));
#12090=VECTOR('',#13539,0.33);
#12091=CARTESIAN_POINT('',(-3.2985,-0.29,-4.285));
#12092=VECTOR('',#13540,0.33);
#12093=CARTESIAN_POINT('',(-3.2985,-1.15,-4.285));
#12094=VECTOR('',#13541,0.33);
#12095=CARTESIAN_POINT('',(-3.32,1.85,-5.573266328441));
#12096=CARTESIAN_POINT('',(-2.68,1.85,-5.573266328441));
#12097=VECTOR('',#13542,0.64);
#12098=CARTESIAN_POINT('',(-3.32,1.85,-5.573266328441));
#12099=VECTOR('',#13543,0.6182663284412);
#12100=CARTESIAN_POINT('',(-3.32,1.85,2.555));
#12101=CARTESIAN_POINT('',(-3.32,1.85,-1.645));
#12102=VECTOR('',#13544,4.2);
#12103=CARTESIAN_POINT('',(-2.68,1.85,2.555));
#12104=VECTOR('',#13545,0.64);
#12105=CARTESIAN_POINT('',(-3.32,-0.29,-4.955));
#12106=CARTESIAN_POINT('',(-3.32,-0.29,-4.955));
#12107=VECTOR('',#13546,0.64);
#12108=CARTESIAN_POINT('',(-3.32,-0.29,-4.285));
#12109=VECTOR('',#13547,0.67);
#12110=CARTESIAN_POINT('',(-3.32,1.85,-7.045));
#12111=AXIS2_PLACEMENT_3D('',#13548,#13549,#13550);
#12112=CARTESIAN_POINT('',(-3.32,1.85,-7.295));
#12113=CARTESIAN_POINT('',(-3.32,1.85,-7.295));
#12114=VECTOR('',#13551,0.25);
#12115=CARTESIAN_POINT('',(-3.32,1.640564477612,-8.135));
#12116=CARTESIAN_POINT('',(-3.32,1.640564477612,-8.135));
#12117=VECTOR('',#13552,0.8657154486539);
#12118=CARTESIAN_POINT('',(-3.32,1.419435522388,-8.135));
#12119=CARTESIAN_POINT('',(-3.32,1.419435522388,-8.135));
#12120=VECTOR('',#13553,0.2211289552235);
#12121=CARTESIAN_POINT('',(-3.32,1.21,-7.295));
#12122=CARTESIAN_POINT('',(-3.32,1.21,-7.295));
#12123=VECTOR('',#13554,0.8657154486539);
#12124=CARTESIAN_POINT('',(-3.32,1.21,-7.045));
#12125=CARTESIAN_POINT('',(-3.32,1.21,-7.045));
#12126=VECTOR('',#13555,0.25);
#12127=CARTESIAN_POINT('',(-3.32,1.21,-5.573266328441));
#12128=AXIS2_PLACEMENT_3D('',#13556,#13557,#13558);
#12129=CARTESIAN_POINT('',(-3.32,1.21,-4.285));
#12130=VECTOR('',#13559,1.288266328441);
#12131=CARTESIAN_POINT('',(-3.32,1.21,2.555));
#12132=CARTESIAN_POINT('',(-3.32,1.85,2.555));
#12133=VECTOR('',#13560,0.64);
#12134=CARTESIAN_POINT('',(-3.32,1.21,2.555));
#12135=VECTOR('',#13561,4.2);
#12136=CARTESIAN_POINT('',(-3.32,-1.15,2.555));
#12137=CARTESIAN_POINT('',(-3.32,-1.15,2.555));
#12138=VECTOR('',#13562,0.64);
#12139=CARTESIAN_POINT('',(-3.32,-1.15,-1.645));
#12140=VECTOR('',#13563,4.2);
#12141=CARTESIAN_POINT('',(-3.32,-1.15,-7.045));
#12142=CARTESIAN_POINT('',(-3.32,-1.15,-5.573266328441));
#12143=AXIS2_PLACEMENT_3D('',#13564,#13565,#13566);
#12144=CARTESIAN_POINT('',(-3.32,-1.15,-7.295));
#12145=CARTESIAN_POINT('',(-3.32,-1.15,-7.295));
#12146=VECTOR('',#13567,0.25);
#12147=CARTESIAN_POINT('',(-3.32,-1.359435522388,-8.135));
#12148=CARTESIAN_POINT('',(-3.32,-1.359435522388,-8.135));
#12149=VECTOR('',#13568,0.8657154486539);
#12150=CARTESIAN_POINT('',(-3.32,-1.580564477612,-8.135));
#12151=CARTESIAN_POINT('',(-3.32,-1.580564477612,-8.135));
#12152=VECTOR('',#13569,0.2211289552235);
#12153=CARTESIAN_POINT('',(-3.32,-1.79,-7.295));
#12154=CARTESIAN_POINT('',(-3.32,-1.79,-7.295));
#12155=VECTOR('',#13570,0.8657154486539);
#12156=CARTESIAN_POINT('',(-3.32,-1.79,-7.045));
#12157=CARTESIAN_POINT('',(-3.32,-1.79,-7.045));
#12158=VECTOR('',#13571,0.25);
#12159=AXIS2_PLACEMENT_3D('',#13572,#13573,#13574);
#12160=CARTESIAN_POINT('',(-3.32,-1.15,-5.573266328441));
#12161=VECTOR('',#13575,1.288266328441);
#12162=CARTESIAN_POINT('',(-2.68,-0.29,-4.955));
#12163=VECTOR('',#13576,0.64);
#12164=CARTESIAN_POINT('',(-2.68,1.21,2.555));
#12165=VECTOR('',#13577,0.64);
#12166=CARTESIAN_POINT('',(-2.68,1.21,-5.573266328441));
#12167=VECTOR('',#13578,0.64);
#12168=CARTESIAN_POINT('',(-2.68,1.21,-7.045));
#12169=VECTOR('',#13579,0.64);
#12170=CARTESIAN_POINT('',(-2.68,1.21,-7.295));
#12171=VECTOR('',#13580,0.64);
#12172=CARTESIAN_POINT('',(-2.68,1.419435522388,-8.135));
#12173=VECTOR('',#13581,0.64);
#12174=CARTESIAN_POINT('',(-2.68,1.640564477612,-8.135));
#12175=VECTOR('',#13582,0.64);
#12176=CARTESIAN_POINT('',(-2.68,1.85,-7.295));
#12177=VECTOR('',#13583,0.64);
#12178=CARTESIAN_POINT('',(-2.68,1.85,-7.045));
#12179=VECTOR('',#13584,0.64);
#12180=CARTESIAN_POINT('',(-2.68,-1.15,-5.573266328441));
#12181=VECTOR('',#13585,0.64);
#12182=CARTESIAN_POINT('',(-2.68,-1.15,2.555));
#12183=VECTOR('',#13586,0.64);
#12184=CARTESIAN_POINT('',(-2.68,-1.15,-7.045));
#12185=VECTOR('',#13587,0.64);
#12186=CARTESIAN_POINT('',(-2.68,-1.15,-7.295));
#12187=VECTOR('',#13588,0.64);
#12188=CARTESIAN_POINT('',(-2.68,-1.359435522388,-8.135));
#12189=VECTOR('',#13589,0.64);
#12190=CARTESIAN_POINT('',(-2.68,-1.580564477612,-8.135));
#12191=VECTOR('',#13590,0.64);
#12192=CARTESIAN_POINT('',(-2.68,-1.79,-7.295));
#12193=VECTOR('',#13591,0.64);
#12194=CARTESIAN_POINT('',(-2.68,-1.79,-7.045));
#12195=VECTOR('',#13592,0.64);
#12196=CARTESIAN_POINT('',(-6.32,-0.29,-4.955));
#12197=CARTESIAN_POINT('',(-6.32,-0.29,-4.955));
#12198=VECTOR('',#13593,0.64);
#12199=CARTESIAN_POINT('',(-6.32,-0.29,-4.285));
#12200=VECTOR('',#13594,0.67);
#12201=CARTESIAN_POINT('',(-6.32,1.21,2.555));
#12202=CARTESIAN_POINT('',(-6.32,1.85,2.555));
#12203=VECTOR('',#13595,0.64);
#12204=CARTESIAN_POINT('',(-6.32,1.21,2.555));
#12205=VECTOR('',#13596,4.2);
#12206=CARTESIAN_POINT('',(-6.32,1.85,-7.045));
#12207=AXIS2_PLACEMENT_3D('',#13597,#13598,#13599);
#12208=CARTESIAN_POINT('',(-6.32,1.85,-7.295));
#12209=CARTESIAN_POINT('',(-6.32,1.85,-7.295));
#12210=VECTOR('',#13600,0.25);
#12211=CARTESIAN_POINT('',(-6.32,1.640564477612,-8.135));
#12212=CARTESIAN_POINT('',(-6.32,1.640564477612,-8.135));
#12213=VECTOR('',#13601,0.8657154486539);
#12214=CARTESIAN_POINT('',(-6.32,1.419435522388,-8.135));
#12215=CARTESIAN_POINT('',(-6.32,1.419435522388,-8.135));
#12216=VECTOR('',#13602,0.2211289552235);
#12217=CARTESIAN_POINT('',(-6.32,1.21,-7.295));
#12218=CARTESIAN_POINT('',(-6.32,1.21,-7.295));
#12219=VECTOR('',#13603,0.8657154486539);
#12220=CARTESIAN_POINT('',(-6.32,1.21,-7.045));
#12221=CARTESIAN_POINT('',(-6.32,1.21,-7.045));
#12222=VECTOR('',#13604,0.25);
#12223=CARTESIAN_POINT('',(-6.32,1.21,-5.573266328441));
#12224=AXIS2_PLACEMENT_3D('',#13605,#13606,#13607);
#12225=CARTESIAN_POINT('',(-6.32,1.21,-4.285));
#12226=VECTOR('',#13608,1.288266328441);
#12227=CARTESIAN_POINT('',(-6.32,-1.15,2.555));
#12228=CARTESIAN_POINT('',(-6.32,-1.15,2.555));
#12229=VECTOR('',#13609,0.64);
#12230=CARTESIAN_POINT('',(-6.32,-1.15,-1.645));
#12231=VECTOR('',#13610,4.2);
#12232=CARTESIAN_POINT('',(-6.32,-1.15,-7.045));
#12233=CARTESIAN_POINT('',(-6.32,-1.15,-5.573266328441));
#12234=AXIS2_PLACEMENT_3D('',#13611,#13612,#13613);
#12235=CARTESIAN_POINT('',(-6.32,-1.15,-7.295));
#12236=CARTESIAN_POINT('',(-6.32,-1.15,-7.295));
#12237=VECTOR('',#13614,0.25);
#12238=CARTESIAN_POINT('',(-6.32,-1.359435522388,-8.135));
#12239=CARTESIAN_POINT('',(-6.32,-1.359435522388,-8.135));
#12240=VECTOR('',#13615,0.8657154486539);
#12241=CARTESIAN_POINT('',(-6.32,-1.580564477612,-8.135));
#12242=CARTESIAN_POINT('',(-6.32,-1.580564477612,-8.135));
#12243=VECTOR('',#13616,0.2211289552235);
#12244=CARTESIAN_POINT('',(-6.32,-1.79,-7.295));
#12245=CARTESIAN_POINT('',(-6.32,-1.79,-7.295));
#12246=VECTOR('',#13617,0.8657154486539);
#12247=CARTESIAN_POINT('',(-6.32,-1.79,-7.045));
#12248=CARTESIAN_POINT('',(-6.32,-1.79,-7.045));
#12249=VECTOR('',#13618,0.25);
#12250=AXIS2_PLACEMENT_3D('',#13619,#13620,#13621);
#12251=CARTESIAN_POINT('',(-6.32,-1.15,-5.573266328441));
#12252=VECTOR('',#13622,1.288266328441);
#12253=CARTESIAN_POINT('',(-5.68,-0.29,-4.955));
#12254=VECTOR('',#13623,0.64);
#12255=CARTESIAN_POINT('',(-5.68,1.21,2.555));
#12256=VECTOR('',#13624,0.64);
#12257=CARTESIAN_POINT('',(-5.68,1.21,-5.573266328441));
#12258=VECTOR('',#13625,0.64);
#12259=CARTESIAN_POINT('',(-5.68,1.21,-7.045));
#12260=VECTOR('',#13626,0.64);
#12261=CARTESIAN_POINT('',(-5.68,1.21,-7.295));
#12262=VECTOR('',#13627,0.64);
#12263=CARTESIAN_POINT('',(-5.68,1.419435522388,-8.135));
#12264=VECTOR('',#13628,0.64);
#12265=CARTESIAN_POINT('',(-5.68,1.640564477612,-8.135));
#12266=VECTOR('',#13629,0.64);
#12267=CARTESIAN_POINT('',(-5.68,1.85,-7.295));
#12268=VECTOR('',#13630,0.64);
#12269=CARTESIAN_POINT('',(-5.68,1.85,-7.045));
#12270=VECTOR('',#13631,0.64);
#12271=CARTESIAN_POINT('',(-5.68,-1.15,-5.573266328441));
#12272=VECTOR('',#13632,0.64);
#12273=CARTESIAN_POINT('',(-5.68,-1.15,2.555));
#12274=VECTOR('',#13633,0.64);
#12275=CARTESIAN_POINT('',(-5.68,-1.15,-7.045));
#12276=VECTOR('',#13634,0.64);
#12277=CARTESIAN_POINT('',(-5.68,-1.15,-7.295));
#12278=VECTOR('',#13635,0.64);
#12279=CARTESIAN_POINT('',(-5.68,-1.359435522388,-8.135));
#12280=VECTOR('',#13636,0.64);
#12281=CARTESIAN_POINT('',(-5.68,-1.580564477612,-8.135));
#12282=VECTOR('',#13637,0.64);
#12283=CARTESIAN_POINT('',(-5.68,-1.79,-7.295));
#12284=VECTOR('',#13638,0.64);
#12285=CARTESIAN_POINT('',(-5.68,-1.79,-7.045));
#12286=VECTOR('',#13639,0.64);
#12287=CARTESIAN_POINT('',(-9.43,2.47,-5.484999486362));
#12288=CARTESIAN_POINT('',(-9.43,2.47,-4.955));
#12289=VECTOR('',#13640,0.5299999787808);
#12290=CARTESIAN_POINT('',(-8.57,2.47,-4.955));
#12291=VECTOR('',#13641,0.5299999787808);
#12292=AXIS2_PLACEMENT_3D('',#13642,#13643,#13644);
#12293=CARTESIAN_POINT('',(-9.099999930554,2.47,-5.815000049674));
#12294=AXIS2_PLACEMENT_3D('',#13645,#13646,#13647);
#12295=CARTESIAN_POINT('',(-9.099999993398,2.469999999932,-5.81499999342));
#12296=VECTOR('',#13648,0.4666904755487);
#12297=CARTESIAN_POINT('',(8.900000069446,2.47,-5.815000049674));
#12298=AXIS2_PLACEMENT_3D('',#13649,#13650,#13651);
#12299=AXIS2_PLACEMENT_3D('',#13652,#13653,#13654);
#12300=AXIS2_PLACEMENT_3D('',#13655,#13656,#13657);
#12301=CARTESIAN_POINT('',(8.57,2.47,-5.484999486362));
#12302=AXIS2_PLACEMENT_3D('',#13658,#13659,#13660);
#12303=CARTESIAN_POINT('',(8.900000006601,2.469999999932,-5.81499999342));
#12304=VECTOR('',#13661,0.4666904755487);
#12305=AXIS2_PLACEMENT_3D('',#13662,#13663,#13664);
#12306=CARTESIAN_POINT('',(8.57,2.47,-4.955));
#12307=VECTOR('',#13665,0.5299999787808);
#12308=CARTESIAN_POINT('',(9.43,2.47,-4.955));
#12309=VECTOR('',#13666,0.5299999787808);
#12310=AXIS2_PLACEMENT_3D('',#13667,#13668,#13669);
#12311=CARTESIAN_POINT('',(6.32,1.85,-7.045));
#12312=VECTOR('',#13670,0.64);
#12313=CARTESIAN_POINT('',(6.32,1.85,-7.295));
#12314=VECTOR('',#13671,0.64);
#12315=CARTESIAN_POINT('',(6.32,1.640564477612,-8.135));
#12316=VECTOR('',#13672,0.64);
#12317=CARTESIAN_POINT('',(6.32,1.419435522388,-8.135));
#12318=VECTOR('',#13673,0.64);
#12319=CARTESIAN_POINT('',(6.32,1.21,-7.295));
#12320=VECTOR('',#13674,0.64);
#12321=CARTESIAN_POINT('',(6.32,1.21,-7.045));
#12322=VECTOR('',#13675,0.64);
#12323=CARTESIAN_POINT('',(6.32,-0.29,-4.955));
#12324=VECTOR('',#13676,0.64);
#12325=CARTESIAN_POINT('',(6.32,-1.79,2.555));
#12326=VECTOR('',#13677,0.64);
#12327=CARTESIAN_POINT('',(6.32,-1.79,-5.573266328441));
#12328=VECTOR('',#13678,0.64);
#12329=CARTESIAN_POINT('',(6.32,-1.15,2.555));
#12330=VECTOR('',#13679,0.64);
#12331=CARTESIAN_POINT('',(6.32,-1.15,-5.573266328441));
#12332=VECTOR('',#13680,0.64);
#12333=CARTESIAN_POINT('',(6.32,-1.15,-7.045));
#12334=VECTOR('',#13681,0.64);
#12335=CARTESIAN_POINT('',(6.32,-1.15,-7.295));
#12336=VECTOR('',#13682,0.64);
#12337=CARTESIAN_POINT('',(6.32,-1.359435522388,-8.135));
#12338=VECTOR('',#13683,0.64);
#12339=CARTESIAN_POINT('',(6.32,-1.580564477612,-8.135));
#12340=VECTOR('',#13684,0.64);
#12341=CARTESIAN_POINT('',(6.32,-1.79,-7.295));
#12342=VECTOR('',#13685,0.64);
#12343=CARTESIAN_POINT('',(6.32,-1.79,-7.045));
#12344=VECTOR('',#13686,0.64);
#12345=CARTESIAN_POINT('',(9.275,-2.1175,2.805));
#12346=CARTESIAN_POINT('',(9.325,-2.1175,2.805));
#12347=VECTOR('',#13687,0.05);
#12348=CARTESIAN_POINT('',(9.275,-2.1175,1.555));
#12349=CARTESIAN_POINT('',(9.275,-2.1175,1.555));
#12350=VECTOR('',#13688,1.25);
#12351=CARTESIAN_POINT('',(9.325,-2.1175,1.555));
#12352=VECTOR('',#13689,0.05);
#12353=CARTESIAN_POINT('',(9.275,-2.27375,1.555));
#12354=CARTESIAN_POINT('',(9.275,-2.27375,1.555));
#12355=VECTOR('',#13690,0.15625);
#12356=CARTESIAN_POINT('',(9.325,-2.27375,1.555));
#12357=VECTOR('',#13691,0.05);
#12358=CARTESIAN_POINT('',(9.275,-2.27375,2.592234067917));
#12359=CARTESIAN_POINT('',(9.275,-2.27375,2.592234067917));
#12360=VECTOR('',#13692,1.037234067917);
#12361=CARTESIAN_POINT('',(9.325,-2.27375,2.592234067917));
#12362=VECTOR('',#13693,0.05);
#12363=CARTESIAN_POINT('',(9.275,-2.43,2.406063802838));
#12364=CARTESIAN_POINT('',(9.275,-2.43,2.406063802838));
#12365=VECTOR('',#13694,0.2430502624961);
#12366=CARTESIAN_POINT('',(9.325,-2.43,2.406063802838));
#12367=VECTOR('',#13695,0.05);
#12368=CARTESIAN_POINT('',(9.275,-2.43,2.618829809427));
#12369=CARTESIAN_POINT('',(9.275,-2.43,2.618829809427));
#12370=VECTOR('',#13696,0.2127660065889);
#12371=CARTESIAN_POINT('',(9.325,-2.43,2.618829809427));
#12372=VECTOR('',#13697,0.05);
#12373=CARTESIAN_POINT('',(9.275,-2.27375,2.805));
#12374=CARTESIAN_POINT('',(9.275,-2.27375,2.805));
#12375=VECTOR('',#13698,0.2430502054266);
#12376=CARTESIAN_POINT('',(9.325,-2.27375,2.805));
#12377=VECTOR('',#13699,0.05);
#12378=CARTESIAN_POINT('',(9.275,-2.1175,2.805));
#12379=VECTOR('',#13700,0.15625);
#12380=CARTESIAN_POINT('',(-9.325,1.1,-0.345));
#12381=VECTOR('',#13701,1.4);
#12382=CARTESIAN_POINT('',(-9.325,0.575,-0.345));
#12383=VECTOR('',#13702,1.4);
#12384=CARTESIAN_POINT('',(-9.325,0.575,-2.845));
#12385=VECTOR('',#13703,1.4);
#12386=CARTESIAN_POINT('',(-9.325,-0.575,-2.845));
#12387=VECTOR('',#13704,1.4);
#12388=CARTESIAN_POINT('',(-9.325,-0.575,-0.345));
#12389=VECTOR('',#13705,1.4);
#12390=DIRECTION('',(-0.0,-0.707106711283107,0.707106851089982));
#12391=CARTESIAN_POINT('',(-9.0,2.47,-5.815000049674));
#12392=DIRECTION('',(0.0,0.0,-1.0));
#12393=DIRECTION('',(1.0,-7.549521810273E-14,0.0));
#12394=DIRECTION('',(0.707106749765397,3.23757822860399E-10,0.707106812607697));
#12395=CARTESIAN_POINT('',(-9.0,2.47,-5.484999486362));
#12396=DIRECTION('',(0.0,0.0,-1.0));
#12397=DIRECTION('',(1.0,0.0,0.0));
#12398=DIRECTION('',(0.0,-0.707106711283107,-0.707106851089982));
#12399=CARTESIAN_POINT('',(9.0,2.47,-5.484999486362));
#12400=DIRECTION('',(0.0,0.0,-1.0));
#12401=DIRECTION('',(-1.0,0.0,0.0));
#12402=DIRECTION('',(0.707106749765397,3.23753065004499E-10,0.707106812607697));
#12403=CARTESIAN_POINT('',(9.0,2.47,-5.815000049674));
#12404=DIRECTION('',(0.0,0.0,-1.0));
#12405=DIRECTION('',(-1.0,0.0,0.0));
#12406=DIRECTION('',(-0.0,-0.707106711283107,0.707106851089982));
#12407=CARTESIAN_POINT('',(9.0,2.47,-5.815000049674));
#12408=DIRECTION('',(0.0,0.0,-1.0));
#12409=DIRECTION('',(1.0,0.0,0.0));
#12410=CARTESIAN_POINT('',(9.0,2.47,-5.484999486362));
#12411=DIRECTION('',(0.0,0.0,-1.0));
#12412=DIRECTION('',(1.0,0.0,0.0));
#12413=DIRECTION('',(0.0,-0.707106711283107,-0.707106851089982));
#12414=CARTESIAN_POINT('',(-9.0,2.47,-5.484999486362));
#12415=DIRECTION('',(0.0,0.0,-1.0));
#12416=DIRECTION('',(-1.0,0.0,0.0));
#12417=CARTESIAN_POINT('',(-9.0,2.47,-5.815000049674));
#12418=DIRECTION('',(-0.0,0.0,-1.0));
#12419=DIRECTION('',(-1.0,-2.664537109508E-14,0.0));
#12420=DIRECTION('',(1.0,0.0,0.0));
#12421=CARTESIAN_POINT('',(-0.7,4.18,1.329177595493));
#12422=DIRECTION('',(-1.0,0.0,0.0));
#12423=DIRECTION('',(0.0,-1.0,0.0));
#12424=DIRECTION('',(1.0,0.0,0.0));
#12425=CARTESIAN_POINT('',(0.7,4.18,1.329177595493));
#12426=DIRECTION('',(-1.0,0.0,0.0));
#12427=DIRECTION('',(0.0,-1.0,0.0));
#12428=DIRECTION('',(0.0,1.0,0.0));
#12429=DIRECTION('',(0.0,0.0,-1.0));
#12430=DIRECTION('',(0.0,1.0,0.0));
#12431=DIRECTION('',(0.0,0.0,1.0));
#12432=DIRECTION('',(0.0,1.0,0.0));
#12433=DIRECTION('',(0.0,0.0,-1.0));
#12434=DIRECTION('',(0.0,1.0,0.0));
#12435=DIRECTION('',(0.0,-1.0,0.0));
#12436=DIRECTION('',(0.0,0.0,1.0));
#12437=DIRECTION('',(0.0,1.0,0.0));
#12438=DIRECTION('',(0.0,0.0,-1.0));
#12439=DIRECTION('',(0.0,-1.0,0.0));
#12440=DIRECTION('',(0.0,1.0,0.0));
#12441=DIRECTION('',(0.0,0.0,-1.0));
#12442=DIRECTION('',(1.0,0.0,0.0));
#12443=DIRECTION('',(-1.0,0.0,0.0));
#12444=DIRECTION('',(0.0,0.0,-1.0));
#12445=DIRECTION('',(0.0,0.0,-1.0));
#12446=DIRECTION('',(0.0,1.0,0.0));
#12447=DIRECTION('',(0.0,0.0,-1.0));
#12448=DIRECTION('',(0.0,-1.0,0.0));
#12449=DIRECTION('',(0.0,0.0,1.0));
#12450=DIRECTION('',(0.0,1.0,0.0));
#12451=DIRECTION('',(0.0,0.0,1.0));
#12452=DIRECTION('',(0.0,1.0,0.0));
#12453=DIRECTION('',(0.0,0.0,-1.0));
#12454=DIRECTION('',(0.0,1.0,0.0));
#12455=DIRECTION('',(0.0,-1.0,0.0));
#12456=DIRECTION('',(-1.0,0.0,0.0));
#12457=DIRECTION('',(-1.0,0.0,0.0));
#12458=DIRECTION('',(-1.0,0.0,0.0));
#12459=DIRECTION('',(-1.0,0.0,0.0));
#12460=DIRECTION('',(0.0,0.0,1.0));
#12461=DIRECTION('',(-0.646977448195094,0.0,0.762509135372793));
#12462=DIRECTION('',(-0.646977448195094,0.0,-0.762509135372793));
#12463=DIRECTION('',(0.0,-1.0,0.0));
#12464=DIRECTION('',(-0.646977448195094,0.0,0.762509135372793));
#12465=DIRECTION('',(0.0,-1.0,0.0));
#12466=DIRECTION('',(-0.646977448195094,0.0,0.762509135372793));
#12467=DIRECTION('',(0.0,-1.0,0.0));
#12468=DIRECTION('',(-0.646977448195094,0.0,0.762509135372793));
#12469=DIRECTION('',(-0.625946015195187,-0.252898606095895,0.737722089337184));
#12470=DIRECTION('',(0.0,-1.0,0.0));
#12471=DIRECTION('',(0.0,0.0,1.0));
#12472=DIRECTION('',(-1.0,0.0,0.0));
#12473=DIRECTION('',(-0.646977448195094,0.0,-0.762509135372793));
#12474=DIRECTION('',(0.0,-1.0,0.0));
#12475=DIRECTION('',(0.0,1.0,0.0));
#12476=DIRECTION('',(-1.0,0.0,0.0));
#12477=DIRECTION('',(0.0,1.0,0.0));
#12478=DIRECTION('',(0.0,-1.0,0.0));
#12479=DIRECTION('',(-1.0,0.0,0.0));
#12480=DIRECTION('',(-1.0,0.0,0.0));
#12481=DIRECTION('',(0.0,0.0,-1.0));
#12482=DIRECTION('',(0.0,0.0,-1.0));
#12483=DIRECTION('',(0.0,0.0,-1.0));
#12484=DIRECTION('',(0.0,1.0,0.0));
#12485=DIRECTION('',(0.0,0.0,1.0));
#12486=DIRECTION('',(0.0,0.0,-1.0));
#12487=DIRECTION('',(0.0,1.0,0.0));
#12488=DIRECTION('',(0.0,0.0,1.0));
#12489=DIRECTION('',(0.0,1.0,0.0));
#12490=DIRECTION('',(0.0,0.0,-1.0));
#12491=DIRECTION('',(0.0,1.0,0.0));
#12492=DIRECTION('',(0.0,1.0,0.0));
#12493=DIRECTION('',(0.0,0.0,-1.0));
#12494=DIRECTION('',(0.0,0.64287114276419,0.765974342782488));
#12495=DIRECTION('',(0.0,0.0,-1.0));
#12496=DIRECTION('',(0.0,-0.642871293713882,-0.765974216092578));
#12497=DIRECTION('',(0.0,-1.0,0.0));
#12498=DIRECTION('',(0.0,0.0,1.0));
#12499=DIRECTION('',(-1.0,0.0,0.0));
#12500=DIRECTION('',(0.0,1.0,0.0));
#12501=DIRECTION('',(0.0,1.0,0.0));
#12502=DIRECTION('',(0.0,0.0,-1.0));
#12503=DIRECTION('',(0.0,1.0,0.0));
#12504=DIRECTION('',(0.0,0.0,1.0));
#12505=DIRECTION('',(0.0,1.0,0.0));
#12506=DIRECTION('',(0.0,0.0,1.0));
#12507=DIRECTION('',(-1.0,0.0,0.0));
#12508=DIRECTION('',(-1.0,0.0,0.0));
#12509=DIRECTION('',(-1.0,0.0,0.0));
#12510=DIRECTION('',(-1.0,0.0,0.0));
#12511=DIRECTION('',(1.0,0.0,0.0));
#12512=DIRECTION('',(0.0,-1.0,0.0));
#12513=DIRECTION('',(0.0,-1.0,0.0));
#12514=DIRECTION('',(1.0,0.0,0.0));
#12515=DIRECTION('',(-1.0,0.0,0.0));
#12516=DIRECTION('',(0.0,1.0,0.0));
#12517=DIRECTION('',(0.707106781186597,0.707106781186498,0.0));
#12518=DIRECTION('',(1.0,0.0,0.0));
#12519=DIRECTION('',(0.0,-1.0,0.0));
#12520=DIRECTION('',(0.0,1.0,0.0));
#12521=DIRECTION('',(1.0,0.0,0.0));
#12522=DIRECTION('',(0.0,-1.0,0.0));
#12523=DIRECTION('',(-1.0,0.0,0.0));
#12524=DIRECTION('',(-1.0,0.0,0.0));
#12525=DIRECTION('',(0.0,1.0,0.0));
#12526=DIRECTION('',(1.0,0.0,0.0));
#12527=DIRECTION('',(0.707106781186597,-0.707106781186498,0.0));
#12528=DIRECTION('',(0.0,-1.0,0.0));
#12529=DIRECTION('',(0.0,-1.0,0.0));
#12530=DIRECTION('',(-1.0,0.0,0.0));
#12531=DIRECTION('',(0.0,1.0,0.0));
#12532=DIRECTION('',(0.707106781186597,0.707106781186498,0.0));
#12533=DIRECTION('',(1.0,0.0,0.0));
#12534=DIRECTION('',(0.0,-1.0,0.0));
#12535=DIRECTION('',(-1.0,0.0,0.0));
#12536=DIRECTION('',(0.0,1.0,0.0));
#12537=DIRECTION('',(0.707106781186597,0.707106781186498,0.0));
#12538=DIRECTION('',(1.0,0.0,0.0));
#12539=DIRECTION('',(0.0,1.0,0.0));
#12540=DIRECTION('',(1.0,0.0,0.0));
#12541=DIRECTION('',(0.707106781186597,-0.707106781186498,0.0));
#12542=DIRECTION('',(0.0,-1.0,0.0));
#12543=DIRECTION('',(-1.0,0.0,0.0));
#12544=DIRECTION('',(0.0,-1.0,0.0));
#12545=DIRECTION('',(-1.0,0.0,0.0));
#12546=DIRECTION('',(0.0,1.0,0.0));
#12547=DIRECTION('',(0.707106781186597,0.707106781186498,0.0));
#12548=DIRECTION('',(1.0,0.0,0.0));
#12549=DIRECTION('',(0.0,-1.0,0.0));
#12550=DIRECTION('',(-1.0,0.0,0.0));
#12551=DIRECTION('',(0.0,1.0,0.0));
#12552=DIRECTION('',(0.707106781186597,0.707106781186498,0.0));
#12553=DIRECTION('',(1.0,0.0,0.0));
#12554=DIRECTION('',(0.0,1.0,0.0));
#12555=DIRECTION('',(1.0,0.0,0.0));
#12556=DIRECTION('',(0.707106781186597,-0.707106781186498,0.0));
#12557=DIRECTION('',(0.0,-1.0,0.0));
#12558=DIRECTION('',(-1.0,0.0,0.0));
#12559=DIRECTION('',(0.707106781186597,-0.707106781186498,0.0));
#12560=DIRECTION('',(0.0,-1.0,0.0));
#12561=DIRECTION('',(-1.0,0.0,0.0));
#12562=DIRECTION('',(0.0,1.0,0.0));
#12563=DIRECTION('',(1.0,0.0,0.0));
#12564=DIRECTION('',(1.0,0.0,0.0));
#12565=DIRECTION('',(0.0,0.0,1.0));
#12566=DIRECTION('',(-1.0,0.0,0.0));
#12567=DIRECTION('',(0.0,0.0,1.0));
#12568=DIRECTION('',(1.0,0.0,0.0));
#12569=DIRECTION('',(0.0,0.0,1.0));
#12570=DIRECTION('',(-1.0,0.0,0.0));
#12571=DIRECTION('',(0.0,0.0,1.0));
#12572=DIRECTION('',(1.0,0.0,0.0));
#12573=DIRECTION('',(0.0,0.0,1.0));
#12574=DIRECTION('',(-1.0,0.0,0.0));
#12575=DIRECTION('',(0.0,0.0,1.0));
#12576=DIRECTION('',(1.0,0.0,0.0));
#12577=DIRECTION('',(0.0,0.0,1.0));
#12578=DIRECTION('',(-1.0,0.0,0.0));
#12579=DIRECTION('',(0.0,0.0,1.0));
#12580=DIRECTION('',(1.0,0.0,0.0));
#12581=DIRECTION('',(0.0,0.0,1.0));
#12582=DIRECTION('',(-1.0,0.0,0.0));
#12583=DIRECTION('',(0.0,0.0,-1.0));
#12584=DIRECTION('',(1.0,0.0,0.0));
#12585=DIRECTION('',(0.0,0.0,-1.0));
#12586=DIRECTION('',(-0.646977448195094,0.0,-0.762509135372793));
#12587=DIRECTION('',(0.0,0.0,-1.0));
#12588=DIRECTION('',(1.0,0.0,0.0));
#12589=DIRECTION('',(0.0,0.0,-1.0));
#12590=DIRECTION('',(-1.0,0.0,0.0));
#12591=DIRECTION('',(0.0,0.0,1.0));
#12592=DIRECTION('',(0.0,0.0,1.0));
#12593=DIRECTION('',(1.0,0.0,0.0));
#12594=DIRECTION('',(0.0,0.0,1.0));
#12595=DIRECTION('',(1.0,0.0,0.0));
#12596=DIRECTION('',(0.0,0.0,1.0));
#12597=DIRECTION('',(1.0,0.0,0.0));
#12598=DIRECTION('',(0.0,0.0,1.0));
#12599=DIRECTION('',(1.0,0.0,0.0));
#12600=DIRECTION('',(0.0,-1.0,0.0));
#12601=DIRECTION('',(1.0,0.0,0.0));
#12602=DIRECTION('',(0.0,1.0,0.0));
#12603=DIRECTION('',(0.0,-1.0,0.0));
#12604=DIRECTION('',(1.0,0.0,0.0));
#12605=DIRECTION('',(0.0,1.0,0.0));
#12606=DIRECTION('',(0.0,0.0,-1.0));
#12607=DIRECTION('',(0.0,1.0,0.0));
#12608=DIRECTION('',(1.0,0.0,0.0));
#12609=DIRECTION('',(0.0,-1.0,0.0));
#12610=DIRECTION('',(0.0,1.0,0.0));
#12611=DIRECTION('',(1.0,0.0,0.0));
#12612=DIRECTION('',(0.0,-1.0,0.0));
#12613=DIRECTION('',(0.0,0.0,-1.0));
#12614=DIRECTION('',(0.0,0.0,-1.0));
#12615=DIRECTION('',(0.0,0.0,-1.0));
#12616=DIRECTION('',(0.0,0.0,1.0));
#12617=DIRECTION('',(0.0,-1.0,0.0));
#12618=DIRECTION('',(0.0,-1.0,0.0));
#12619=DIRECTION('',(0.0,0.0,1.0));
#12620=DIRECTION('',(0.0,1.0,0.0));
#12621=DIRECTION('',(0.0,0.0,1.0));
#12622=DIRECTION('',(0.0,-1.0,0.0));
#12623=DIRECTION('',(0.0,0.0,1.0));
#12624=DIRECTION('',(0.0,1.0,0.0));
#12625=DIRECTION('',(0.0,0.0,1.0));
#12626=DIRECTION('',(0.0,1.0,0.0));
#12627=DIRECTION('',(0.0,0.0,1.0));
#12628=DIRECTION('',(0.0,-1.0,0.0));
#12629=DIRECTION('',(0.0,0.0,1.0));
#12630=DIRECTION('',(0.0,-1.0,0.0));
#12631=DIRECTION('',(0.0,0.0,1.0));
#12632=DIRECTION('',(0.0,1.0,0.0));
#12633=DIRECTION('',(1.0,0.0,0.0));
#12634=DIRECTION('',(0.0,-1.0,0.0));
#12635=DIRECTION('',(1.0,0.0,0.0));
#12636=DIRECTION('',(0.0,1.0,0.0));
#12637=DIRECTION('',(1.0,0.0,0.0));
#12638=DIRECTION('',(0.0,-1.0,0.0));
#12639=DIRECTION('',(1.0,0.0,0.0));
#12640=DIRECTION('',(0.0,1.0,0.0));
#12641=DIRECTION('',(1.0,0.0,0.0));
#12642=DIRECTION('',(0.0,-1.0,0.0));
#12643=DIRECTION('',(-1.0,0.0,0.0));
#12644=DIRECTION('',(0.0,1.0,0.0));
#12645=DIRECTION('',(-1.0,0.0,0.0));
#12646=DIRECTION('',(0.0,1.0,0.0));
#12647=DIRECTION('',(-1.0,0.0,0.0));
#12648=DIRECTION('',(0.0,1.0,0.0));
#12649=DIRECTION('',(-1.0,0.0,0.0));
#12650=DIRECTION('',(0.0,1.0,0.0));
#12651=DIRECTION('',(1.0,0.0,0.0));
#12652=DIRECTION('',(0.0,-1.0,0.0));
#12653=DIRECTION('',(1.0,0.0,0.0));
#12654=DIRECTION('',(0.0,1.0,0.0));
#12655=DIRECTION('',(1.0,0.0,0.0));
#12656=DIRECTION('',(0.0,-1.0,0.0));
#12657=DIRECTION('',(1.0,0.0,0.0));
#12658=DIRECTION('',(0.0,1.0,0.0));
#12659=DIRECTION('',(1.0,0.0,0.0));
#12660=DIRECTION('',(0.0,-1.0,0.0));
#12661=DIRECTION('',(-1.0,0.0,0.0));
#12662=DIRECTION('',(0.0,1.0,0.0));
#12663=DIRECTION('',(1.0,0.0,0.0));
#12664=DIRECTION('',(0.0,1.0,0.0));
#12665=DIRECTION('',(1.0,0.0,0.0));
#12666=DIRECTION('',(0.0,-1.0,0.0));
#12667=DIRECTION('',(1.0,0.0,0.0));
#12668=DIRECTION('',(0.0,1.0,0.0));
#12669=DIRECTION('',(1.0,0.0,0.0));
#12670=DIRECTION('',(0.0,-1.0,0.0));
#12671=DIRECTION('',(1.0,0.0,0.0));
#12672=DIRECTION('',(0.0,1.0,0.0));
#12673=DIRECTION('',(-1.0,0.0,0.0));
#12674=DIRECTION('',(0.0,1.0,0.0));
#12675=DIRECTION('',(1.0,0.0,0.0));
#12676=DIRECTION('',(0.0,-1.0,0.0));
#12677=DIRECTION('',(1.0,0.0,0.0));
#12678=DIRECTION('',(0.0,1.0,0.0));
#12679=DIRECTION('',(1.0,0.0,0.0));
#12680=DIRECTION('',(0.0,-1.0,0.0));
#12681=DIRECTION('',(1.0,0.0,0.0));
#12682=DIRECTION('',(0.0,1.0,0.0));
#12683=DIRECTION('',(1.0,0.0,0.0));
#12684=DIRECTION('',(0.0,-1.0,0.0));
#12685=DIRECTION('',(-1.0,0.0,0.0));
#12686=DIRECTION('',(0.0,-1.0,0.0));
#12687=DIRECTION('',(1.0,0.0,0.0));
#12688=DIRECTION('',(0.0,1.0,0.0));
#12689=DIRECTION('',(1.0,0.0,0.0));
#12690=DIRECTION('',(0.0,-1.0,0.0));
#12691=DIRECTION('',(1.0,0.0,0.0));
#12692=DIRECTION('',(0.0,1.0,0.0));
#12693=DIRECTION('',(1.0,0.0,0.0));
#12694=DIRECTION('',(0.0,-1.0,0.0));
#12695=DIRECTION('',(1.0,0.0,0.0));
#12696=DIRECTION('',(0.0,1.0,0.0));
#12697=DIRECTION('',(-1.0,0.0,0.0));
#12698=DIRECTION('',(0.0,1.0,0.0));
#12699=DIRECTION('',(1.0,0.0,0.0));
#12700=DIRECTION('',(0.0,-1.0,0.0));
#12701=DIRECTION('',(1.0,0.0,0.0));
#12702=DIRECTION('',(0.0,1.0,0.0));
#12703=DIRECTION('',(1.0,0.0,0.0));
#12704=DIRECTION('',(0.0,-1.0,0.0));
#12705=DIRECTION('',(1.0,0.0,0.0));
#12706=DIRECTION('',(0.0,1.0,0.0));
#12707=DIRECTION('',(1.0,0.0,0.0));
#12708=DIRECTION('',(0.0,-1.0,0.0));
#12709=DIRECTION('',(-1.0,0.0,0.0));
#12710=DIRECTION('',(0.0,-1.0,0.0));
#12711=DIRECTION('',(1.0,0.0,0.0));
#12712=DIRECTION('',(0.0,1.0,0.0));
#12713=DIRECTION('',(1.0,0.0,0.0));
#12714=DIRECTION('',(0.0,-1.0,0.0));
#12715=DIRECTION('',(1.0,0.0,0.0));
#12716=DIRECTION('',(0.0,1.0,0.0));
#12717=DIRECTION('',(1.0,0.0,0.0));
#12718=DIRECTION('',(0.0,-1.0,0.0));
#12719=DIRECTION('',(1.0,0.0,0.0));
#12720=DIRECTION('',(0.0,1.0,0.0));
#12721=DIRECTION('',(-1.0,0.0,0.0));
#12722=DIRECTION('',(0.0,1.0,0.0));
#12723=DIRECTION('',(-1.0,0.0,0.0));
#12724=DIRECTION('',(0.0,-1.0,0.0));
#12725=DIRECTION('',(1.0,0.0,0.0));
#12726=DIRECTION('',(0.0,1.0,0.0));
#12727=DIRECTION('',(1.0,0.0,0.0));
#12728=DIRECTION('',(0.0,-1.0,0.0));
#12729=DIRECTION('',(-1.0,0.0,0.0));
#12730=DIRECTION('',(0.0,-1.0,0.0));
#12731=DIRECTION('',(1.0,0.0,0.0));
#12732=DIRECTION('',(1.0,0.0,0.0));
#12733=DIRECTION('',(0.0,-1.0,0.0));
#12734=DIRECTION('',(1.0,0.0,0.0));
#12735=DIRECTION('',(1.0,0.0,0.0));
#12736=DIRECTION('',(0.0,-1.0,0.0));
#12737=DIRECTION('',(1.0,0.0,0.0));
#12738=DIRECTION('',(1.0,0.0,0.0));
#12739=DIRECTION('',(0.0,-1.0,0.0));
#12740=DIRECTION('',(1.0,0.0,0.0));
#12741=DIRECTION('',(0.0,1.0,0.0));
#12742=DIRECTION('',(1.0,0.0,0.0));
#12743=DIRECTION('',(0.0,-1.0,0.0));
#12744=DIRECTION('',(1.0,0.0,0.0));
#12745=DIRECTION('',(0.0,1.0,0.0));
#12746=DIRECTION('',(1.0,0.0,0.0));
#12747=DIRECTION('',(0.0,-1.0,0.0));
#12748=DIRECTION('',(-1.0,0.0,0.0));
#12749=DIRECTION('',(0.0,-1.0,0.0));
#12750=DIRECTION('',(1.0,0.0,0.0));
#12751=DIRECTION('',(0.0,1.0,0.0));
#12752=DIRECTION('',(1.0,0.0,0.0));
#12753=DIRECTION('',(0.0,-1.0,0.0));
#12754=DIRECTION('',(1.0,0.0,0.0));
#12755=DIRECTION('',(0.0,1.0,0.0));
#12756=DIRECTION('',(1.0,0.0,0.0));
#12757=DIRECTION('',(0.0,-1.0,0.0));
#12758=DIRECTION('',(1.0,0.0,0.0));
#12759=DIRECTION('',(0.0,1.0,0.0));
#12760=DIRECTION('',(-1.0,0.0,0.0));
#12761=DIRECTION('',(0.0,1.0,0.0));
#12762=DIRECTION('',(0.0,0.0,1.0));
#12763=DIRECTION('',(0.0,1.0,0.0));
#12764=DIRECTION('',(0.0,0.0,-1.0));
#12765=DIRECTION('',(0.0,-1.0,0.0));
#12766=DIRECTION('',(0.0,0.0,-1.0));
#12767=DIRECTION('',(0.0,0.0,-1.0));
#12768=DIRECTION('',(0.0,-1.0,0.0));
#12769=DIRECTION('',(0.0,0.0,1.0));
#12770=DIRECTION('',(0.0,-1.0,0.0));
#12771=DIRECTION('',(0.0,-1.0,0.0));
#12772=DIRECTION('',(0.0,0.0,-1.0));
#12773=DIRECTION('',(0.0,0.0,-1.0));
#12774=DIRECTION('',(0.0,-1.0,0.0));
#12775=DIRECTION('',(0.0,0.0,-1.0));
#12776=DIRECTION('',(1.0,0.0,0.0));
#12777=DIRECTION('',(1.0,0.0,0.0));
#12778=DIRECTION('',(0.0,-1.0,0.0));
#12779=DIRECTION('',(1.0,0.0,0.0));
#12780=DIRECTION('',(1.0,0.0,0.0));
#12781=DIRECTION('',(0.0,-1.0,0.0));
#12782=DIRECTION('',(1.0,0.0,0.0));
#12783=DIRECTION('',(0.0,-1.0,0.0));
#12784=DIRECTION('',(1.0,0.0,0.0));
#12785=DIRECTION('',(0.0,-1.0,0.0));
#12786=DIRECTION('',(1.0,0.0,0.0));
#12787=DIRECTION('',(0.0,0.0,1.0));
#12788=DIRECTION('',(0.0,1.0,0.0));
#12789=DIRECTION('',(0.0,0.0,1.0));
#12790=DIRECTION('',(0.0,0.0,1.0));
#12791=DIRECTION('',(0.0,0.0,1.0));
#12792=DIRECTION('',(0.0,0.0,1.0));
#12793=DIRECTION('',(0.0,-1.0,0.0));
#12794=DIRECTION('',(0.0,0.0,1.0));
#12795=DIRECTION('',(0.0,0.0,1.0));
#12796=DIRECTION('',(0.0,0.0,1.0));
#12797=DIRECTION('',(1.0,0.0,0.0));
#12798=DIRECTION('',(0.0,0.0,1.0));
#12799=DIRECTION('',(1.0,0.0,0.0));
#12800=DIRECTION('',(0.0,0.0,-1.0));
#12801=DIRECTION('',(1.0,0.0,0.0));
#12802=DIRECTION('',(1.0,0.0,0.0));
#12803=DIRECTION('',(0.0,0.0,1.0));
#12804=DIRECTION('',(1.0,0.0,0.0));
#12805=DIRECTION('',(0.0,0.0,1.0));
#12806=DIRECTION('',(1.0,0.0,0.0));
#12807=DIRECTION('',(0.0,0.0,1.0));
#12808=DIRECTION('',(1.0,0.0,0.0));
#12809=DIRECTION('',(0.0,0.0,1.0));
#12810=DIRECTION('',(1.0,0.0,0.0));
#12811=DIRECTION('',(0.0,0.0,1.0));
#12812=DIRECTION('',(1.0,0.0,0.0));
#12813=DIRECTION('',(0.0,0.0,1.0));
#12814=DIRECTION('',(1.0,0.0,0.0));
#12815=DIRECTION('',(0.0,0.0,1.0));
#12816=DIRECTION('',(1.0,0.0,0.0));
#12817=DIRECTION('',(0.0,-1.0,0.0));
#12818=DIRECTION('',(1.0,0.0,0.0));
#12819=DIRECTION('',(1.0,0.0,0.0));
#12820=DIRECTION('',(0.0,-1.0,0.0));
#12821=DIRECTION('',(1.0,0.0,0.0));
#12822=DIRECTION('',(0.0,-1.0,0.0));
#12823=DIRECTION('',(1.0,0.0,0.0));
#12824=DIRECTION('',(1.0,0.0,0.0));
#12825=DIRECTION('',(0.0,-1.0,0.0));
#12826=DIRECTION('',(1.0,0.0,0.0));
#12827=DIRECTION('',(-1.0,0.0,0.0));
#12828=DIRECTION('',(0.0,0.0,1.0));
#12829=DIRECTION('',(1.0,0.0,0.0));
#12830=DIRECTION('',(0.0,0.0,-1.0));
#12831=DIRECTION('',(1.0,0.0,0.0));
#12832=DIRECTION('',(0.0,0.0,1.0));
#12833=DIRECTION('',(0.0,0.0,1.0));
#12834=DIRECTION('',(-1.0,0.0,0.0));
#12835=DIRECTION('',(0.0,0.0,1.0));
#12836=DIRECTION('',(1.0,0.0,0.0));
#12837=DIRECTION('',(0.0,0.0,-1.0));
#12838=DIRECTION('',(0.0,1.0,0.0));
#12839=DIRECTION('',(0.0,0.0,1.0));
#12840=DIRECTION('',(0.0,1.0,0.0));
#12841=DIRECTION('',(0.0,-1.0,0.0));
#12842=DIRECTION('',(0.0,0.0,-1.0));
#12843=DIRECTION('',(0.0,1.0,0.0));
#12844=DIRECTION('',(0.0,0.0,-1.0));
#12845=DIRECTION('',(0.0,0.0,-1.0));
#12846=CARTESIAN_POINT('',(-5.68,-0.12,-6.309133164221));
#12847=DIRECTION('',(-1.0,0.0,0.0));
#12848=DIRECTION('',(0.0,0.875000000000012,0.484122918275906));
#12849=DIRECTION('',(0.0,0.0,-1.0));
#12850=DIRECTION('',(0.0,0.241921895599697,-0.970295726275989));
#12851=DIRECTION('',(0.0,1.0,0.0));
#12852=DIRECTION('',(0.0,0.241921895599697,0.970295726275989));
#12853=DIRECTION('',(0.0,0.0,1.0));
#12854=CARTESIAN_POINT('',(-5.68,0.52,-6.309133164221));
#12855=DIRECTION('',(1.0,0.0,0.0));
#12856=DIRECTION('',(0.0,0.875000000000012,-0.484122918275906));
#12857=DIRECTION('',(0.0,1.0,0.0));
#12858=DIRECTION('',(0.0,0.0,1.0));
#12859=DIRECTION('',(0.0,-1.0,0.0));
#12860=DIRECTION('',(0.0,0.0,-1.0));
#12861=DIRECTION('',(0.0,0.0,-1.0));
#12862=CARTESIAN_POINT('',(-5.68,-0.46,-6.309133164221));
#12863=DIRECTION('',(1.0,0.0,0.0));
#12864=DIRECTION('',(0.0,-0.875000000000012,0.484122918275906));
#12865=DIRECTION('',(0.0,0.0,-1.0));
#12866=DIRECTION('',(0.0,0.241921895599697,-0.970295726275989));
#12867=DIRECTION('',(0.0,1.0,0.0));
#12868=DIRECTION('',(0.0,0.241921895599697,0.970295726275989));
#12869=DIRECTION('',(0.0,0.0,1.0));
#12870=CARTESIAN_POINT('',(-5.68,0.18,-6.309133164221));
#12871=DIRECTION('',(-1.0,-0.0,0.0));
#12872=DIRECTION('',(0.0,-0.875000000000012,-0.484122918275906));
#12873=DIRECTION('',(0.0,0.0,1.0));
#12874=DIRECTION('',(-1.0,0.0,0.0));
#12875=DIRECTION('',(0.0,0.0,1.0));
#12876=DIRECTION('',(0.0,0.0,-1.0));
#12877=DIRECTION('',(0.0,0.0,1.0));
#12878=DIRECTION('',(0.0,-1.0,0.0));
#12879=DIRECTION('',(0.0,0.0,-1.0));
#12880=DIRECTION('',(0.0,1.0,0.0));
#12881=DIRECTION('',(0.0,0.0,-1.0));
#12882=DIRECTION('',(0.0,0.0,-1.0));
#12883=DIRECTION('',(0.0,0.0,-1.0));
#12884=DIRECTION('',(-1.0,0.0,0.0));
#12885=DIRECTION('',(0.0,0.0,-1.0));
#12886=DIRECTION('',(1.0,0.0,0.0));
#12887=DIRECTION('',(0.0,0.0,-1.0));
#12888=DIRECTION('',(-1.0,0.0,0.0));
#12889=DIRECTION('',(1.0,0.0,0.0));
#12890=DIRECTION('',(0.707106781186597,0.707106781186498,0.0));
#12891=DIRECTION('',(0.0,1.0,0.0));
#12892=DIRECTION('',(-1.0,0.0,0.0));
#12893=DIRECTION('',(0.0,-1.0,0.0));
#12894=DIRECTION('',(1.0,0.0,0.0));
#12895=DIRECTION('',(0.0,1.0,0.0));
#12896=DIRECTION('',(1.0,0.0,0.0));
#12897=DIRECTION('',(0.0,1.0,0.0));
#12898=DIRECTION('',(0.0,-1.0,0.0));
#12899=DIRECTION('',(1.0,0.0,0.0));
#12900=DIRECTION('',(0.0,1.0,0.0));
#12901=DIRECTION('',(-1.0,0.0,0.0));
#12902=DIRECTION('',(1.0,0.0,0.0));
#12903=DIRECTION('',(0.0,1.0,0.0));
#12904=DIRECTION('',(1.0,0.0,0.0));
#12905=DIRECTION('',(0.0,1.0,0.0));
#12906=DIRECTION('',(0.707106781186597,-0.707106781186498,0.0));
#12907=DIRECTION('',(1.0,0.0,0.0));
#12908=DIRECTION('',(0.0,1.0,0.0));
#12909=DIRECTION('',(-1.0,0.0,0.0));
#12910=DIRECTION('',(0.0,-1.0,0.0));
#12911=DIRECTION('',(1.0,0.0,0.0));
#12912=DIRECTION('',(0.0,1.0,0.0));
#12913=DIRECTION('',(1.0,0.0,0.0));
#12914=DIRECTION('',(0.0,1.0,0.0));
#12915=DIRECTION('',(0.707106781186597,0.707106781186498,0.0));
#12916=DIRECTION('',(0.0,1.0,0.0));
#12917=DIRECTION('',(-1.0,0.0,0.0));
#12918=DIRECTION('',(0.0,-1.0,0.0));
#12919=DIRECTION('',(1.0,0.0,0.0));
#12920=DIRECTION('',(1.0,0.0,0.0));
#12921=DIRECTION('',(0.0,1.0,0.0));
#12922=DIRECTION('',(1.0,0.0,0.0));
#12923=DIRECTION('',(0.0,1.0,0.0));
#12924=DIRECTION('',(0.707106781186597,0.707106781186498,0.0));
#12925=DIRECTION('',(0.0,1.0,0.0));
#12926=DIRECTION('',(-1.0,0.0,0.0));
#12927=DIRECTION('',(0.0,-1.0,0.0));
#12928=DIRECTION('',(1.0,0.0,0.0));
#12929=DIRECTION('',(1.0,0.0,0.0));
#12930=DIRECTION('',(0.0,1.0,0.0));
#12931=DIRECTION('',(1.0,0.0,0.0));
#12932=DIRECTION('',(0.0,1.0,0.0));
#12933=DIRECTION('',(0.0,-1.0,0.0));
#12934=DIRECTION('',(0.707106781186597,-0.707106781186498,0.0));
#12935=DIRECTION('',(1.0,0.0,0.0));
#12936=DIRECTION('',(0.0,1.0,0.0));
#12937=DIRECTION('',(-1.0,0.0,0.0));
#12938=DIRECTION('',(1.0,0.0,0.0));
#12939=DIRECTION('',(0.0,1.0,0.0));
#12940=DIRECTION('',(1.0,0.0,0.0));
#12941=DIRECTION('',(0.0,1.0,0.0));
#12942=DIRECTION('',(0.707106781186597,0.707106781186498,0.0));
#12943=DIRECTION('',(0.0,1.0,0.0));
#12944=DIRECTION('',(-1.0,0.0,0.0));
#12945=DIRECTION('',(0.0,-1.0,0.0));
#12946=DIRECTION('',(1.0,0.0,0.0));
#12947=DIRECTION('',(1.0,0.0,0.0));
#12948=DIRECTION('',(0.0,1.0,0.0));
#12949=DIRECTION('',(1.0,0.0,0.0));
#12950=DIRECTION('',(0.0,1.0,0.0));
#12951=DIRECTION('',(0.707106781186597,0.707106781186498,0.0));
#12952=DIRECTION('',(0.0,1.0,0.0));
#12953=DIRECTION('',(-1.0,0.0,0.0));
#12954=DIRECTION('',(0.0,-1.0,0.0));
#12955=DIRECTION('',(1.0,0.0,0.0));
#12956=DIRECTION('',(1.0,0.0,0.0));
#12957=DIRECTION('',(0.0,1.0,0.0));
#12958=DIRECTION('',(1.0,0.0,0.0));
#12959=DIRECTION('',(0.0,1.0,0.0));
#12960=DIRECTION('',(0.0,-1.0,0.0));
#12961=DIRECTION('',(0.707106781186597,-0.707106781186498,0.0));
#12962=DIRECTION('',(1.0,0.0,0.0));
#12963=DIRECTION('',(0.0,1.0,0.0));
#12964=DIRECTION('',(-1.0,0.0,0.0));
#12965=DIRECTION('',(0.0,1.0,0.0));
#12966=DIRECTION('',(1.0,0.0,0.0));
#12967=DIRECTION('',(0.0,1.0,0.0));
#12968=DIRECTION('',(-1.0,0.0,0.0));
#12969=DIRECTION('',(0.0,-1.0,0.0));
#12970=DIRECTION('',(0.707106781186597,-0.707106781186498,0.0));
#12971=DIRECTION('',(1.0,0.0,0.0));
#12972=DIRECTION('',(1.0,0.0,0.0));
#12973=DIRECTION('',(0.0,1.0,0.0));
#12974=DIRECTION('',(0.0,0.0,-1.0));
#12975=DIRECTION('',(0.0,0.0,-1.0));
#12976=DIRECTION('',(0.0,0.0,-1.0));
#12977=DIRECTION('',(0.0,0.0,-1.0));
#12978=DIRECTION('',(0.0,0.0,-1.0));
#12979=DIRECTION('',(0.0,0.0,-1.0));
#12980=DIRECTION('',(0.0,0.0,-1.0));
#12981=DIRECTION('',(0.0,0.0,-1.0));
#12982=DIRECTION('',(0.0,0.0,-1.0));
#12983=DIRECTION('',(0.0,0.0,-1.0));
#12984=DIRECTION('',(0.0,0.0,-1.0));
#12985=DIRECTION('',(0.0,0.0,-1.0));
#12986=DIRECTION('',(0.0,0.0,-1.0));
#12987=DIRECTION('',(0.0,0.0,-1.0));
#12988=DIRECTION('',(0.0,0.0,-1.0));
#12989=DIRECTION('',(0.0,0.0,-1.0));
#12990=DIRECTION('',(0.0,0.0,-1.0));
#12991=DIRECTION('',(0.0,0.0,-1.0));
#12992=DIRECTION('',(0.0,0.0,-1.0));
#12993=DIRECTION('',(0.0,0.0,-1.0));
#12994=DIRECTION('',(0.0,0.0,-1.0));
#12995=DIRECTION('',(0.0,0.0,-1.0));
#12996=DIRECTION('',(0.0,0.0,-1.0));
#12997=DIRECTION('',(0.0,0.0,-1.0));
#12998=DIRECTION('',(0.0,0.0,-1.0));
#12999=DIRECTION('',(0.0,0.0,-1.0));
#13000=DIRECTION('',(0.0,0.0,-1.0));
#13001=DIRECTION('',(0.0,0.0,-1.0));
#13002=DIRECTION('',(0.0,0.0,-1.0));
#13003=DIRECTION('',(0.0,0.0,-1.0));
#13004=DIRECTION('',(0.0,0.0,-1.0));
#13005=DIRECTION('',(0.0,0.0,-1.0));
#13006=DIRECTION('',(0.0,0.0,-1.0));
#13007=DIRECTION('',(0.0,0.0,-1.0));
#13008=DIRECTION('',(0.0,0.0,-1.0));
#13009=DIRECTION('',(0.0,0.0,-1.0));
#13010=DIRECTION('',(0.0,0.0,-1.0));
#13011=DIRECTION('',(0.0,0.0,-1.0));
#13012=DIRECTION('',(0.0,0.0,-1.0));
#13013=DIRECTION('',(0.0,0.0,-1.0));
#13014=DIRECTION('',(0.0,0.0,-1.0));
#13015=DIRECTION('',(0.0,0.0,-1.0));
#13016=DIRECTION('',(0.0,0.0,-1.0));
#13017=DIRECTION('',(0.0,0.0,-1.0));
#13018=DIRECTION('',(0.0,0.0,-1.0));
#13019=DIRECTION('',(0.0,0.0,-1.0));
#13020=DIRECTION('',(0.0,0.0,-1.0));
#13021=DIRECTION('',(0.0,0.0,-1.0));
#13022=DIRECTION('',(0.0,0.0,-1.0));
#13023=DIRECTION('',(0.0,0.0,-1.0));
#13024=DIRECTION('',(0.0,1.0,0.0));
#13025=DIRECTION('',(0.0,0.0,1.0));
#13026=DIRECTION('',(0.0,0.0,1.0));
#13027=DIRECTION('',(0.0,-1.0,0.0));
#13028=DIRECTION('',(0.0,0.0,-1.0));
#13029=DIRECTION('',(0.0,1.0,0.0));
#13030=DIRECTION('',(0.0,0.0,-1.0));
#13031=DIRECTION('',(0.0,0.0,-1.0));
#13032=CARTESIAN_POINT('',(6.32,-0.12,-6.309133164221));
#13033=DIRECTION('',(-1.0,0.0,0.0));
#13034=DIRECTION('',(0.0,0.875000000000012,0.484122918275906));
#13035=DIRECTION('',(0.0,0.0,-1.0));
#13036=DIRECTION('',(0.0,0.241921895599697,-0.970295726275989));
#13037=DIRECTION('',(0.0,1.0,0.0));
#13038=DIRECTION('',(0.0,0.241921895599697,0.970295726275989));
#13039=DIRECTION('',(0.0,0.0,1.0));
#13040=CARTESIAN_POINT('',(6.32,0.52,-6.309133164221));
#13041=DIRECTION('',(1.0,0.0,0.0));
#13042=DIRECTION('',(0.0,0.875000000000012,-0.484122918275906));
#13043=DIRECTION('',(0.0,0.0,1.0));
#13044=DIRECTION('',(0.0,0.0,1.0));
#13045=DIRECTION('',(0.0,-1.0,0.0));
#13046=DIRECTION('',(0.0,0.0,-1.0));
#13047=DIRECTION('',(0.0,0.0,-1.0));
#13048=CARTESIAN_POINT('',(6.32,-0.46,-6.309133164221));
#13049=DIRECTION('',(1.0,0.0,0.0));
#13050=DIRECTION('',(0.0,-0.875000000000012,0.484122918275906));
#13051=DIRECTION('',(0.0,0.0,-1.0));
#13052=DIRECTION('',(0.0,0.241921895599697,-0.970295726275989));
#13053=DIRECTION('',(0.0,1.0,0.0));
#13054=DIRECTION('',(0.0,0.241921895599697,0.970295726275989));
#13055=DIRECTION('',(0.0,0.0,1.0));
#13056=CARTESIAN_POINT('',(6.32,0.18,-6.309133164221));
#13057=DIRECTION('',(-1.0,-0.0,0.0));
#13058=DIRECTION('',(0.0,-0.875000000000012,-0.484122918275906));
#13059=DIRECTION('',(0.0,0.0,1.0));
#13060=DIRECTION('',(-1.0,0.0,0.0));
#13061=DIRECTION('',(0.0,0.0,1.0));
#13062=DIRECTION('',(0.0,0.0,-1.0));
#13063=DIRECTION('',(0.0,1.0,0.0));
#13064=DIRECTION('',(0.0,0.0,1.0));
#13065=CARTESIAN_POINT('',(5.68,0.52,-6.309133164221));
#13066=DIRECTION('',(1.0,0.0,0.0));
#13067=DIRECTION('',(0.0,0.875000000000012,-0.484122918275906));
#13068=DIRECTION('',(0.0,0.0,1.0));
#13069=DIRECTION('',(0.0,0.241921895599697,0.970295726275989));
#13070=DIRECTION('',(0.0,1.0,0.0));
#13071=DIRECTION('',(0.0,0.241921895599697,-0.970295726275989));
#13072=DIRECTION('',(0.0,0.0,-1.0));
#13073=CARTESIAN_POINT('',(5.68,-0.12,-6.309133164221));
#13074=DIRECTION('',(-1.0,0.0,0.0));
#13075=DIRECTION('',(0.0,0.875000000000012,0.484122918275906));
#13076=DIRECTION('',(0.0,0.0,-1.0));
#13077=DIRECTION('',(0.0,1.0,0.0));
#13078=DIRECTION('',(0.0,0.0,-1.0));
#13079=DIRECTION('',(0.0,-1.0,0.0));
#13080=DIRECTION('',(0.0,0.0,1.0));
#13081=DIRECTION('',(0.0,0.0,-1.0));
#13082=DIRECTION('',(0.0,-1.0,0.0));
#13083=DIRECTION('',(0.0,0.0,1.0));
#13084=DIRECTION('',(0.0,0.0,-1.0));
#13085=CARTESIAN_POINT('',(5.68,0.18,-6.309133164221));
#13086=DIRECTION('',(-1.0,-0.0,0.0));
#13087=DIRECTION('',(0.0,-0.875000000000012,-0.484122918275906));
#13088=DIRECTION('',(0.0,0.0,1.0));
#13089=DIRECTION('',(0.0,0.241921895599697,0.970295726275989));
#13090=DIRECTION('',(0.0,1.0,0.0));
#13091=DIRECTION('',(0.0,0.241921895599697,-0.970295726275989));
#13092=DIRECTION('',(0.0,0.0,-1.0));
#13093=CARTESIAN_POINT('',(5.68,-0.46,-6.309133164221));
#13094=DIRECTION('',(1.0,0.0,0.0));
#13095=DIRECTION('',(0.0,-0.875000000000012,0.484122918275906));
#13096=DIRECTION('',(0.0,0.0,-1.0));
#13097=DIRECTION('',(0.0,0.0,1.0));
#13098=DIRECTION('',(-1.0,0.0,0.0));
#13099=DIRECTION('',(-1.0,0.0,0.0));
#13100=DIRECTION('',(-1.0,0.0,0.0));
#13101=DIRECTION('',(-1.0,0.0,0.0));
#13102=DIRECTION('',(1.0,0.0,0.0));
#13103=DIRECTION('',(1.0,0.0,0.0));
#13104=DIRECTION('',(0.0,1.0,0.0));
#13105=DIRECTION('',(-1.0,0.0,0.0));
#13106=DIRECTION('',(0.0,1.0,0.0));
#13107=DIRECTION('',(-1.0,0.0,0.0));
#13108=CARTESIAN_POINT('',(9.0,2.47,-4.955));
#13109=DIRECTION('',(0.0,0.0,-1.0));
#13110=DIRECTION('',(1.0,0.0,0.0));
#13111=CARTESIAN_POINT('',(9.0,2.47,-4.955));
#13112=DIRECTION('',(0.0,0.0,-1.0));
#13113=DIRECTION('',(-1.0,0.0,0.0));
#13114=DIRECTION('',(-1.0,0.0,0.0));
#13115=DIRECTION('',(0.0,1.0,0.0));
#13116=DIRECTION('',(1.0,0.0,0.0));
#13117=DIRECTION('',(0.0,1.0,0.0));
#13118=DIRECTION('',(0.0,1.0,0.0));
#13119=DIRECTION('',(1.0,0.0,0.0));
#13120=DIRECTION('',(0.0,1.0,0.0));
#13121=DIRECTION('',(-1.0,0.0,0.0));
#13122=DIRECTION('',(0.0,1.0,0.0));
#13123=DIRECTION('',(1.0,0.0,0.0));
#13124=DIRECTION('',(0.0,1.0,0.0));
#13125=DIRECTION('',(0.0,1.0,0.0));
#13126=DIRECTION('',(1.0,0.0,0.0));
#13127=DIRECTION('',(0.0,1.0,0.0));
#13128=DIRECTION('',(-1.0,0.0,0.0));
#13129=DIRECTION('',(0.0,1.0,0.0));
#13130=DIRECTION('',(1.0,0.0,0.0));
#13131=DIRECTION('',(0.0,1.0,0.0));
#13132=DIRECTION('',(0.0,1.0,0.0));
#13133=DIRECTION('',(-1.0,0.0,0.0));
#13134=DIRECTION('',(0.0,-1.0,0.0));
#13135=DIRECTION('',(-1.0,0.0,0.0));
#13136=DIRECTION('',(0.0,1.0,0.0));
#13137=CARTESIAN_POINT('',(-9.0,2.47,-4.955));
#13138=DIRECTION('',(0.0,0.0,-1.0));
#13139=DIRECTION('',(1.0,0.0,0.0));
#13140=CARTESIAN_POINT('',(-9.0,2.47,-4.955));
#13141=DIRECTION('',(0.0,0.0,-1.0));
#13142=DIRECTION('',(-1.0,0.0,0.0));
#13143=DIRECTION('',(0.0,1.0,0.0));
#13144=DIRECTION('',(1.0,0.0,0.0));
#13145=DIRECTION('',(0.0,1.0,0.0));
#13146=DIRECTION('',(-1.0,0.0,0.0));
#13147=DIRECTION('',(0.0,0.0,-1.0));
#13148=DIRECTION('',(0.0,0.0,-1.0));
#13149=DIRECTION('',(0.0,0.0,-1.0));
#13150=DIRECTION('',(0.0,0.0,-1.0));
#13151=DIRECTION('',(0.0,0.0,-1.0));
#13152=DIRECTION('',(0.0,0.0,-1.0));
#13153=DIRECTION('',(0.0,0.0,-1.0));
#13154=DIRECTION('',(0.0,0.0,-1.0));
#13155=DIRECTION('',(0.0,0.0,1.0));
#13156=DIRECTION('',(0.0,0.0,1.0));
#13157=DIRECTION('',(0.0,-1.0,0.0));
#13158=DIRECTION('',(0.0,0.0,-1.0));
#13159=DIRECTION('',(0.0,1.0,0.0));
#13160=DIRECTION('',(0.0,0.0,1.0));
#13161=DIRECTION('',(0.0,0.0,-1.0));
#13162=DIRECTION('',(0.0,-1.0,0.0));
#13163=DIRECTION('',(0.0,0.0,1.0));
#13164=DIRECTION('',(-1.0,0.0,0.0));
#13165=DIRECTION('',(0.0,0.0,1.0));
#13166=DIRECTION('',(0.0,-1.0,0.0));
#13167=DIRECTION('',(0.0,0.0,-1.0));
#13168=DIRECTION('',(-1.0,0.0,0.0));
#13169=DIRECTION('',(-1.0,0.0,0.0));
#13170=DIRECTION('',(-1.0,0.0,0.0));
#13171=DIRECTION('',(0.0,0.0,1.0));
#13172=DIRECTION('',(0.0,0.0,1.0));
#13173=DIRECTION('',(-1.0,0.0,0.0));
#13174=DIRECTION('',(0.0,0.0,1.0));
#13175=DIRECTION('',(0.0,0.0,1.0));
#13176=DIRECTION('',(-1.0,0.0,0.0));
#13177=DIRECTION('',(0.0,0.0,1.0));
#13178=DIRECTION('',(-1.0,0.0,0.0));
#13179=DIRECTION('',(0.0,0.0,-1.0));
#13180=DIRECTION('',(0.0,0.0,1.0));
#13181=DIRECTION('',(-1.0,0.0,0.0));
#13182=DIRECTION('',(-1.0,0.0,0.0));
#13183=DIRECTION('',(0.0,1.0,0.0));
#13184=DIRECTION('',(0.0,-1.0,0.0));
#13185=DIRECTION('',(0.0,-1.0,0.0));
#13186=DIRECTION('',(0.0,-1.0,0.0));
#13187=DIRECTION('',(0.0,-1.0,0.0));
#13188=DIRECTION('',(0.0,-1.0,0.0));
#13189=DIRECTION('',(0.0,1.0,0.0));
#13190=DIRECTION('',(-1.0,0.0,0.0));
#13191=DIRECTION('',(0.0,-1.0,0.0));
#13192=DIRECTION('',(0.0,-1.0,0.0));
#13193=DIRECTION('',(0.0,0.0,-1.0));
#13194=DIRECTION('',(0.0,1.0,0.0));
#13195=DIRECTION('',(1.0,0.0,0.0));
#13196=DIRECTION('',(1.0,0.0,0.0));
#13197=DIRECTION('',(-0.927183854566793,-0.374606593415897,0.0));
#13198=DIRECTION('',(-0.927183854566793,0.374606593415897,0.0));
#13199=DIRECTION('',(-1.0,0.0,0.0));
#13200=DIRECTION('',(0.0,1.0,0.0));
#13201=DIRECTION('',(1.0,0.0,0.0));
#13202=DIRECTION('',(0.0,1.0,0.0));
#13203=DIRECTION('',(0.0,0.0,-1.0));
#13204=DIRECTION('',(-0.646977448195094,0.0,-0.762509135372793));
#13205=DIRECTION('',(0.0,0.0,1.0));
#13206=DIRECTION('',(1.0,0.0,0.0));
#13207=DIRECTION('',(0.0,0.0,1.0));
#13208=DIRECTION('',(1.0,0.0,0.0));
#13209=DIRECTION('',(0.0,0.0,-1.0));
#13210=DIRECTION('',(1.0,0.0,0.0));
#13211=DIRECTION('',(0.0,0.0,-1.0));
#13212=DIRECTION('',(0.0,-0.644702799660219,0.764433319597122));
#13213=DIRECTION('',(0.0,0.0,1.0));
#13214=DIRECTION('',(0.0,0.992546151641315,-0.121869343405202));
#13215=CARTESIAN_POINT('',(-0.7,4.18,1.329177595493));
#13216=DIRECTION('',(-1.0,0.0,0.0));
#13217=DIRECTION('',(0.0,-1.0,0.0));
#13218=CARTESIAN_POINT('',(0.7,4.18,1.329177595493));
#13219=DIRECTION('',(-1.0,0.0,0.0));
#13220=DIRECTION('',(0.0,-1.0,0.0));
#13221=DIRECTION('',(0.0,0.992546151641315,-0.121869343405202));
#13222=DIRECTION('',(0.0,0.0,1.0));
#13223=DIRECTION('',(0.0,-0.644702799660219,0.764433319597122));
#13224=DIRECTION('',(1.0,0.0,0.0));
#13225=DIRECTION('',(1.0,0.0,0.0));
#13226=DIRECTION('',(0.0,-1.0,0.0));
#13227=DIRECTION('',(0.0,-1.0,0.0));
#13228=DIRECTION('',(0.625946015195187,-0.252898606095895,0.737722089337184));
#13229=DIRECTION('',(0.0,-1.0,0.0));
#13230=DIRECTION('',(0.0,0.0,-1.0));
#13231=DIRECTION('',(0.0,0.0,1.0));
#13232=DIRECTION('',(0.0,0.0,1.0));
#13233=DIRECTION('',(0.0,0.0,1.0));
#13234=DIRECTION('',(1.0,0.0,0.0));
#13235=DIRECTION('',(0.0,-1.0,0.0));
#13236=DIRECTION('',(1.0,0.0,0.0));
#13237=DIRECTION('',(0.0,0.0,-1.0));
#13238=DIRECTION('',(0.0,0.0,-1.0));
#13239=DIRECTION('',(0.0,-1.0,0.0));
#13240=DIRECTION('',(0.0,0.0,-1.0));
#13241=DIRECTION('',(0.0,0.0,-1.0));
#13242=DIRECTION('',(0.0,-1.0,0.0));
#13243=DIRECTION('',(0.0,0.0,-1.0));
#13244=DIRECTION('',(0.0,0.0,-1.0));
#13245=DIRECTION('',(0.0,-1.0,0.0));
#13246=DIRECTION('',(0.0,0.0,-1.0));
#13247=DIRECTION('',(0.0,-1.0,0.0));
#13248=DIRECTION('',(0.0,0.0,-1.0));
#13249=DIRECTION('',(-1.0,0.0,0.0));
#13250=DIRECTION('',(0.0,0.0,-1.0));
#13251=DIRECTION('',(0.0,0.0,-1.0));
#13252=DIRECTION('',(0.0,0.0,-1.0));
#13253=DIRECTION('',(-1.0,0.0,0.0));
#13254=DIRECTION('',(0.0,0.0,-1.0));
#13255=DIRECTION('',(1.0,0.0,0.0));
#13256=DIRECTION('',(0.0,0.0,1.0));
#13257=DIRECTION('',(0.0,0.0,-1.0));
#13258=DIRECTION('',(0.0,1.0,0.0));
#13259=DIRECTION('',(0.0,0.0,1.0));
#13260=DIRECTION('',(0.0,0.0,-1.0));
#13261=CARTESIAN_POINT('',(3.32,-0.12,-6.309133164221));
#13262=DIRECTION('',(-1.0,0.0,0.0));
#13263=DIRECTION('',(0.0,0.875000000000012,0.484122918275906));
#13264=DIRECTION('',(0.0,0.0,-1.0));
#13265=DIRECTION('',(0.0,0.241921895599697,-0.970295726275989));
#13266=DIRECTION('',(0.0,1.0,0.0));
#13267=DIRECTION('',(0.0,0.241921895599697,0.970295726275989));
#13268=DIRECTION('',(0.0,0.0,1.0));
#13269=CARTESIAN_POINT('',(3.32,0.52,-6.309133164221));
#13270=DIRECTION('',(1.0,0.0,0.0));
#13271=DIRECTION('',(0.0,0.875000000000012,-0.484122918275906));
#13272=DIRECTION('',(0.0,0.0,1.0));
#13273=DIRECTION('',(0.0,0.0,1.0));
#13274=DIRECTION('',(0.0,-1.0,0.0));
#13275=DIRECTION('',(0.0,0.0,-1.0));
#13276=DIRECTION('',(0.0,0.0,1.0));
#13277=DIRECTION('',(0.0,-1.0,0.0));
#13278=CARTESIAN_POINT('',(3.32,-0.46,-6.309133164221));
#13279=DIRECTION('',(1.0,0.0,0.0));
#13280=DIRECTION('',(0.0,-0.875000000000012,0.484122918275906));
#13281=DIRECTION('',(0.0,0.0,-1.0));
#13282=DIRECTION('',(0.0,0.241921895599697,-0.970295726275989));
#13283=DIRECTION('',(0.0,1.0,0.0));
#13284=DIRECTION('',(0.0,0.241921895599697,0.970295726275989));
#13285=DIRECTION('',(0.0,0.0,1.0));
#13286=CARTESIAN_POINT('',(3.32,0.18,-6.309133164221));
#13287=DIRECTION('',(-1.0,-0.0,0.0));
#13288=DIRECTION('',(0.0,-0.875000000000012,-0.484122918275906));
#13289=DIRECTION('',(0.0,0.0,1.0));
#13290=DIRECTION('',(-1.0,0.0,0.0));
#13291=DIRECTION('',(0.0,0.0,1.0));
#13292=DIRECTION('',(0.0,0.0,1.0));
#13293=DIRECTION('',(1.0,0.0,0.0));
#13294=DIRECTION('',(1.0,0.0,0.0));
#13295=DIRECTION('',(0.0,-1.0,0.0));
#13296=DIRECTION('',(1.0,0.0,0.0));
#13297=DIRECTION('',(0.0,-1.0,0.0));
#13298=DIRECTION('',(1.0,0.0,0.0));
#13299=DIRECTION('',(0.0,-1.0,0.0));
#13300=DIRECTION('',(1.0,0.0,0.0));
#13301=DIRECTION('',(0.0,-1.0,0.0));
#13302=DIRECTION('',(0.0,0.0,1.0));
#13303=DIRECTION('',(0.0,0.0,1.0));
#13304=DIRECTION('',(0.0,0.0,1.0));
#13305=DIRECTION('',(0.0,0.0,1.0));
#13306=DIRECTION('',(-1.0,0.0,0.0));
#13307=DIRECTION('',(0.0,0.0,1.0));
#13308=DIRECTION('',(0.0,0.0,1.0));
#13309=DIRECTION('',(-1.0,0.0,0.0));
#13310=DIRECTION('',(0.0,1.0,0.0));
#13311=DIRECTION('',(0.0,0.0,-1.0));
#13312=CARTESIAN_POINT('',(2.68,0.52,-6.309133164221));
#13313=DIRECTION('',(1.0,0.0,0.0));
#13314=DIRECTION('',(0.0,0.875000000000012,-0.484122918275906));
#13315=DIRECTION('',(0.0,0.0,1.0));
#13316=DIRECTION('',(0.0,0.241921895599697,0.970295726275989));
#13317=DIRECTION('',(0.0,1.0,0.0));
#13318=DIRECTION('',(0.0,0.241921895599697,-0.970295726275989));
#13319=DIRECTION('',(0.0,0.0,-1.0));
#13320=CARTESIAN_POINT('',(2.68,-0.12,-6.309133164221));
#13321=DIRECTION('',(-1.0,0.0,0.0));
#13322=DIRECTION('',(0.0,0.875000000000012,0.484122918275906));
#13323=DIRECTION('',(0.0,0.0,-1.0));
#13324=DIRECTION('',(0.0,-1.0,0.0));
#13325=DIRECTION('',(0.0,0.0,-1.0));
#13326=DIRECTION('',(0.0,-1.0,0.0));
#13327=DIRECTION('',(0.0,0.0,1.0));
#13328=CARTESIAN_POINT('',(2.68,0.18,-6.309133164221));
#13329=DIRECTION('',(-1.0,-0.0,0.0));
#13330=DIRECTION('',(0.0,-0.875000000000012,-0.484122918275906));
#13331=DIRECTION('',(0.0,0.0,1.0));
#13332=DIRECTION('',(0.0,0.241921895599697,0.970295726275989));
#13333=DIRECTION('',(0.0,1.0,0.0));
#13334=DIRECTION('',(0.0,0.241921895599697,-0.970295726275989));
#13335=DIRECTION('',(0.0,0.0,-1.0));
#13336=CARTESIAN_POINT('',(2.68,-0.46,-6.309133164221));
#13337=DIRECTION('',(1.0,0.0,0.0));
#13338=DIRECTION('',(0.0,-0.875000000000012,0.484122918275906));
#13339=DIRECTION('',(0.0,0.0,1.0));
#13340=DIRECTION('',(-1.0,0.0,0.0));
#13341=DIRECTION('',(-1.0,0.0,0.0));
#13342=DIRECTION('',(-1.0,0.0,0.0));
#13343=DIRECTION('',(-1.0,0.0,0.0));
#13344=DIRECTION('',(-1.0,0.0,0.0));
#13345=DIRECTION('',(-1.0,0.0,0.0));
#13346=DIRECTION('',(-1.0,0.0,0.0));
#13347=DIRECTION('',(-1.0,0.0,0.0));
#13348=DIRECTION('',(-1.0,0.0,0.0));
#13349=DIRECTION('',(-1.0,0.0,0.0));
#13350=DIRECTION('',(-1.0,0.0,0.0));
#13351=DIRECTION('',(-1.0,0.0,0.0));
#13352=DIRECTION('',(-1.0,0.0,0.0));
#13353=DIRECTION('',(-1.0,0.0,0.0));
#13354=DIRECTION('',(-1.0,0.0,0.0));
#13355=DIRECTION('',(-1.0,0.0,0.0));
#13356=DIRECTION('',(-1.0,0.0,0.0));
#13357=DIRECTION('',(0.0,-1.0,0.0));
#13358=DIRECTION('',(0.0,0.0,-1.0));
#13359=DIRECTION('',(0.0,0.0,-1.0));
#13360=DIRECTION('',(0.0,-1.0,0.0));
#13361=DIRECTION('',(0.0,0.0,-1.0));
#13362=DIRECTION('',(0.0,0.0,-1.0));
#13363=DIRECTION('',(0.0,-1.0,0.0));
#13364=DIRECTION('',(0.0,0.0,-1.0));
#13365=DIRECTION('',(0.0,-1.0,0.0));
#13366=DIRECTION('',(0.0,0.0,-1.0));
#13367=DIRECTION('',(-1.0,0.0,0.0));
#13368=DIRECTION('',(0.0,0.0,-1.0));
#13369=DIRECTION('',(0.0,0.0,-1.0));
#13370=DIRECTION('',(0.0,0.0,-1.0));
#13371=DIRECTION('',(-1.0,0.0,0.0));
#13372=DIRECTION('',(0.0,0.0,-1.0));
#13373=DIRECTION('',(1.0,0.0,0.0));
#13374=DIRECTION('',(0.0,0.0,1.0));
#13375=DIRECTION('',(0.0,0.0,-1.0));
#13376=DIRECTION('',(0.0,1.0,0.0));
#13377=DIRECTION('',(0.0,0.0,1.0));
#13378=DIRECTION('',(0.0,0.0,1.0));
#13379=DIRECTION('',(0.0,-1.0,0.0));
#13380=DIRECTION('',(0.0,0.0,-1.0));
#13381=DIRECTION('',(0.0,0.0,-1.0));
#13382=CARTESIAN_POINT('',(0.32,-0.12,-6.309133164221));
#13383=DIRECTION('',(-1.0,0.0,0.0));
#13384=DIRECTION('',(0.0,0.875000000000012,0.484122918275906));
#13385=DIRECTION('',(0.0,0.0,-1.0));
#13386=DIRECTION('',(0.0,0.241921895599697,-0.970295726275989));
#13387=DIRECTION('',(0.0,1.0,0.0));
#13388=DIRECTION('',(0.0,0.241921895599697,0.970295726275989));
#13389=DIRECTION('',(0.0,0.0,1.0));
#13390=CARTESIAN_POINT('',(0.32,0.52,-6.309133164221));
#13391=DIRECTION('',(1.0,0.0,0.0));
#13392=DIRECTION('',(0.0,0.875000000000012,-0.484122918275906));
#13393=DIRECTION('',(0.0,0.0,1.0));
#13394=DIRECTION('',(0.0,0.0,1.0));
#13395=DIRECTION('',(0.0,-1.0,0.0));
#13396=CARTESIAN_POINT('',(0.32,-0.46,-6.309133164221));
#13397=DIRECTION('',(1.0,0.0,0.0));
#13398=DIRECTION('',(0.0,-0.875000000000012,0.484122918275906));
#13399=DIRECTION('',(0.0,0.0,-1.0));
#13400=DIRECTION('',(0.0,0.241921895599697,-0.970295726275989));
#13401=DIRECTION('',(0.0,1.0,0.0));
#13402=DIRECTION('',(0.0,0.241921895599697,0.970295726275989));
#13403=DIRECTION('',(0.0,0.0,1.0));
#13404=CARTESIAN_POINT('',(0.32,0.18,-6.309133164221));
#13405=DIRECTION('',(-1.0,-0.0,0.0));
#13406=DIRECTION('',(0.0,-0.875000000000012,-0.484122918275906));
#13407=DIRECTION('',(0.0,0.0,1.0));
#13408=DIRECTION('',(-1.0,0.0,0.0));
#13409=DIRECTION('',(0.0,0.0,1.0));
#13410=DIRECTION('',(0.0,0.0,1.0));
#13411=DIRECTION('',(1.0,0.0,0.0));
#13412=DIRECTION('',(1.0,0.0,0.0));
#13413=DIRECTION('',(0.0,-1.0,0.0));
#13414=DIRECTION('',(1.0,0.0,0.0));
#13415=DIRECTION('',(0.0,-1.0,0.0));
#13416=DIRECTION('',(1.0,0.0,0.0));
#13417=DIRECTION('',(0.0,-1.0,0.0));
#13418=DIRECTION('',(1.0,0.0,0.0));
#13419=DIRECTION('',(0.0,-1.0,0.0));
#13420=DIRECTION('',(0.0,0.0,1.0));
#13421=DIRECTION('',(0.0,0.0,1.0));
#13422=DIRECTION('',(0.0,0.0,1.0));
#13423=DIRECTION('',(0.0,0.0,1.0));
#13424=DIRECTION('',(-1.0,0.0,0.0));
#13425=DIRECTION('',(0.0,0.0,1.0));
#13426=DIRECTION('',(0.0,0.0,1.0));
#13427=DIRECTION('',(-1.0,0.0,0.0));
#13428=DIRECTION('',(0.0,1.0,0.0));
#13429=DIRECTION('',(0.0,0.0,-1.0));
#13430=DIRECTION('',(0.0,-1.0,0.0));
#13431=DIRECTION('',(0.0,0.0,-1.0));
#13432=CARTESIAN_POINT('',(-0.32,0.52,-6.309133164221));
#13433=DIRECTION('',(1.0,0.0,0.0));
#13434=DIRECTION('',(0.0,0.875000000000012,-0.484122918275906));
#13435=DIRECTION('',(0.0,0.0,1.0));
#13436=DIRECTION('',(0.0,0.241921895599697,0.970295726275989));
#13437=DIRECTION('',(0.0,1.0,0.0));
#13438=DIRECTION('',(0.0,0.241921895599697,-0.970295726275989));
#13439=DIRECTION('',(0.0,0.0,-1.0));
#13440=CARTESIAN_POINT('',(-0.32,-0.12,-6.309133164221));
#13441=DIRECTION('',(-1.0,0.0,0.0));
#13442=DIRECTION('',(0.0,0.875000000000012,0.484122918275906));
#13443=DIRECTION('',(0.0,0.0,-1.0));
#13444=DIRECTION('',(0.0,-1.0,0.0));
#13445=DIRECTION('',(0.0,0.0,1.0));
#13446=CARTESIAN_POINT('',(-0.32,0.18,-6.309133164221));
#13447=DIRECTION('',(-1.0,-0.0,0.0));
#13448=DIRECTION('',(0.0,-0.875000000000012,-0.484122918275906));
#13449=DIRECTION('',(0.0,0.0,1.0));
#13450=DIRECTION('',(0.0,0.241921895599697,0.970295726275989));
#13451=DIRECTION('',(0.0,1.0,0.0));
#13452=DIRECTION('',(0.0,0.241921895599697,-0.970295726275989));
#13453=DIRECTION('',(0.0,0.0,-1.0));
#13454=CARTESIAN_POINT('',(-0.32,-0.46,-6.309133164221));
#13455=DIRECTION('',(1.0,0.0,0.0));
#13456=DIRECTION('',(0.0,-0.875000000000012,0.484122918275906));
#13457=DIRECTION('',(0.0,0.0,1.0));
#13458=DIRECTION('',(-1.0,0.0,0.0));
#13459=DIRECTION('',(-1.0,0.0,0.0));
#13460=DIRECTION('',(-1.0,0.0,0.0));
#13461=DIRECTION('',(-1.0,0.0,0.0));
#13462=DIRECTION('',(-1.0,0.0,0.0));
#13463=DIRECTION('',(-1.0,0.0,0.0));
#13464=DIRECTION('',(-1.0,0.0,0.0));
#13465=DIRECTION('',(-1.0,0.0,0.0));
#13466=DIRECTION('',(-1.0,0.0,0.0));
#13467=DIRECTION('',(-1.0,0.0,0.0));
#13468=DIRECTION('',(-1.0,0.0,0.0));
#13469=DIRECTION('',(-1.0,0.0,0.0));
#13470=DIRECTION('',(-1.0,0.0,0.0));
#13471=DIRECTION('',(-1.0,0.0,0.0));
#13472=DIRECTION('',(-1.0,0.0,0.0));
#13473=DIRECTION('',(-1.0,0.0,0.0));
#13474=DIRECTION('',(-1.0,0.0,0.0));
#13475=DIRECTION('',(0.0,-1.0,0.0));
#13476=DIRECTION('',(0.0,0.0,-1.0));
#13477=DIRECTION('',(0.0,0.0,-1.0));
#13478=DIRECTION('',(0.0,-1.0,0.0));
#13479=DIRECTION('',(0.0,0.0,-1.0));
#13480=DIRECTION('',(0.0,0.0,-1.0));
#13481=DIRECTION('',(0.0,-1.0,0.0));
#13482=DIRECTION('',(0.0,0.0,-1.0));
#13483=DIRECTION('',(0.0,-1.0,0.0));
#13484=DIRECTION('',(0.0,0.0,-1.0));
#13485=DIRECTION('',(-1.0,0.0,0.0));
#13486=DIRECTION('',(0.0,0.0,-1.0));
#13487=DIRECTION('',(0.0,0.0,-1.0));
#13488=DIRECTION('',(0.0,0.0,-1.0));
#13489=DIRECTION('',(-1.0,0.0,0.0));
#13490=DIRECTION('',(0.0,0.0,-1.0));
#13491=DIRECTION('',(1.0,0.0,0.0));
#13492=DIRECTION('',(0.0,0.0,1.0));
#13493=DIRECTION('',(0.0,0.0,-1.0));
#13494=DIRECTION('',(0.0,1.0,0.0));
#13495=DIRECTION('',(0.0,0.0,1.0));
#13496=DIRECTION('',(0.0,0.0,-1.0));
#13497=CARTESIAN_POINT('',(-2.68,-0.12,-6.309133164221));
#13498=DIRECTION('',(-1.0,0.0,0.0));
#13499=DIRECTION('',(0.0,0.875000000000012,0.484122918275906));
#13500=DIRECTION('',(0.0,0.0,-1.0));
#13501=DIRECTION('',(0.0,0.241921895599697,-0.970295726275989));
#13502=DIRECTION('',(0.0,1.0,0.0));
#13503=DIRECTION('',(0.0,0.241921895599697,0.970295726275989));
#13504=DIRECTION('',(0.0,0.0,1.0));
#13505=CARTESIAN_POINT('',(-2.68,0.52,-6.309133164221));
#13506=DIRECTION('',(1.0,0.0,0.0));
#13507=DIRECTION('',(0.0,0.875000000000012,-0.484122918275906));
#13508=DIRECTION('',(0.0,0.0,1.0));
#13509=DIRECTION('',(0.0,0.0,1.0));
#13510=DIRECTION('',(0.0,-1.0,0.0));
#13511=DIRECTION('',(0.0,0.0,-1.0));
#13512=DIRECTION('',(0.0,0.0,1.0));
#13513=DIRECTION('',(0.0,-1.0,0.0));
#13514=CARTESIAN_POINT('',(-2.68,-0.46,-6.309133164221));
#13515=DIRECTION('',(1.0,0.0,0.0));
#13516=DIRECTION('',(0.0,-0.875000000000012,0.484122918275906));
#13517=DIRECTION('',(0.0,0.0,-1.0));
#13518=DIRECTION('',(0.0,0.241921895599697,-0.970295726275989));
#13519=DIRECTION('',(0.0,1.0,0.0));
#13520=DIRECTION('',(0.0,0.241921895599697,0.970295726275989));
#13521=DIRECTION('',(0.0,0.0,1.0));
#13522=CARTESIAN_POINT('',(-2.68,0.18,-6.309133164221));
#13523=DIRECTION('',(-1.0,-0.0,0.0));
#13524=DIRECTION('',(0.0,-0.875000000000012,-0.484122918275906));
#13525=DIRECTION('',(0.0,0.0,1.0));
#13526=DIRECTION('',(-1.0,0.0,0.0));
#13527=DIRECTION('',(0.0,0.0,1.0));
#13528=DIRECTION('',(0.0,0.0,1.0));
#13529=DIRECTION('',(1.0,0.0,0.0));
#13530=DIRECTION('',(1.0,0.0,0.0));
#13531=DIRECTION('',(0.0,-1.0,0.0));
#13532=DIRECTION('',(1.0,0.0,0.0));
#13533=DIRECTION('',(0.0,-1.0,0.0));
#13534=DIRECTION('',(1.0,0.0,0.0));
#13535=DIRECTION('',(0.0,-1.0,0.0));
#13536=DIRECTION('',(1.0,0.0,0.0));
#13537=DIRECTION('',(0.0,-1.0,0.0));
#13538=DIRECTION('',(0.0,0.0,1.0));
#13539=DIRECTION('',(0.0,0.0,1.0));
#13540=DIRECTION('',(0.0,0.0,1.0));
#13541=DIRECTION('',(0.0,0.0,1.0));
#13542=DIRECTION('',(-1.0,0.0,0.0));
#13543=DIRECTION('',(0.0,0.0,1.0));
#13544=DIRECTION('',(0.0,0.0,1.0));
#13545=DIRECTION('',(-1.0,0.0,0.0));
#13546=DIRECTION('',(0.0,1.0,0.0));
#13547=DIRECTION('',(0.0,0.0,-1.0));
#13548=CARTESIAN_POINT('',(-3.32,0.52,-6.309133164221));
#13549=DIRECTION('',(1.0,0.0,0.0));
#13550=DIRECTION('',(0.0,0.875000000000012,-0.484122918275906));
#13551=DIRECTION('',(0.0,0.0,1.0));
#13552=DIRECTION('',(0.0,0.241921895599697,0.970295726275989));
#13553=DIRECTION('',(0.0,1.0,0.0));
#13554=DIRECTION('',(0.0,0.241921895599697,-0.970295726275989));
#13555=DIRECTION('',(0.0,0.0,-1.0));
#13556=CARTESIAN_POINT('',(-3.32,-0.12,-6.309133164221));
#13557=DIRECTION('',(-1.0,0.0,0.0));
#13558=DIRECTION('',(0.0,0.875000000000012,0.484122918275906));
#13559=DIRECTION('',(0.0,0.0,-1.0));
#13560=DIRECTION('',(0.0,-1.0,0.0));
#13561=DIRECTION('',(0.0,0.0,-1.0));
#13562=DIRECTION('',(0.0,-1.0,0.0));
#13563=DIRECTION('',(0.0,0.0,1.0));
#13564=CARTESIAN_POINT('',(-3.32,0.18,-6.309133164221));
#13565=DIRECTION('',(-1.0,-0.0,0.0));
#13566=DIRECTION('',(0.0,-0.875000000000012,-0.484122918275906));
#13567=DIRECTION('',(0.0,0.0,1.0));
#13568=DIRECTION('',(0.0,0.241921895599697,0.970295726275989));
#13569=DIRECTION('',(0.0,1.0,0.0));
#13570=DIRECTION('',(0.0,0.241921895599697,-0.970295726275989));
#13571=DIRECTION('',(0.0,0.0,-1.0));
#13572=CARTESIAN_POINT('',(-3.32,-0.46,-6.309133164221));
#13573=DIRECTION('',(1.0,0.0,0.0));
#13574=DIRECTION('',(0.0,-0.875000000000012,0.484122918275906));
#13575=DIRECTION('',(0.0,0.0,1.0));
#13576=DIRECTION('',(-1.0,0.0,0.0));
#13577=DIRECTION('',(-1.0,0.0,0.0));
#13578=DIRECTION('',(-1.0,0.0,0.0));
#13579=DIRECTION('',(-1.0,0.0,0.0));
#13580=DIRECTION('',(-1.0,0.0,0.0));
#13581=DIRECTION('',(-1.0,0.0,0.0));
#13582=DIRECTION('',(-1.0,0.0,0.0));
#13583=DIRECTION('',(-1.0,0.0,0.0));
#13584=DIRECTION('',(-1.0,0.0,0.0));
#13585=DIRECTION('',(-1.0,0.0,0.0));
#13586=DIRECTION('',(-1.0,0.0,0.0));
#13587=DIRECTION('',(-1.0,0.0,0.0));
#13588=DIRECTION('',(-1.0,0.0,0.0));
#13589=DIRECTION('',(-1.0,0.0,0.0));
#13590=DIRECTION('',(-1.0,0.0,0.0));
#13591=DIRECTION('',(-1.0,0.0,0.0));
#13592=DIRECTION('',(-1.0,0.0,0.0));
#13593=DIRECTION('',(0.0,1.0,0.0));
#13594=DIRECTION('',(0.0,0.0,-1.0));
#13595=DIRECTION('',(0.0,-1.0,0.0));
#13596=DIRECTION('',(0.0,0.0,-1.0));
#13597=CARTESIAN_POINT('',(-6.32,0.52,-6.309133164221));
#13598=DIRECTION('',(1.0,0.0,0.0));
#13599=DIRECTION('',(0.0,0.875000000000012,-0.484122918275906));
#13600=DIRECTION('',(0.0,0.0,1.0));
#13601=DIRECTION('',(0.0,0.241921895599697,0.970295726275989));
#13602=DIRECTION('',(0.0,1.0,0.0));
#13603=DIRECTION('',(0.0,0.241921895599697,-0.970295726275989));
#13604=DIRECTION('',(0.0,0.0,-1.0));
#13605=CARTESIAN_POINT('',(-6.32,-0.12,-6.309133164221));
#13606=DIRECTION('',(-1.0,0.0,0.0));
#13607=DIRECTION('',(0.0,0.875000000000012,0.484122918275906));
#13608=DIRECTION('',(0.0,0.0,-1.0));
#13609=DIRECTION('',(0.0,-1.0,0.0));
#13610=DIRECTION('',(0.0,0.0,1.0));
#13611=CARTESIAN_POINT('',(-6.32,0.18,-6.309133164221));
#13612=DIRECTION('',(-1.0,-0.0,0.0));
#13613=DIRECTION('',(0.0,-0.875000000000012,-0.484122918275906));
#13614=DIRECTION('',(0.0,0.0,1.0));
#13615=DIRECTION('',(0.0,0.241921895599697,0.970295726275989));
#13616=DIRECTION('',(0.0,1.0,0.0));
#13617=DIRECTION('',(0.0,0.241921895599697,-0.970295726275989));
#13618=DIRECTION('',(0.0,0.0,-1.0));
#13619=CARTESIAN_POINT('',(-6.32,-0.46,-6.309133164221));
#13620=DIRECTION('',(1.0,0.0,0.0));
#13621=DIRECTION('',(0.0,-0.875000000000012,0.484122918275906));
#13622=DIRECTION('',(0.0,0.0,1.0));
#13623=DIRECTION('',(-1.0,0.0,0.0));
#13624=DIRECTION('',(-1.0,0.0,0.0));
#13625=DIRECTION('',(-1.0,0.0,0.0));
#13626=DIRECTION('',(-1.0,0.0,0.0));
#13627=DIRECTION('',(-1.0,0.0,0.0));
#13628=DIRECTION('',(-1.0,0.0,0.0));
#13629=DIRECTION('',(-1.0,0.0,0.0));
#13630=DIRECTION('',(-1.0,0.0,0.0));
#13631=DIRECTION('',(-1.0,0.0,0.0));
#13632=DIRECTION('',(-1.0,0.0,0.0));
#13633=DIRECTION('',(-1.0,0.0,0.0));
#13634=DIRECTION('',(-1.0,0.0,0.0));
#13635=DIRECTION('',(-1.0,0.0,0.0));
#13636=DIRECTION('',(-1.0,0.0,0.0));
#13637=DIRECTION('',(-1.0,0.0,0.0));
#13638=DIRECTION('',(-1.0,0.0,0.0));
#13639=DIRECTION('',(-1.0,0.0,0.0));
#13640=DIRECTION('',(4.016950622811E-08,-4.132057545128E-10,-0.999999999999999));
#13641=DIRECTION('',(-4.016950622811E-08,4.13206592417E-10,-0.999999999999999));
#13642=CARTESIAN_POINT('',(-9.0,2.47,-5.484999486362));
#13643=DIRECTION('',(0.0,0.0,-1.0));
#13644=DIRECTION('',(-1.0,0.0,0.0));
#13645=CARTESIAN_POINT('',(-9.0,2.47,-5.815000049674));
#13646=DIRECTION('',(-0.0,0.0,-1.0));
#13647=DIRECTION('',(-1.0,-2.664537109508E-14,0.0));
#13648=DIRECTION('',(-0.707106749765397,-3.23752113433299E-10,0.707106812607697));
#13649=CARTESIAN_POINT('',(9.0,2.47,-5.815000049674));
#13650=DIRECTION('',(0.0,0.0,-1.0));
#13651=DIRECTION('',(-1.0,0.0,0.0));
#13652=CARTESIAN_POINT('',(9.0,2.47,-5.815000049674));
#13653=DIRECTION('',(0.0,0.0,-1.0));
#13654=DIRECTION('',(1.0,0.0,0.0));
#13655=CARTESIAN_POINT('',(-9.0,2.47,-5.815000049674));
#13656=DIRECTION('',(0.0,0.0,-1.0));
#13657=DIRECTION('',(1.0,-7.549521810273E-14,0.0));
#13658=CARTESIAN_POINT('',(9.0,2.47,-5.484999486362));
#13659=DIRECTION('',(0.0,0.0,-1.0));
#13660=DIRECTION('',(1.0,0.0,0.0));
#13661=DIRECTION('',(-0.707106749765397,-3.23754016575699E-10,0.707106812607697));
#13662=CARTESIAN_POINT('',(9.0,2.47,-5.484999486362));
#13663=DIRECTION('',(0.0,0.0,-1.0));
#13664=DIRECTION('',(-1.0,0.0,0.0));
#13665=DIRECTION('',(4.016950957973E-08,-4.132049166086E-10,-0.999999999999999));
#13666=DIRECTION('',(-4.016950622811E-08,4.13206592417E-10,-0.999999999999999));
#13667=CARTESIAN_POINT('',(-9.0,2.47,-5.484999486362));
#13668=DIRECTION('',(0.0,0.0,-1.0));
#13669=DIRECTION('',(1.0,0.0,0.0));
#13670=DIRECTION('',(-1.0,0.0,0.0));
#13671=DIRECTION('',(-1.0,0.0,0.0));
#13672=DIRECTION('',(-1.0,0.0,0.0));
#13673=DIRECTION('',(-1.0,0.0,0.0));
#13674=DIRECTION('',(-1.0,0.0,0.0));
#13675=DIRECTION('',(-1.0,0.0,0.0));
#13676=DIRECTION('',(-1.0,0.0,0.0));
#13677=DIRECTION('',(-1.0,0.0,0.0));
#13678=DIRECTION('',(-1.0,0.0,0.0));
#13679=DIRECTION('',(-1.0,0.0,0.0));
#13680=DIRECTION('',(-1.0,0.0,0.0));
#13681=DIRECTION('',(-1.0,0.0,0.0));
#13682=DIRECTION('',(-1.0,0.0,0.0));
#13683=DIRECTION('',(-1.0,0.0,0.0));
#13684=DIRECTION('',(-1.0,0.0,0.0));
#13685=DIRECTION('',(-1.0,0.0,0.0));
#13686=DIRECTION('',(-1.0,0.0,0.0));
#13687=DIRECTION('',(-1.0,0.0,0.0));
#13688=DIRECTION('',(0.0,0.0,1.0));
#13689=DIRECTION('',(-1.0,0.0,0.0));
#13690=DIRECTION('',(0.0,1.0,0.0));
#13691=DIRECTION('',(-1.0,0.0,0.0));
#13692=DIRECTION('',(0.0,0.0,-1.0));
#13693=DIRECTION('',(-1.0,0.0,0.0));
#13694=DIRECTION('',(0.0,0.64287114276419,0.765974342782488));
#13695=DIRECTION('',(-1.0,0.0,0.0));
#13696=DIRECTION('',(0.0,0.0,-1.0));
#13697=DIRECTION('',(-1.0,0.0,0.0));
#13698=DIRECTION('',(0.0,-0.642871293713882,-0.765974216092578));
#13699=DIRECTION('',(-1.0,0.0,0.0));
#13700=DIRECTION('',(0.0,-1.0,0.0));
#13701=DIRECTION('',(1.0,0.0,0.0));
#13702=DIRECTION('',(1.0,0.0,0.0));
#13703=DIRECTION('',(1.0,0.0,0.0));
#13704=DIRECTION('',(1.0,0.0,0.0));
#13705=DIRECTION('',(1.0,0.0,0.0));
ENDSEC;
END-ISO-10303-21;
