ISO-10303-21;
HEADER;
FILE_DESCRIPTION (( 'STEP AP214' ),
    '1' );
FILE_NAME ('S10B-PHDSS(LF)(SN)(P).STEP',
    '2024-01-11T09:50:22',
    ( '' ),
    ( '' ),
    'SwSTEP 2.0',
    'SolidWorks 2021',
    '' );
FILE_SCHEMA (( 'AUTOMOTIVE_DESIGN' ));
ENDSEC;

DATA;
#1 = CARTESIAN_POINT ( 'NONE',  ( 3.750000000000000000, 6.500000000000000000, -1.250000000000000000 ) ) ;
#2 = VERTEX_POINT ( 'NONE', #1036 ) ;
#3 = VERTEX_POINT ( 'NONE', #2653 ) ;
#4 = EDGE_CURVE ( 'NONE', #3200, #801, #4289, .T. ) ;
#5 = CARTESIAN_POINT ( 'NONE',  ( -0.2500000000000000000, -2.725252258054540189, 2.250000000000000000 ) ) ;
#6 = EDGE_CURVE ( 'NONE', #2, #4183, #1849, .T. ) ;
#7 = DIRECTION ( 'NONE',  ( -1.000000000000000000, -5.963111948670266683E-19, 0.000000000000000000 ) ) ;
#8 = ORIENTED_EDGE ( 'NONE', *, *, #150, .F. ) ;
#9 = CARTESIAN_POINT ( 'NONE',  ( -4.514999999999999680, 5.375000000000000000, -2.500000000000000000 ) ) ;
#10 = CARTESIAN_POINT ( 'NONE',  ( 3.465000000000001634, 4.775000000000000355, -8.724999999999999645 ) ) ;
#11 = EDGE_LOOP ( 'NONE', ( #4846, #4384, #4187, #2911 ) ) ;
#12 = AXIS2_PLACEMENT_3D ( 'NONE', #1650, #3616, #1172 ) ;
#13 = ORIENTED_EDGE ( 'NONE', *, *, #4974, .F. ) ;
#14 = ADVANCED_FACE ( 'NONE', ( #2282 ), #1063, .F. ) ;
#15 = LINE ( 'NONE', #1637, #4385 ) ;
#16 = EDGE_CURVE ( 'NONE', #3357, #5119, #3121, .T. ) ;
#17 = DIRECTION ( 'NONE',  ( -1.000000000000000000, 0.000000000000000000, -0.000000000000000000 ) ) ;
#18 = LINE ( 'NONE', #4011, #1211 ) ;
#19 = ORIENTED_EDGE ( 'NONE', *, *, #333, .T. ) ;
#20 = PRODUCT_DEFINITION_SHAPE ( 'NONE', 'NONE',  #5273 ) ;
#21 = CARTESIAN_POINT ( 'NONE',  ( 0.2500000000000004441, 3.750000000000000000, 7.600252258054534416 ) ) ;
#22 = CARTESIAN_POINT ( 'NONE',  ( -0.2500000000000001665, 3.100000000000000089, 0.4000000000000001887 ) ) ;
#23 = CARTESIAN_POINT ( 'NONE',  ( -5.015000000000002345, 6.500000000000000000, 2.225000000000000089 ) ) ;
#24 = LINE ( 'NONE', #1459, #3080 ) ;
#25 = AXIS2_PLACEMENT_3D ( 'NONE', #1254, #3298, #4857 ) ;
#26 = VERTEX_POINT ( 'NONE', #5144 ) ;
#27 = CARTESIAN_POINT ( 'NONE',  ( -4.514999999999999680, 5.375000000000000000, -2.225000000000000089 ) ) ;
#28 = DIRECTION ( 'NONE',  ( -0.000000000000000000, -0.000000000000000000, -1.000000000000000000 ) ) ;
#29 = VECTOR ( 'NONE', #378, 1000.000000000000000 ) ;
#30 = VECTOR ( 'NONE', #4333, 1000.000000000000000 ) ;
#31 = VERTEX_POINT ( 'NONE', #5215 ) ;
#32 = CARTESIAN_POINT ( 'NONE',  ( -5.950000000000001066, 6.274999999999999467, -0.8500000000000005329 ) ) ;
#33 = SURFACE_STYLE_FILL_AREA ( #3299 ) ;
#34 = PLANE ( 'NONE',  #4421 ) ;
#35 = EDGE_LOOP ( 'NONE', ( #757, #4965, #3847, #3986 ) ) ;
#36 = ORIENTED_EDGE ( 'NONE', *, *, #2839, .F. ) ;
#37 = PLANE ( 'NONE',  #3636 ) ;
#38 = DIRECTION ( 'NONE',  ( 0.000000000000000000, 0.000000000000000000, 1.000000000000000000 ) ) ;
#39 = ORIENTED_EDGE ( 'NONE', *, *, #174, .F. ) ;
#40 = CARTESIAN_POINT ( 'NONE',  ( 5.015000000000000568, 6.499999999999999112, -2.500000000000000000 ) ) ;
#41 = DIRECTION ( 'NONE',  ( 0.000000000000000000, -1.000000000000000000, -6.617026289364699094E-17 ) ) ;
#42 = ORIENTED_EDGE ( 'NONE', *, *, #1095, .T. ) ;
#43 = ADVANCED_FACE ( 'NONE', ( #5169 ), #2726, .F. ) ;
#44 = CARTESIAN_POINT ( 'NONE',  ( -5.450000000000001954, 4.250000000000000000, -0.8500000000000005329 ) ) ;
#45 = EDGE_CURVE ( 'NONE', #4539, #258, #329, .T. ) ;
#46 = CARTESIAN_POINT ( 'NONE',  ( 2.240000000000005986, 5.375000000000000000, -2.500000000000000000 ) ) ;
#47 = PLANE ( 'NONE',  #2068 ) ;
#48 = ORIENTED_EDGE ( 'NONE', *, *, #4283, .F. ) ;
#49 = ADVANCED_FACE ( 'NONE', ( #4363 ), #1138, .F. ) ;
#50 = VECTOR ( 'NONE', #4274, 1000.000000000000000 ) ;
#51 = EDGE_CURVE ( 'NONE', #755, #1457, #1981, .T. ) ;
#52 = DIRECTION ( 'NONE',  ( 0.000000000000000000, 0.000000000000000000, -1.000000000000000000 ) ) ;
#53 = ORIENTED_EDGE ( 'NONE', *, *, #2066, .T. ) ;
#54 = PLANE ( 'NONE',  #1052 ) ;
#55 = CARTESIAN_POINT ( 'NONE',  ( 0.2500000000000002220, 6.499999999999998224, 0.7499999999999997780 ) ) ;
#56 = AXIS2_PLACEMENT_3D ( 'NONE', #441, #2440, #384 ) ;
#57 = LINE ( 'NONE', #443, #4051 ) ;
#58 = VECTOR ( 'NONE', #5198, 999.9999999999998863 ) ;
#59 = VERTEX_POINT ( 'NONE', #3554 ) ;
#60 = CARTESIAN_POINT ( 'NONE',  ( 1.749999999999999778, -4.376595925629559029E-16, -0.7499999999999994449 ) ) ;
#61 = DIRECTION ( 'NONE',  ( -1.084202172485503571E-16, 6.617026289364699094E-17, -1.000000000000000000 ) ) ;
#62 = CARTESIAN_POINT ( 'NONE',  ( -3.750000000000000000, 1.624999999999999778, -1.249999999999999334 ) ) ;
#63 = LINE ( 'NONE', #2947, #4921 ) ;
#64 = CARTESIAN_POINT ( 'NONE',  ( 4.765000000000000568, 5.624999999999994671, 2.225000000000000089 ) ) ;
#65 = EDGE_LOOP ( 'NONE', ( #181, #1916, #4198, #234 ) ) ;
#66 = ORIENTED_EDGE ( 'NONE', *, *, #4118, .F. ) ;
#67 = PLANE ( 'NONE',  #4503 ) ;
#68 = DIRECTION ( 'NONE',  ( 1.000000000000000000, 0.000000000000000000, 0.000000000000000000 ) ) ;
#69 = VERTEX_POINT ( 'NONE', #732 ) ;
#70 = LINE ( 'NONE', #566, #3116 ) ;
#71 = DIRECTION ( 'NONE',  ( 1.000000000000000000, 0.000000000000000000, 0.000000000000000000 ) ) ;
#72 = VERTEX_POINT ( 'NONE', #4314 ) ;
#73 = VECTOR ( 'NONE', #2456, 1000.000000000000000 ) ;
#74 = VECTOR ( 'NONE', #2315, 1000.000000000000114 ) ;
#75 = CARTESIAN_POINT ( 'NONE',  ( -1.749999999999999778, 1.625000000000000222, -0.7499999999999991118 ) ) ;
#76 = PLANE ( 'NONE',  #444 ) ;
#77 = VERTEX_POINT ( 'NONE', #1882 ) ;
#78 = EDGE_CURVE ( 'NONE', #3978, #5022, #2355, .T. ) ;
#79 = CARTESIAN_POINT ( 'NONE',  ( 5.950000000000000178, 0.000000000000000000, 2.500000000000000444 ) ) ;
#80 = ORIENTED_EDGE ( 'NONE', *, *, #720, .F. ) ;
#81 = ADVANCED_FACE ( 'NONE', ( #4820 ), #2069, .T. ) ;
#82 = CARTESIAN_POINT ( 'NONE',  ( 0.1500000000000008271, -2.999999999999999556, 2.250000000000000000 ) ) ;
#83 = CARTESIAN_POINT ( 'NONE',  ( -3.465000000000000746, 5.150000000000005684, -4.870572098594924348 ) ) ;
#84 = ORIENTED_EDGE ( 'NONE', *, *, #3584, .F. ) ;
#85 = VECTOR ( 'NONE', #1098, 1000.000000000000000 ) ;
#86 = EDGE_CURVE ( 'NONE', #884, #1457, #2038, .T. ) ;
#87 = DIRECTION ( 'NONE',  ( 0.000000000000000000, 0.000000000000000000, -1.000000000000000000 ) ) ;
#88 = DIRECTION ( 'NONE',  ( 0.000000000000000000, 1.000000000000000000, 0.000000000000000000 ) ) ;
#89 = ORIENTED_EDGE ( 'NONE', *, *, #2395, .T. ) ;
#90 = ORIENTED_EDGE ( 'NONE', *, *, #4115, .F. ) ;
#91 = AXIS2_PLACEMENT_3D ( 'NONE', #883, #2503, #4131 ) ;
#92 = CIRCLE ( 'NONE', #4514, 0.1499999999999999667 ) ;
#93 = DIRECTION ( 'NONE',  ( 0.000000000000000000, 0.000000000000000000, -1.000000000000000000 ) ) ;
#94 = VECTOR ( 'NONE', #4776, 1000.000000000000000 ) ;
#95 = DIRECTION ( 'NONE',  ( -5.963111948670261868E-19, 1.000000000000000000, -6.933347799794049071E-33 ) ) ;
#96 = VERTEX_POINT ( 'NONE', #1213 ) ;
#97 = FACE_OUTER_BOUND ( 'NONE', #2239, .T. ) ;
#98 = DIRECTION ( 'NONE',  ( -0.000000000000000000, 0.000000000000000000, 1.000000000000000000 ) ) ;
#99 = EDGE_CURVE ( 'NONE', #2813, #3398, #1640, .T. ) ;
#100 = ORIENTED_EDGE ( 'NONE', *, *, #112, .T. ) ;
#101 = CARTESIAN_POINT ( 'NONE',  ( -4.765000000000000568, 6.250000000000003553, -2.500000000000000000 ) ) ;
#102 = VECTOR ( 'NONE', #3742, 1000.000000000000000 ) ;
#103 = LINE ( 'NONE', #1300, #1051 ) ;
#104 = ORIENTED_EDGE ( 'NONE', *, *, #115, .F. ) ;
#105 = CARTESIAN_POINT ( 'NONE',  ( -5.450000000000001954, 6.500000000000000888, 0.1250000000000007494 ) ) ;
#106 = CARTESIAN_POINT ( 'NONE',  ( 3.750000000000000000, 1.624999999999999778, -0.7499999999999997780 ) ) ;
#107 = ORIENTED_EDGE ( 'NONE', *, *, #2097, .T. ) ;
#108 = LINE ( 'NONE', #2547, #4109 ) ;
#109 = DIRECTION ( 'NONE',  ( 1.000000000000000000, 9.605334861444114745E-17, 0.000000000000000000 ) ) ;
#110 = DIRECTION ( 'NONE',  ( 0.000000000000000000, 0.000000000000000000, -1.000000000000000000 ) ) ;
#111 = ORIENTED_EDGE ( 'NONE', *, *, #4507, .F. ) ;
#112 = EDGE_CURVE ( 'NONE', #5140, #26, #2010, .T. ) ;
#113 = CARTESIAN_POINT ( 'NONE',  ( -0.2500000000000002220, 1.624999999999998890, -4.870572098594924348 ) ) ;
#114 = DIRECTION ( 'NONE',  ( 1.000000000000000000, 0.000000000000000000, -0.000000000000000000 ) ) ;
#115 = EDGE_CURVE ( 'NONE', #2342, #4411, #1664, .T. ) ;
#116 = PLANE ( 'NONE',  #719 ) ;
#117 = CARTESIAN_POINT ( 'NONE',  ( -4.765000000000000568, 6.250000000000003553, -2.225000000000000089 ) ) ;
#118 = LINE ( 'NONE', #3356, #2134 ) ;
#119 = EDGE_LOOP ( 'NONE', ( #4792, #2563, #4719, #3955 ) ) ;
#120 = VERTEX_POINT ( 'NONE', #4931 ) ;
#121 = PLANE ( 'NONE',  #324 ) ;
#122 = VECTOR ( 'NONE', #1564, 1000.000000000000000 ) ;
#123 = LINE ( 'NONE', #2166, #661 ) ;
#124 = LINE ( 'NONE', #539, #1511 ) ;
#125 = ORIENTED_EDGE ( 'NONE', *, *, #2763, .T. ) ;
#126 = CARTESIAN_POINT ( 'NONE',  ( 5.450000000000000178, 6.500000000000000000, 2.225000000000000089 ) ) ;
#127 = CARTESIAN_POINT ( 'NONE',  ( 0.000000000000000000, 1.100000000000000089, 2.400000000000000355 ) ) ;
#128 = EDGE_LOOP ( 'NONE', ( #3566, #5255, #5002, #3608 ) ) ;
#129 = DIRECTION ( 'NONE',  ( -1.084202172485503448E-16, 1.000000000000000000, 0.000000000000000000 ) ) ;
#130 = VERTEX_POINT ( 'NONE', #1267 ) ;
#131 = CARTESIAN_POINT ( 'NONE',  ( -4.950000000000000178, -3.000000000000000000, 0.7500000000000002220 ) ) ;
#132 = CARTESIAN_POINT ( 'NONE',  ( -3.465000000000000746, 5.375000000000000000, -8.724999999999999645 ) ) ;
#133 = ORIENTED_EDGE ( 'NONE', *, *, #1483, .F. ) ;
#134 = ORIENTED_EDGE ( 'NONE', *, *, #2673, .F. ) ;
#135 = VECTOR ( 'NONE', #1591, 1000.000000000000000 ) ;
#136 = LINE ( 'NONE', #3754, #4869 ) ;
#137 = LINE ( 'NONE', #963, #4132 ) ;
#138 = AXIS2_PLACEMENT_3D ( 'NONE', #1493, #4725, #5199 ) ;
#139 = ORIENTED_EDGE ( 'NONE', *, *, #268, .T. ) ;
#140 = EDGE_CURVE ( 'NONE', #3459, #948, #4119, .T. ) ;
#141 = CARTESIAN_POINT ( 'NONE',  ( 3.972363140661015368, 4.314340451562332923, 2.500000000000000444 ) ) ;
#142 = CARTESIAN_POINT ( 'NONE',  ( 4.500000000000000888, 2.299999999999999822, -4.870572098594924348 ) ) ;
#143 = LINE ( 'NONE', #4167, #738 ) ;
#144 = EDGE_CURVE ( 'NONE', #2622, #1741, #5238, .T. ) ;
#145 = EDGE_CURVE ( 'NONE', #5157, #716, #63, .T. ) ;
#146 = EDGE_LOOP ( 'NONE', ( #1355, #1772, #4648, #1589 ) ) ;
#147 = EDGE_CURVE ( 'NONE', #4986, #1971, #449, .T. ) ;
#148 = VECTOR ( 'NONE', #1560, 1000.000000000000000 ) ;
#149 = CARTESIAN_POINT ( 'NONE',  ( -3.465000000000000746, 4.774999999999999467, -2.225000000000000089 ) ) ;
#150 = EDGE_CURVE ( 'NONE', #59, #3550, #2376, .T. ) ;
#151 = AXIS2_PLACEMENT_3D ( 'NONE', #800, #5263, #863 ) ;
#152 = CARTESIAN_POINT ( 'NONE',  ( 0.000000000000000000, 6.500000000000000000, 0.000000000000000000 ) ) ;
#153 = VERTEX_POINT ( 'NONE', #117 ) ;
#154 = PRODUCT_DEFINITION_SHAPE ( 'NONE', 'NONE',  #5277 ) ;
#155 = DIRECTION ( 'NONE',  ( -0.000000000000000000, -0.000000000000000000, 1.000000000000000000 ) ) ;
#156 = AXIS2_PLACEMENT_3D ( 'NONE', #1470, #316, #693 ) ;
#157 = ORIENTED_EDGE ( 'NONE', *, *, #4676, .T. ) ;
#158 = ORIENTED_EDGE ( 'NONE', *, *, #294, .T. ) ;
#159 = ORIENTED_EDGE ( 'NONE', *, *, #3980, .T. ) ;
#160 = CARTESIAN_POINT ( 'NONE',  ( -4.514999999999999680, 5.375000000000000000, -2.500000000000000000 ) ) ;
#161 = ORIENTED_EDGE ( 'NONE', *, *, #1765, .T. ) ;
#162 = FACE_OUTER_BOUND ( 'NONE', #4707, .T. ) ;
#163 = UNCERTAINTY_MEASURE_WITH_UNIT (LENGTH_MEASURE( 1.000000000000000082E-05 ), #448, 'distance_accuracy_value', 'NONE');
#164 = DIRECTION ( 'NONE',  ( 1.000000000000000000, 0.000000000000000000, 0.000000000000000000 ) ) ;
#165 = FACE_OUTER_BOUND ( 'NONE', #2598, .T. ) ;
#166 = EDGE_LOOP ( 'NONE', ( #3409, #4338, #3333, #3314 ) ) ;
#167 = VECTOR ( 'NONE', #5153, 1000.000000000000000 ) ;
#168 = ORIENTED_EDGE ( 'NONE', *, *, #4417, .T. ) ;
#169 = VECTOR ( 'NONE', #5266, 1000.000000000000000 ) ;
#170 = CARTESIAN_POINT ( 'NONE',  ( -5.950000000000001066, 0.9250000000000000444, 2.149999999999999911 ) ) ;
#171 = CONTEXT_DEPENDENT_SHAPE_REPRESENTATION ( #1409, #2193 ) ;
#172 = LINE ( 'NONE', #1739, #5015 ) ;
#173 = DIRECTION ( 'NONE',  ( 0.000000000000000000, 0.000000000000000000, 1.000000000000000000 ) ) ;
#174 = EDGE_CURVE ( 'NONE', #3935, #430, #4186, .T. ) ;
#175 = ORIENTED_EDGE ( 'NONE', *, *, #323, .T. ) ;
#176 = AXIS2_PLACEMENT_3D ( 'NONE', #1307, #525, #4127 ) ;
#177 = ADVANCED_FACE ( 'NONE', ( #532 ), #882, .T. ) ;
#178 = CARTESIAN_POINT ( 'NONE',  ( 0.000000000000000000, 0.000000000000000000, 0.000000000000000000 ) ) ;
#179 = CARTESIAN_POINT ( 'NONE',  ( -4.514999999999999680, 5.375000000000000000, -2.500000000000000000 ) ) ;
#180 = EDGE_CURVE ( 'NONE', #4188, #1332, #852, .T. ) ;
#181 = ORIENTED_EDGE ( 'NONE', *, *, #2483, .F. ) ;
#182 = VECTOR ( 'NONE', #2935, 1000.000000000000000 ) ;
#183 = DIRECTION ( 'NONE',  ( 1.000000000000000000, 0.000000000000000000, 0.000000000000000000 ) ) ;
#184 = ORIENTED_EDGE ( 'NONE', *, *, #115, .T. ) ;
#185 = ORIENTED_EDGE ( 'NONE', *, *, #3720, .T. ) ;
#186 = ORIENTED_EDGE ( 'NONE', *, *, #858, .F. ) ;
#187 = CARTESIAN_POINT ( 'NONE',  ( -5.124999999999999112, 3.649999999999999911, -4.870572098594924348 ) ) ;
#188 = ORIENTED_EDGE ( 'NONE', *, *, #1707, .T. ) ;
#189 = ORIENTED_EDGE ( 'NONE', *, *, #1566, .T. ) ;
#190 = LINE ( 'NONE', #1802, #335 ) ;
#191 = CARTESIAN_POINT ( 'NONE',  ( 0.1500000000000001887, -2.999999999999999556, 3.499999999999999112 ) ) ;
#192 = DIRECTION ( 'NONE',  ( 0.000000000000000000, -0.7660444431189765702, -0.6427876096865409172 ) ) ;
#193 = ORIENTED_EDGE ( 'NONE', *, *, #3521, .T. ) ;
#194 = VERTEX_POINT ( 'NONE', #2474 ) ;
#195 = PLANE ( 'NONE',  #408 ) ;
#196 = DIRECTION ( 'NONE',  ( -0.000000000000000000, 0.000000000000000000, -1.000000000000000000 ) ) ;
#197 = DIRECTION ( 'NONE',  ( 0.000000000000000000, 0.000000000000000000, 1.000000000000000000 ) ) ;
#198 = DIRECTION ( 'NONE',  ( -0.000000000000000000, 0.000000000000000000, 1.000000000000000000 ) ) ;
#199 = ORIENTED_EDGE ( 'NONE', *, *, #980, .F. ) ;
#200 = VECTOR ( 'NONE', #4389, 1000.000000000000000 ) ;
#201 = VECTOR ( 'NONE', #1948, 1000.000000000000000 ) ;
#202 = CARTESIAN_POINT ( 'NONE',  ( 0.2500000000000006106, -2.999999999999999556, 1.749999999999999112 ) ) ;
#203 = LINE ( 'NONE', #3440, #2035 ) ;
#204 = LINE ( 'NONE', #82, #1474 ) ;
#205 = ORIENTED_EDGE ( 'NONE', *, *, #2579, .T. ) ;
#206 = EDGE_CURVE ( 'NONE', #1820, #2995, #1683, .T. ) ;
#207 = CARTESIAN_POINT ( 'NONE',  ( 5.950000000000000178, 6.500000000000000000, 2.500000000000000444 ) ) ;
#208 = VERTEX_POINT ( 'NONE', #911 ) ;
#209 = ORIENTED_EDGE ( 'NONE', *, *, #2235, .T. ) ;
#210 = CARTESIAN_POINT ( 'NONE',  ( 2.250000000000000444, 6.499999999999999112, -0.7499999999999994449 ) ) ;
#211 = EDGE_CURVE ( 'NONE', #1911, #3092, #4538, .T. ) ;
#212 = ADVANCED_FACE ( 'NONE', ( #481 ), #3776, .F. ) ;
#213 = VERTEX_POINT ( 'NONE', #1009 ) ;
#214 = CARTESIAN_POINT ( 'NONE',  ( -2.465000000000000302, 1.625000000000000000, -4.870572098594924348 ) ) ;
#215 = CARTESIAN_POINT ( 'NONE',  ( 5.450000000000000178, 1.625000000000001332, -2.225000000000000977 ) ) ;
#216 = CARTESIAN_POINT ( 'NONE',  ( -4.514999999999999680, 5.375000000000000000, -2.225000000000000089 ) ) ;
#217 = ORIENTED_EDGE ( 'NONE', *, *, #4282, .F. ) ;
#218 = ORIENTED_EDGE ( 'NONE', *, *, #4358, .F. ) ;
#219 = FACE_OUTER_BOUND ( 'NONE', #281, .T. ) ;
#220 = FACE_OUTER_BOUND ( 'NONE', #2923, .T. ) ;
#221 = DIRECTION ( 'NONE',  ( 0.000000000000000000, 1.000000000000000000, 0.000000000000000000 ) ) ;
#222 = VECTOR ( 'NONE', #4210, 1000.000000000000000 ) ;
#223 = FACE_OUTER_BOUND ( 'NONE', #4298, .T. ) ;
#224 = VECTOR ( 'NONE', #4260, 1000.000000000000000 ) ;
#225 = VERTEX_POINT ( 'NONE', #3458 ) ;
#226 = EDGE_CURVE ( 'NONE', #1343, #2662, #2633, .T. ) ;
#227 = VECTOR ( 'NONE', #4155, 1000.000000000000000 ) ;
#228 = DIRECTION ( 'NONE',  ( 1.000000000000000000, 0.000000000000000000, 0.000000000000000000 ) ) ;
#229 = CARTESIAN_POINT ( 'NONE',  ( -4.535000000000000142, 1.624999999999998002, -0.7499999999999992228 ) ) ;
#230 = DIRECTION ( 'NONE',  ( 0.000000000000000000, 0.000000000000000000, -1.000000000000000000 ) ) ;
#231 = VERTEX_POINT ( 'NONE', #985 ) ;
#232 = CARTESIAN_POINT ( 'NONE',  ( 4.765000000000000568, 5.624999999999994671, -2.500000000000000000 ) ) ;
#233 = ORIENTED_EDGE ( 'NONE', *, *, #984, .F. ) ;
#234 = ORIENTED_EDGE ( 'NONE', *, *, #1116, .F. ) ;
#235 = LINE ( 'NONE', #2283, #3274 ) ;
#236 = ORIENTED_EDGE ( 'NONE', *, *, #2135, .F. ) ;
#237 = EDGE_CURVE ( 'NONE', #5034, #932, #2603, .T. ) ;
#238 = VECTOR ( 'NONE', #3413, 1000.000000000000000 ) ;
#239 = ORIENTED_EDGE ( 'NONE', *, *, #1328, .F. ) ;
#240 = ADVANCED_FACE ( 'NONE', ( #4238 ), #1044, .F. ) ;
#241 = LINE ( 'NONE', #5197, #2052 ) ;
#242 = DIRECTION ( 'NONE',  ( 0.000000000000000000, 0.000000000000000000, -1.000000000000000000 ) ) ;
#243 = ADVANCED_FACE ( 'NONE', ( #2468 ), #2496, .F. ) ;
#244 = ORIENTED_EDGE ( 'NONE', *, *, #4116, .F. ) ;
#245 = ORIENTED_EDGE ( 'NONE', *, *, #749, .F. ) ;
#246 = LINE ( 'NONE', #3859, #85 ) ;
#247 = FACE_OUTER_BOUND ( 'NONE', #2801, .T. ) ;
#248 = CARTESIAN_POINT ( 'NONE',  ( -2.465000000000000302, 1.625000000000000000, 2.500000000000000444 ) ) ;
#249 = DIRECTION ( 'NONE',  ( -1.000000000000000000, 0.000000000000000000, -0.000000000000000000 ) ) ;
#250 = VECTOR ( 'NONE', #2146, 1000.000000000000000 ) ;
#251 = ORIENTED_EDGE ( 'NONE', *, *, #2588, .F. ) ;
#252 = VECTOR ( 'NONE', #1742, 1000.000000000000000 ) ;
#253 = DIRECTION ( 'NONE',  ( 0.000000000000000000, -1.000000000000000000, 0.000000000000000000 ) ) ;
#254 = CARTESIAN_POINT ( 'NONE',  ( -0.1499999999999999112, -2.999999999999999112, -0.1500000000000004108 ) ) ;
#255 = ORIENTED_EDGE ( 'NONE', *, *, #2904, .F. ) ;
#256 = DIRECTION ( 'NONE',  ( -1.000000000000000000, 0.000000000000000000, -0.000000000000000000 ) ) ;
#257 = ORIENTED_EDGE ( 'NONE', *, *, #1288, .F. ) ;
#258 = VERTEX_POINT ( 'NONE', #2109 ) ;
#259 = CARTESIAN_POINT ( 'NONE',  ( -4.500000000000000000, 3.649999999999999911, 2.500000000000000444 ) ) ;
#260 = DIRECTION ( 'NONE',  ( -0.000000000000000000, -0.000000000000000000, 1.000000000000000000 ) ) ;
#261 = ORIENTED_EDGE ( 'NONE', *, *, #2551, .F. ) ;
#262 = FACE_OUTER_BOUND ( 'NONE', #3974, .T. ) ;
#263 = DIRECTION ( 'NONE',  ( 0.000000000000000000, 0.000000000000000000, -1.000000000000000000 ) ) ;
#264 = VECTOR ( 'NONE', #851, 1000.000000000000000 ) ;
#265 = ORIENTED_EDGE ( 'NONE', *, *, #237, .T. ) ;
#266 = EDGE_LOOP ( 'NONE', ( #2590, #286, #4281, #4318 ) ) ;
#267 = EDGE_LOOP ( 'NONE', ( #4056, #631, #1004, #3635, #3476, #1086, #2699, #2321, #453 ) ) ;
#268 = EDGE_CURVE ( 'NONE', #2198, #2002, #57, .T. ) ;
#269 = CARTESIAN_POINT ( 'NONE',  ( -4.250000000000000000, 1.624999999999998002, -4.870572098594923460 ) ) ;
#270 = EDGE_CURVE ( 'NONE', #3791, #4415, #1308, .T. ) ;
#271 = CARTESIAN_POINT ( 'NONE',  ( 3.750000000000000000, 0.000000000000000000, 0.7499999999999995559 ) ) ;
#272 = DIRECTION ( 'NONE',  ( 0.000000000000000000, 1.000000000000000000, 3.960555881225586985E-17 ) ) ;
#273 = ADVANCED_FACE ( 'NONE', ( #1702 ), #2078, .F. ) ;
#274 = VERTEX_POINT ( 'NONE', #4559 ) ;
#275 = LINE ( 'NONE', #3088, #3564 ) ;
#276 = VECTOR ( 'NONE', #3995, 1000.000000000000000 ) ;
#277 = DIRECTION ( 'NONE',  ( 0.000000000000000000, 0.000000000000000000, 1.000000000000000000 ) ) ;
#278 = VECTOR ( 'NONE', #2752, 1000.000000000000000 ) ;
#279 = ORIENTED_EDGE ( 'NONE', *, *, #2511, .T. ) ;
#280 = PLANE ( 'NONE',  #4505 ) ;
#281 = EDGE_LOOP ( 'NONE', ( #4770, #2365, #2961, #3432 ) ) ;
#282 = LINE ( 'NONE', #1910, #2591 ) ;
#283 = VERTEX_POINT ( 'NONE', #1224 ) ;
#284 = LINE ( 'NONE', #4344, #3917 ) ;
#285 = CARTESIAN_POINT ( 'NONE',  ( -5.950000000000000178, 6.500000000000000000, 2.500000000000000444 ) ) ;
#286 = ORIENTED_EDGE ( 'NONE', *, *, #362, .F. ) ;
#287 = VERTEX_POINT ( 'NONE', #3662 ) ;
#288 = CARTESIAN_POINT ( 'NONE',  ( -2.250000000000000444, 1.624999999999998446, -4.870572098594924348 ) ) ;
#289 = CARTESIAN_POINT ( 'NONE',  ( -0.2500000000000001665, 3.249999999999999556, 0.4000000000000010214 ) ) ;
#290 = CARTESIAN_POINT ( 'NONE',  ( -4.950000000000000178, -1.808246407405795342, 1.750000000000000222 ) ) ;
#291 = CARTESIAN_POINT ( 'NONE',  ( -0.2500000000000001665, -2.999999999999999112, 0.1499999999999990785 ) ) ;
#292 = ORIENTED_EDGE ( 'NONE', *, *, #3363, .F. ) ;
#293 = VECTOR ( 'NONE', #4945, 1000.000000000000000 ) ;
#294 = EDGE_CURVE ( 'NONE', #605, #3070, #3690, .T. ) ;
#295 = EDGE_CURVE ( 'NONE', #4928, #3816, #1728, .T. ) ;
#296 = FILL_AREA_STYLE ('',( #1128 ) ) ;
#297 = PLANE ( 'NONE',  #327 ) ;
#298 = LINE ( 'NONE', #3172, #4718 ) ;
#299 = AXIS2_PLACEMENT_3D ( 'NONE', #3794, #576, #1726 ) ;
#300 = ADVANCED_FACE ( 'NONE', ( #930 ), #3235, .T. ) ;
#301 = ORIENTED_EDGE ( 'NONE', *, *, #4214, .T. ) ;
#302 = DIRECTION ( 'NONE',  ( -0.000000000000000000, -3.960555881225586985E-17, 1.000000000000000000 ) ) ;
#303 = EDGE_CURVE ( 'NONE', #2995, #5068, #414, .T. ) ;
#304 = DIRECTION ( 'NONE',  ( 1.230300337572202153E-16, 1.000000000000000000, -0.000000000000000000 ) ) ;
#305 = CARTESIAN_POINT ( 'NONE',  ( 0.2500000000000004441, -2.999999999999999112, -0.2500000000000006661 ) ) ;
#306 = CARTESIAN_POINT ( 'NONE',  ( -0.2500000000000000000, 1.100000000000000533, 2.250000000000000444 ) ) ;
#307 = VERTEX_POINT ( 'NONE', #3375 ) ;
#308 = ORIENTED_EDGE ( 'NONE', *, *, #3490, .F. ) ;
#309 = DIRECTION ( 'NONE',  ( 0.4999999999999997224, 0.8660254037844388186, 0.000000000000000000 ) ) ;
#310 = EDGE_CURVE ( 'NONE', #2621, #483, #955, .T. ) ;
#311 = CARTESIAN_POINT ( 'NONE',  ( -5.450000000000001954, 4.250000000000000000, -0.1000000000000004774 ) ) ;
#312 = AXIS2_PLACEMENT_3D ( 'NONE', #375, #3647, #915 ) ;
#313 = VECTOR ( 'NONE', #861, 1000.000000000000000 ) ;
#314 = ORIENTED_EDGE ( 'NONE', *, *, #2195, .T. ) ;
#315 = ORIENTED_EDGE ( 'NONE', *, *, #3611, .T. ) ;
#316 = DIRECTION ( 'NONE',  ( 0.000000000000000000, 0.000000000000000000, -1.000000000000000000 ) ) ;
#317 = CARTESIAN_POINT ( 'NONE',  ( -5.450000000000001954, 1.624999999999999778, 2.225000000000000089 ) ) ;
#318 = CARTESIAN_POINT ( 'NONE',  ( -5.450000000000001954, 6.275000000000004796, -0.09999999999999990841 ) ) ;
#319 = ORIENTED_EDGE ( 'NONE', *, *, #3233, .F. ) ;
#320 = CARTESIAN_POINT ( 'NONE',  ( -5.950000000000001066, 6.274999999999999467, -0.8500000000000005329 ) ) ;
#321 = CARTESIAN_POINT ( 'NONE',  ( 3.626052147056688213, 4.914168687704686178, 2.400000000000000799 ) ) ;
#322 = VERTEX_POINT ( 'NONE', #2180 ) ;
#323 = EDGE_CURVE ( 'NONE', #3978, #4153, #4608, .T. ) ;
#324 = AXIS2_PLACEMENT_3D ( 'NONE', #587, #3360, #565 ) ;
#325 = EDGE_CURVE ( 'NONE', #231, #1899, #1362, .T. ) ;
#326 = LINE ( 'NONE', #3603, #4267 ) ;
#327 = AXIS2_PLACEMENT_3D ( 'NONE', #1504, #4357, #1974 ) ;
#328 = EDGE_CURVE ( 'NONE', #3197, #864, #4752, .T. ) ;
#329 = LINE ( 'NONE', #259, #3741 ) ;
#330 = CARTESIAN_POINT ( 'NONE',  ( 5.950000000000000178, 6.274999999999999467, -0.8500000000000005329 ) ) ;
#331 = VERTEX_POINT ( 'NONE', #2731 ) ;
#332 = EDGE_CURVE ( 'NONE', #1144, #4874, #3964, .T. ) ;
#333 = EDGE_CURVE ( 'NONE', #5140, #3151, #3562, .T. ) ;
#334 = VECTOR ( 'NONE', #4453, 1000.000000000000000 ) ;
#335 = VECTOR ( 'NONE', #2628, 1000.000000000000227 ) ;
#336 = ORIENTED_EDGE ( 'NONE', *, *, #3368, .T. ) ;
#337 = FACE_OUTER_BOUND ( 'NONE', #3478, .T. ) ;
#338 = DIRECTION ( 'NONE',  ( 6.424901762877063495E-16, 1.000000000000000000, 0.000000000000000000 ) ) ;
#339 = ORIENTED_EDGE ( 'NONE', *, *, #5076, .F. ) ;
#340 = ORIENTED_EDGE ( 'NONE', *, *, #3023, .T. ) ;
#341 = VECTOR ( 'NONE', #4174, 1000.000000000000000 ) ;
#342 = CARTESIAN_POINT ( 'NONE',  ( -4.250000000000000000, 6.499999999999997335, -1.249999999999999334 ) ) ;
#343 = LINE ( 'NONE', #289, #4403 ) ;
#344 = AXIS2_PLACEMENT_3D ( 'NONE', #425, #2060, #3277 ) ;
#345 = VERTEX_POINT ( 'NONE', #1544 ) ;
#346 = CARTESIAN_POINT ( 'NONE',  ( 4.500000000000000888, 2.299999999999999822, 2.500000000000000444 ) ) ;
#347 =( NAMED_UNIT ( * ) PLANE_ANGLE_UNIT ( ) SI_UNIT ( $, .RADIAN. ) );
#348 = FACE_OUTER_BOUND ( 'NONE', #1610, .T. ) ;
#349 = DIRECTION ( 'NONE',  ( -0.8660254037844380415, -0.5000000000000011102, 0.000000000000000000 ) ) ;
#350 = DIRECTION ( 'NONE',  ( -0.000000000000000000, 1.000000000000000000, -0.000000000000000000 ) ) ;
#351 = EDGE_LOOP ( 'NONE', ( #4121, #4348, #4844 ) ) ;
#352 = DIRECTION ( 'NONE',  ( 0.3236155771181854490, -0.8891264907159879272, 0.3236155771181851160 ) ) ;
#353 = DIRECTION ( 'NONE',  ( 7.228014483236698528E-16, -1.000000000000000000, 0.000000000000000000 ) ) ;
#354 = ORIENTED_EDGE ( 'NONE', *, *, #4208, .F. ) ;
#355 = MECHANICAL_DESIGN_GEOMETRIC_PRESENTATION_REPRESENTATION (  '', ( #4366 ), #1038 ) ;
#356 = EDGE_CURVE ( 'NONE', #470, #3273, #2805, .T. ) ;
#357 = VECTOR ( 'NONE', #3576, 1000.000000000000000 ) ;
#358 = DIRECTION ( 'NONE',  ( 1.000000000000000000, 0.000000000000000000, 0.000000000000000000 ) ) ;
#359 = FACE_OUTER_BOUND ( 'NONE', #2240, .T. ) ;
#360 = ADVANCED_FACE ( 'NONE', ( #1169 ), #763, .T. ) ;
#361 = CARTESIAN_POINT ( 'NONE',  ( 5.950000000000000178, -1.808246407405795342, 1.750000000000000222 ) ) ;
#362 = EDGE_CURVE ( 'NONE', #4304, #1852, #1149, .T. ) ;
#363 = CARTESIAN_POINT ( 'NONE',  ( 3.689999999999999947, 5.375000000000000000, 2.224999999999999645 ) ) ;
#364 = ORIENTED_EDGE ( 'NONE', *, *, #4779, .T. ) ;
#365 = DIRECTION ( 'NONE',  ( 1.000000000000000000, -0.000000000000000000, -0.000000000000000000 ) ) ;
#366 = CARTESIAN_POINT ( 'NONE',  ( -4.535000000000000142, 1.624999999999998002, 1.250000000000000888 ) ) ;
#367 = DIRECTION ( 'NONE',  ( -1.000000000000000000, 0.000000000000000000, 0.000000000000000000 ) ) ;
#368 = LINE ( 'NONE', #533, #1869 ) ;
#369 = EDGE_LOOP ( 'NONE', ( #5116, #2422, #1453, #1403 ) ) ;
#370 = EDGE_LOOP ( 'NONE', ( #4662, #2890, #3900, #3630 ) ) ;
#371 = PLANE ( 'NONE',  #1102 ) ;
#372 = ITEM_DEFINED_TRANSFORMATION ( 'NONE', 'NONE', #862,  #699 ) ;
#373 = ORIENTED_EDGE ( 'NONE', *, *, #3693, .T. ) ;
#374 = DIRECTION ( 'NONE',  ( 0.000000000000000000, 0.000000000000000000, -1.000000000000000000 ) ) ;
#375 = CARTESIAN_POINT ( 'NONE',  ( 0.2500000000000006661, 1.100000000000000533, 1.749999999999999778 ) ) ;
#376 = ORIENTED_EDGE ( 'NONE', *, *, #2059, .F. ) ;
#377 = FACE_OUTER_BOUND ( 'NONE', #1122, .T. ) ;
#378 = DIRECTION ( 'NONE',  ( -1.000000000000000000, 0.000000000000000000, 0.000000000000000000 ) ) ;
#379 = AXIS2_PLACEMENT_3D ( 'NONE', #708, #2263, #3884 ) ;
#380 = ORIENTED_EDGE ( 'NONE', *, *, #3907, .F. ) ;
#381 = CARTESIAN_POINT ( 'NONE',  ( -0.1499999999999999112, -2.999999999999999112, -0.2500000000000006661 ) ) ;
#382 = FACE_OUTER_BOUND ( 'NONE', #3041, .T. ) ;
#383 = PLANE ( 'NONE',  #3848 ) ;
#384 = DIRECTION ( 'NONE',  ( 6.424901762877063495E-16, -1.000000000000000000, 0.000000000000000000 ) ) ;
#385 = EDGE_CURVE ( 'NONE', #3151, #3216, #1898, .T. ) ;
#386 = VECTOR ( 'NONE', #2529, 1000.000000000000000 ) ;
#387 = EDGE_CURVE ( 'NONE', #3556, #4063, #3970, .T. ) ;
#388 = ORIENTED_EDGE ( 'NONE', *, *, #1040, .F. ) ;
#389 = FILL_AREA_STYLE ('',( #4046 ) ) ;
#390 = EDGE_CURVE ( 'NONE', #5022, #208, #4859, .T. ) ;
#391 = CARTESIAN_POINT ( 'NONE',  ( -2.250000000000000444, -1.312978777688867807E-15, 1.250000000000000444 ) ) ;
#392 = VECTOR ( 'NONE', #3570, 1000.000000000000114 ) ;
#393 =( NAMED_UNIT ( * ) SI_UNIT ( $, .STERADIAN. ) SOLID_ANGLE_UNIT ( ) );
#394 = FACE_OUTER_BOUND ( 'NONE', #4714, .T. ) ;
#395 = ORIENTED_EDGE ( 'NONE', *, *, #902, .F. ) ;
#396 = ORIENTED_EDGE ( 'NONE', *, *, #1114, .F. ) ;
#397 = EDGE_CURVE ( 'NONE', #612, #4509, #1126, .T. ) ;
#398 = VECTOR ( 'NONE', #799, 1000.000000000000000 ) ;
#399 = CARTESIAN_POINT ( 'NONE',  ( 0.2500000000000004441, 3.250000000000000000, 7.600252258054534416 ) ) ;
#400 = LINE ( 'NONE', #860, #1188 ) ;
#401 = FACE_OUTER_BOUND ( 'NONE', #4701, .T. ) ;
#402 = FACE_OUTER_BOUND ( 'NONE', #1562, .T. ) ;
#403 = ORIENTED_EDGE ( 'NONE', *, *, #536, .F. ) ;
#404 = CARTESIAN_POINT ( 'NONE',  ( 0.2500000000000004441, -2.999999999999999112, -0.2500000000000006661 ) ) ;
#405 = LINE ( 'NONE', #2037, #3132 ) ;
#406 = LINE ( 'NONE', #2039, #1806 ) ;
#407 = ORIENTED_EDGE ( 'NONE', *, *, #3753, .F. ) ;
#408 = AXIS2_PLACEMENT_3D ( 'NONE', #5054, #2608, #2216 ) ;
#409 = VECTOR ( 'NONE', #1842, 1000.000000000000000 ) ;
#410 = CARTESIAN_POINT ( 'NONE',  ( 0.2500000000000004441, -2.725252258054537080, -0.2500000000000006106 ) ) ;
#411 = LINE ( 'NONE', #2754, #965 ) ;
#412 = ORIENTED_EDGE ( 'NONE', *, *, #1515, .F. ) ;
#413 = DIRECTION ( 'NONE',  ( 1.000000000000000000, -0.000000000000000000, -0.000000000000000000 ) ) ;
#414 = LINE ( 'NONE', #2442, #4649 ) ;
#415 = VERTEX_POINT ( 'NONE', #318 ) ;
#416 = CARTESIAN_POINT ( 'NONE',  ( 0.1500000000000001887, -2.999999999999999112, 0.1499999999999990785 ) ) ;
#417 = FACE_OUTER_BOUND ( 'NONE', #2882, .T. ) ;
#418 = ORIENTED_EDGE ( 'NONE', *, *, #1567, .T. ) ;
#419 = EDGE_LOOP ( 'NONE', ( #978, #2084, #1215, #5265 ) ) ;
#420 = EDGE_CURVE ( 'NONE', #2013, #2342, #2717, .T. ) ;
#421 = VECTOR ( 'NONE', #2989, 1000.000000000000000 ) ;
#422 = EDGE_CURVE ( 'NONE', #1398, #1485, #2368, .T. ) ;
#423 = DIRECTION ( 'NONE',  ( -0.000000000000000000, 0.000000000000000000, -1.000000000000000000 ) ) ;
#424 = CARTESIAN_POINT ( 'NONE',  ( 0.2500000000000004441, -2.999999999999999112, -0.1500000000000004108 ) ) ;
#425 = CARTESIAN_POINT ( 'NONE',  ( 0.000000000000000000, 0.000000000000000000, 0.000000000000000000 ) ) ;
#426 = FACE_BOUND ( 'NONE', #4179, .T. ) ;
#427 = DIRECTION ( 'NONE',  ( -0.000000000000000000, -0.000000000000000000, 1.000000000000000000 ) ) ;
#428 = EDGE_CURVE ( 'NONE', #4509, #4372, #4787, .T. ) ;
#429 = ORIENTED_EDGE ( 'NONE', *, *, #3773, .T. ) ;
#430 = VERTEX_POINT ( 'NONE', #1942 ) ;
#431 = EDGE_CURVE ( 'NONE', #3857, #2021, #4353, .T. ) ;
#432 = DIRECTION ( 'NONE',  ( 0.000000000000000000, 0.6427876096865409172, -0.7660444431189766812 ) ) ;
#433 = CARTESIAN_POINT ( 'NONE',  ( 2.240000000000006875, 5.375000000000000000, -8.724999999999999645 ) ) ;
#434 = LINE ( 'NONE', #5239, #200 ) ;
#435 = ORIENTED_EDGE ( 'NONE', *, *, #237, .F. ) ;
#436 = PRODUCT_RELATED_PRODUCT_CATEGORY ( 'part', '', ( #2153 ) ) ;
#437 = DIRECTION ( 'NONE',  ( -0.000000000000000000, -0.000000000000000000, 1.000000000000000000 ) ) ;
#438 = ORIENTED_EDGE ( 'NONE', *, *, #1839, .F. ) ;
#439 = CARTESIAN_POINT ( 'NONE',  ( 5.950000000000000178, 6.275000000000004796, -0.1000000000000002137 ) ) ;
#440 = FACE_OUTER_BOUND ( 'NONE', #2435, .T. ) ;
#441 = CARTESIAN_POINT ( 'NONE',  ( 4.500000000000000000, 3.649999999999999911, -4.870572098594924348 ) ) ;
#442 = DIRECTION ( 'NONE',  ( 1.000000000000000000, -0.000000000000000000, -0.000000000000000000 ) ) ;
#443 = CARTESIAN_POINT ( 'NONE',  ( -1.749999999999999778, 1.624999999999998224, -4.870572098594924348 ) ) ;
#444 = AXIS2_PLACEMENT_3D ( 'NONE', #152, #4958, #493 ) ;
#445 = AXIS2_PLACEMENT_3D ( 'NONE', #1903, #4815, #3976 ) ;
#446 = ORIENTED_EDGE ( 'NONE', *, *, #4246, .F. ) ;
#447 = DIRECTION ( 'NONE',  ( 0.000000000000000000, 0.000000000000000000, -1.000000000000000000 ) ) ;
#448 =( LENGTH_UNIT ( ) NAMED_UNIT ( * ) SI_UNIT ( .MILLI., .METRE. ) );
#449 = LINE ( 'NONE', #936, #2847 ) ;
#450 = CARTESIAN_POINT ( 'NONE',  ( -4.250000000000000000, -1.750638370251823612E-15, -0.7499999999999990008 ) ) ;
#451 = ORIENTED_EDGE ( 'NONE', *, *, #1279, .F. ) ;
#452 = ORIENTED_EDGE ( 'NONE', *, *, #3601, .F. ) ;
#453 = ORIENTED_EDGE ( 'NONE', *, *, #4148, .F. ) ;
#454 = DIRECTION ( 'NONE',  ( 0.000000000000000000, -1.000000000000000000, 0.000000000000000000 ) ) ;
#455 = CONTEXT_DEPENDENT_SHAPE_REPRESENTATION ( #4265, #20 ) ;
#456 = ORIENTED_EDGE ( 'NONE', *, *, #1284, .F. ) ;
#457 = DIRECTION ( 'NONE',  ( 0.000000000000000000, 0.000000000000000000, 1.000000000000000000 ) ) ;
#458 = PLANE ( 'NONE',  #312 ) ;
#459 = EDGE_CURVE ( 'NONE', #3858, #2543, #3571, .T. ) ;
#460 = ORIENTED_EDGE ( 'NONE', *, *, #1735, .T. ) ;
#461 = EDGE_CURVE ( 'NONE', #1232, #1621, #4377, .T. ) ;
#462 = DIRECTION ( 'NONE',  ( 0.000000000000000000, -1.000000000000000000, 0.000000000000000000 ) ) ;
#463 = EDGE_CURVE ( 'NONE', #3668, #695, #1996, .T. ) ;
#464 = DIRECTION ( 'NONE',  ( 1.000000000000000000, 0.000000000000000000, 0.000000000000000000 ) ) ;
#465 = CARTESIAN_POINT ( 'NONE',  ( 4.765000000000000568, 6.250000000000006217, 2.225000000000000089 ) ) ;
#466 = ORIENTED_EDGE ( 'NONE', *, *, #3324, .T. ) ;
#467 = AXIS2_PLACEMENT_3D ( 'NONE', #609, #2208, #2657 ) ;
#468 = EDGE_CURVE ( 'NONE', #4799, #225, #2810, .T. ) ;
#469 = PLANE ( 'NONE',  #4350 ) ;
#470 = VERTEX_POINT ( 'NONE', #715 ) ;
#471 = CARTESIAN_POINT ( 'NONE',  ( 0.2500000000000004441, 3.750000000000000000, 7.600252258054534416 ) ) ;
#472 = ORIENTED_EDGE ( 'NONE', *, *, #3977, .T. ) ;
#473 = DIRECTION ( 'NONE',  ( 0.7071067811865561215, -0.7071067811865389130, 0.000000000000000000 ) ) ;
#474 = LINE ( 'NONE', #1749, #3135 ) ;
#475 = VECTOR ( 'NONE', #260, 1000.000000000000000 ) ;
#476 = VECTOR ( 'NONE', #2764, 1000.000000000000000 ) ;
#477 = ORIENTED_EDGE ( 'NONE', *, *, #2126, .F. ) ;
#478 = CARTESIAN_POINT ( 'NONE',  ( 5.950000000000000178, 6.275000000000004796, -0.1000000000000002137 ) ) ;
#479 = FACE_OUTER_BOUND ( 'NONE', #2141, .T. ) ;
#480 = FACE_BOUND ( 'NONE', #1103, .T. ) ;
#481 = FACE_OUTER_BOUND ( 'NONE', #873, .T. ) ;
#482 = FACE_OUTER_BOUND ( 'NONE', #2349, .T. ) ;
#483 = VERTEX_POINT ( 'NONE', #1550 ) ;
#484 = ORIENTED_EDGE ( 'NONE', *, *, #5103, .T. ) ;
#485 = PLANE ( 'NONE',  #2955 ) ;
#486 = CARTESIAN_POINT ( 'NONE',  ( -4.514999999999999680, 5.375000000000000000, -2.500000000000000000 ) ) ;
#487 = PLANE ( 'NONE',  #489 ) ;
#488 = ORIENTED_EDGE ( 'NONE', *, *, #4262, .T. ) ;
#489 = AXIS2_PLACEMENT_3D ( 'NONE', #1294, #2903, #4547 ) ;
#490 = AXIS2_PLACEMENT_3D ( 'NONE', #4887, #1594, #447 ) ;
#491 = ORIENTED_EDGE ( 'NONE', *, *, #4439, .T. ) ;
#492 = CARTESIAN_POINT ( 'NONE',  ( -5.450000000000001954, -10.14838099273102046, 2.225000000000000089 ) ) ;
#493 = DIRECTION ( 'NONE',  ( 0.000000000000000000, -0.000000000000000000, 1.000000000000000000 ) ) ;
#494 = ORIENTED_EDGE ( 'NONE', *, *, #1176, .F. ) ;
#495 = EDGE_CURVE ( 'NONE', #3197, #3763, #3168, .T. ) ;
#496 = CARTESIAN_POINT ( 'NONE',  ( -3.750000000000000000, 6.499999999999997335, 0.7500000000000001110 ) ) ;
#497 = ORIENTED_EDGE ( 'NONE', *, *, #2604, .T. ) ;
#498 = CARTESIAN_POINT ( 'NONE',  ( 1.749999999999999778, -4.376595925629559029E-16, 0.7499999999999996669 ) ) ;
#499 = DIRECTION ( 'NONE',  ( 0.7071067811865584529, 0.7071067811865364705, -0.000000000000000000 ) ) ;
#500 = ORIENTED_EDGE ( 'NONE', *, *, #2022, .T. ) ;
#501 = CARTESIAN_POINT ( 'NONE',  ( 0.2500000000000006661, 1.100000000000000755, 2.250000000000000444 ) ) ;
#502 = EDGE_CURVE ( 'NONE', #3707, #2136, #4761, .T. ) ;
#503 = EDGE_CURVE ( 'NONE', #96, #695, #3240, .T. ) ;
#504 = VERTEX_POINT ( 'NONE', #62 ) ;
#505 = CARTESIAN_POINT ( 'NONE',  ( -0.2500000000000001665, 3.750000000000000000, 7.600252258054534416 ) ) ;
#506 = CARTESIAN_POINT ( 'NONE',  ( -0.2500000000000002220, 6.499999999999998224, -1.249999999999999556 ) ) ;
#507 = CARTESIAN_POINT ( 'NONE',  ( 4.250000000000000000, 6.500000000000000000, 1.250000000000000000 ) ) ;
#508 = FACE_BOUND ( 'NONE', #2538, .T. ) ;
#509 = DIRECTION ( 'NONE',  ( 1.000000000000000000, 0.000000000000000000, 0.000000000000000000 ) ) ;
#510 = ORIENTED_EDGE ( 'NONE', *, *, #1281, .F. ) ;
#511 = VECTOR ( 'NONE', #4461, 1000.000000000000000 ) ;
#512 = DIRECTION ( 'NONE',  ( -1.000000000000000000, -9.605334861444114745E-17, 0.000000000000000000 ) ) ;
#513 = DIRECTION ( 'NONE',  ( 0.000000000000000000, 0.000000000000000000, -1.000000000000000000 ) ) ;
#514 = CARTESIAN_POINT ( 'NONE',  ( -5.950000000000001066, 0.9250000000000000444, 2.149999999999999911 ) ) ;
#515 = ORIENTED_EDGE ( 'NONE', *, *, #662, .F. ) ;
#516 = LINE ( 'NONE', #3417, #252 ) ;
#517 = VECTOR ( 'NONE', #4879, 1000.000000000000000 ) ;
#518 = AXIS2_PLACEMENT_3D ( 'NONE', #506, #4967, #164 ) ;
#519 = DIRECTION ( 'NONE',  ( -0.000000000000000000, -0.000000000000000000, 1.000000000000000000 ) ) ;
#520 = VERTEX_POINT ( 'NONE', #4915 ) ;
#521 = AXIS2_PLACEMENT_3D ( 'NONE', #2872, #4518, #68 ) ;
#522 = CARTESIAN_POINT ( 'NONE',  ( 0.2500000000000002220, 1.624999999999998668, -4.870572098594924348 ) ) ;
#523 = VERTEX_POINT ( 'NONE', #2473 ) ;
#524 = LINE ( 'NONE', #160, #3013 ) ;
#525 = DIRECTION ( 'NONE',  ( 0.000000000000000000, -1.000000000000000000, -0.000000000000000000 ) ) ;
#526 = EDGE_CURVE ( 'NONE', #4690, #1977, #3300, .T. ) ;
#527 = ORIENTED_EDGE ( 'NONE', *, *, #2313, .F. ) ;
#528 = EDGE_CURVE ( 'NONE', #3086, #3151, #1315, .T. ) ;
#529 = VECTOR ( 'NONE', #2236, 1000.000000000000000 ) ;
#530 = CARTESIAN_POINT ( 'NONE',  ( 2.465000000000001190, 5.149999999999999467, 2.500000000000000444 ) ) ;
#531 = FACE_OUTER_BOUND ( 'NONE', #3177, .T. ) ;
#532 = FACE_OUTER_BOUND ( 'NONE', #3666, .T. ) ;
#533 = CARTESIAN_POINT ( 'NONE',  ( -4.765000000000000568, 5.624999999999993783, -2.500000000000000000 ) ) ;
#534 = ORIENTED_EDGE ( 'NONE', *, *, #294, .F. ) ;
#535 = ORIENTED_EDGE ( 'NONE', *, *, #4279, .F. ) ;
#536 = EDGE_CURVE ( 'NONE', #430, #1868, #2589, .T. ) ;
#537 = CARTESIAN_POINT ( 'NONE',  ( 5.124999999999999112, 2.299999999999999822, 2.500000000000000444 ) ) ;
#538 = CARTESIAN_POINT ( 'NONE',  ( -0.2500000000000001665, -2.999999999999999112, -0.2500000000000006661 ) ) ;
#539 = CARTESIAN_POINT ( 'NONE',  ( -5.124999999999999112, 3.649999999999999911, 2.224999999999999645 ) ) ;
#540 = ORIENTED_EDGE ( 'NONE', *, *, #3749, .T. ) ;
#541 = EDGE_LOOP ( 'NONE', ( #1382, #4062, #773, #1965, #1468, #3497, #4264, #1379, #4984, #550, #2122, #4653 ) ) ;
#542 = DIRECTION ( 'NONE',  ( 0.000000000000000000, -0.000000000000000000, -1.000000000000000000 ) ) ;
#543 = CARTESIAN_POINT ( 'NONE',  ( 2.250000000000000444, 1.625000000000001110, 0.7499999999999996669 ) ) ;
#544 = EDGE_CURVE ( 'NONE', #788, #2175, #4994, .T. ) ;
#545 = CARTESIAN_POINT ( 'NONE',  ( -1.749999999999999778, 6.499999999999998224, 1.250000000000000444 ) ) ;
#546 = ORIENTED_EDGE ( 'NONE', *, *, #4489, .T. ) ;
#547 = LINE ( 'NONE', #232, #4523 ) ;
#548 = ORIENTED_EDGE ( 'NONE', *, *, #461, .T. ) ;
#549 = ORIENTED_EDGE ( 'NONE', *, *, #3090, .T. ) ;
#550 = ORIENTED_EDGE ( 'NONE', *, *, #2313, .T. ) ;
#551 = CARTESIAN_POINT ( 'NONE',  ( 4.500000000000000000, 3.649999999999999911, 2.224999999999999645 ) ) ;
#552 = DIRECTION ( 'NONE',  ( 0.3236155771181854490, -0.8891264907159878161, -0.3236155771181855045 ) ) ;
#553 = EDGE_LOOP ( 'NONE', ( #990, #4852, #1535, #2685 ) ) ;
#554 = VECTOR ( 'NONE', #2528, 1000.000000000000000 ) ;
#555 = ORIENTED_EDGE ( 'NONE', *, *, #3039, .T. ) ;
#556 = DIRECTION ( 'NONE',  ( 1.000000000000000000, 0.000000000000000000, 0.000000000000000000 ) ) ;
#557 = ADVANCED_FACE ( 'NONE', ( #881, #4160, #3328, #480, #1734, #4565, #2114, #508, #1341, #2140, #3756 ), #116, .F. ) ;
#558 = AXIS2_PLACEMENT_3D ( 'NONE', #306, #1064, #2679 ) ;
#559 = LINE ( 'NONE', #3429, #3928 ) ;
#560 = DIRECTION ( 'NONE',  ( -0.000000000000000000, 0.000000000000000000, -1.000000000000000000 ) ) ;
#561 = EDGE_CURVE ( 'NONE', #4408, #3863, #1297, .T. ) ;
#562 = AXIS2_PLACEMENT_3D ( 'NONE', #2466, #4041, #1170 ) ;
#563 = EDGE_LOOP ( 'NONE', ( #2811, #314, #3427, #1784 ) ) ;
#564 = EDGE_CURVE ( 'NONE', #1750, #1621, #3340, .T. ) ;
#565 = DIRECTION ( 'NONE',  ( -1.000000000000000000, 0.000000000000000000, -0.000000000000000000 ) ) ;
#566 = CARTESIAN_POINT ( 'NONE',  ( 5.124999999999999112, 2.299999999999999822, -4.870572098594924348 ) ) ;
#567 = LINE ( 'NONE', #4674, #2692 ) ;
#568 = EDGE_CURVE ( 'NONE', #4291, #940, #15, .T. ) ;
#569 = ORIENTED_EDGE ( 'NONE', *, *, #6, .F. ) ;
#570 = VECTOR ( 'NONE', #88, 1000.000000000000000 ) ;
#571 = DIRECTION ( 'NONE',  ( -1.000000000000000000, 0.000000000000000000, -0.000000000000000000 ) ) ;
#572 = CARTESIAN_POINT ( 'NONE',  ( -5.015000000000000568, 6.499999999999998224, 2.500000000000000444 ) ) ;
#573 = ORIENTED_EDGE ( 'NONE', *, *, #5073, .F. ) ;
#574 = CARTESIAN_POINT ( 'NONE',  ( 3.465000000000001190, 5.150000000000004796, 2.224999999999999645 ) ) ;
#575 = ORIENTED_EDGE ( 'NONE', *, *, #1165, .T. ) ;
#576 = DIRECTION ( 'NONE',  ( 1.000000000000000000, 0.000000000000000000, -0.000000000000000000 ) ) ;
#577 = ORIENTED_EDGE ( 'NONE', *, *, #5103, .F. ) ;
#578 = VERTEX_POINT ( 'NONE', #4492 ) ;
#579 = CARTESIAN_POINT ( 'NONE',  ( 2.240000000000006875, 5.375000000000000000, -2.500000000000002220 ) ) ;
#580 = DIRECTION ( 'NONE',  ( -1.000000000000000000, 0.000000000000000000, -0.000000000000000000 ) ) ;
#581 = LINE ( 'NONE', #3406, #2978 ) ;
#582 = DIRECTION ( 'NONE',  ( 1.000000000000000000, 0.000000000000000000, 0.000000000000000000 ) ) ;
#583 = VERTEX_POINT ( 'NONE', #4665 ) ;
#584 = AXIS2_PLACEMENT_3D ( 'NONE', #2267, #4702, #2241 ) ;
#585 = ORIENTED_EDGE ( 'NONE', *, *, #5113, .F. ) ;
#586 = VECTOR ( 'NONE', #5061, 1000.000000000000000 ) ;
#587 = CARTESIAN_POINT ( 'NONE',  ( -5.950000000000001066, 4.250000000000000000, -0.8500000000000005329 ) ) ;
#588 = CONTEXT_DEPENDENT_SHAPE_REPRESENTATION ( #1136, #154 ) ;
#589 = FACE_OUTER_BOUND ( 'NONE', #1798, .T. ) ;
#590 = DIRECTION ( 'NONE',  ( -1.000000000000000000, 0.000000000000000000, -0.000000000000000000 ) ) ;
#591 = DIRECTION ( 'NONE',  ( 1.000000000000000000, 0.000000000000000000, 0.000000000000000000 ) ) ;
#592 = EDGE_LOOP ( 'NONE', ( #1813, #3982, #4201, #5057 ) ) ;
#593 = VECTOR ( 'NONE', #1516, 1000.000000000000000 ) ;
#594 = EDGE_CURVE ( 'NONE', #5096, #801, #3033, .T. ) ;
#595 = VECTOR ( 'NONE', #1411, 1000.000000000000000 ) ;
#596 = ADVANCED_FACE ( 'NONE', ( #3466 ), #1444, .T. ) ;
#597 = DIRECTION ( 'NONE',  ( 0.000000000000000000, 1.000000000000000000, 1.239088197126290866E-15 ) ) ;
#598 = CARTESIAN_POINT ( 'NONE',  ( -0.2500000000000002220, 1.624999999999998890, -0.7499999999999995559 ) ) ;
#599 = EDGE_CURVE ( 'NONE', #3820, #3585, #3489, .T. ) ;
#600 = PLANE ( 'NONE',  #2238 ) ;
#601 = ORIENTED_EDGE ( 'NONE', *, *, #3520, .T. ) ;
#602 = VECTOR ( 'NONE', #4985, 1000.000000000000000 ) ;
#603 = DIRECTION ( 'NONE',  ( 0.000000000000000000, 0.000000000000000000, -1.000000000000000000 ) ) ;
#604 = ORIENTED_EDGE ( 'NONE', *, *, #952, .F. ) ;
#605 = VERTEX_POINT ( 'NONE', #4329 ) ;
#606 = PRODUCT_RELATED_PRODUCT_CATEGORY ( 'part', '', ( #1859 ) ) ;
#607 = CARTESIAN_POINT ( 'NONE',  ( 0.2500000000000004441, -2.999999999999999112, 0.2499999999999993616 ) ) ;
#608 = ORIENTED_EDGE ( 'NONE', *, *, #270, .F. ) ;
#609 = CARTESIAN_POINT ( 'NONE',  ( 5.950000000000000178, 6.500000000000000000, 2.500000000000000444 ) ) ;
#610 = FACE_OUTER_BOUND ( 'NONE', #4521, .T. ) ;
#611 = DIRECTION ( 'NONE',  ( 0.000000000000000000, 0.000000000000000000, -1.000000000000000000 ) ) ;
#612 = VERTEX_POINT ( 'NONE', #1372 ) ;
#613 = ORIENTED_EDGE ( 'NONE', *, *, #4675, .T. ) ;
#614 = DIRECTION ( 'NONE',  ( -1.000000000000000000, 0.000000000000000000, 0.000000000000000000 ) ) ;
#615 = LINE ( 'NONE', #142, #3290 ) ;
#616 = CARTESIAN_POINT ( 'NONE',  ( -4.950000000000000178, -3.000000000000000000, -2.500000000000000000 ) ) ;
#617 = ORIENTED_EDGE ( 'NONE', *, *, #1705, .T. ) ;
#618 = PRESENTATION_LAYER_ASSIGNMENT (  '', '', ( #4366 ) ) ;
#619 = VECTOR ( 'NONE', #2045, 1000.000000000000000 ) ;
#620 = FACE_OUTER_BOUND ( 'NONE', #3740, .T. ) ;
#621 = CARTESIAN_POINT ( 'NONE',  ( 5.450000000000000178, 6.500000000000000000, 2.225000000000000089 ) ) ;
#622 = DIRECTION ( 'NONE',  ( -1.000000000000000000, 2.168404344971009115E-16, 0.000000000000000000 ) ) ;
#623 = ADVANCED_FACE ( 'NONE', ( #4623 ), #4696, .T. ) ;
#624 = ORIENTED_EDGE ( 'NONE', *, *, #564, .F. ) ;
#625 = ADVANCED_FACE ( 'NONE', ( #633, #3020, #1853, #5121 ), #3047, .F. ) ;
#626 = LINE ( 'NONE', #1559, #5123 ) ;
#627 = ORIENTED_EDGE ( 'NONE', *, *, #1356, .T. ) ;
#628 = ORIENTED_EDGE ( 'NONE', *, *, #2412, .T. ) ;
#629 = CARTESIAN_POINT ( 'NONE',  ( 1.749999999999999778, -4.376595925629559029E-16, -1.249999999999999778 ) ) ;
#630 = CARTESIAN_POINT ( 'NONE',  ( -5.950000000000001066, 6.274999999999999467, -0.8500000000000005329 ) ) ;
#631 = ORIENTED_EDGE ( 'NONE', *, *, #5187, .F. ) ;
#632 = EDGE_CURVE ( 'NONE', #4530, #2990, #2554, .T. ) ;
#633 = FACE_BOUND ( 'NONE', #351, .T. ) ;
#634 = LINE ( 'NONE', #1913, #1879 ) ;
#635 = CARTESIAN_POINT ( 'NONE',  ( 5.950000000000000178, 6.500000000000000000, 2.500000000000000444 ) ) ;
#636 = DIRECTION ( 'NONE',  ( 0.000000000000000000, 0.000000000000000000, -1.000000000000000000 ) ) ;
#637 = DIRECTION ( 'NONE',  ( -1.000000000000000000, 0.000000000000000000, 0.000000000000000000 ) ) ;
#638 = ORIENTED_EDGE ( 'NONE', *, *, #4500, .F. ) ;
#639 = ORIENTED_EDGE ( 'NONE', *, *, #4477, .T. ) ;
#640 = PLANE ( 'NONE',  #3560 ) ;
#641 = CARTESIAN_POINT ( 'NONE',  ( -5.124999999999999112, 3.649999999999999911, 2.500000000000000444 ) ) ;
#642 = CARTESIAN_POINT ( 'NONE',  ( 5.950000000000000178, 4.775000000000000355, -2.500000000000000000 ) ) ;
#643 = VECTOR ( 'NONE', #4345, 1000.000000000000000 ) ;
#644 = LINE ( 'NONE', #2270, #2630 ) ;
#645 = VECTOR ( 'NONE', #1276, 1000.000000000000000 ) ;
#646 = ORIENTED_EDGE ( 'NONE', *, *, #3296, .F. ) ;
#647 = DIRECTION ( 'NONE',  ( -1.000000000000000000, 0.000000000000000000, 0.000000000000000000 ) ) ;
#648 = CARTESIAN_POINT ( 'NONE',  ( 5.450000000000000178, 1.624999999999999778, 2.225000000000000089 ) ) ;
#649 = CARTESIAN_POINT ( 'NONE',  ( -4.535000000000000142, 1.624999999999998002, -1.249999999999999556 ) ) ;
#650 = ORIENTED_EDGE ( 'NONE', *, *, #4637, .F. ) ;
#651 = FACE_OUTER_BOUND ( 'NONE', #1489, .T. ) ;
#652 = PLANE ( 'NONE',  #1374 ) ;
#653 = AXIS2_PLACEMENT_3D ( 'NONE', #2428, #3624, #4055 ) ;
#654 = ORIENTED_EDGE ( 'NONE', *, *, #3025, .F. ) ;
#655 = VERTEX_POINT ( 'NONE', #2943 ) ;
#656 = DIRECTION ( 'NONE',  ( -0.000000000000000000, -0.000000000000000000, 1.000000000000000000 ) ) ;
#657 = CARTESIAN_POINT ( 'NONE',  ( -5.124999999999999112, 2.299999999999999822, -4.870572098594924348 ) ) ;
#658 = VERTEX_POINT ( 'NONE', #3479 ) ;
#659 = ADVANCED_FACE ( 'NONE', ( #162 ), #1753, .T. ) ;
#660 = EDGE_CURVE ( 'NONE', #3585, #1406, #3380, .T. ) ;
#661 = VECTOR ( 'NONE', #4244, 1000.000000000000000 ) ;
#662 = EDGE_CURVE ( 'NONE', #2334, #4205, #2973, .T. ) ;
#663 = LINE ( 'NONE', #2730, #687 ) ;
#664 = EDGE_CURVE ( 'NONE', #4258, #3008, #1118, .T. ) ;
#665 = DIRECTION ( 'NONE',  ( -1.000000000000000000, -0.000000000000000000, -0.000000000000000000 ) ) ;
#666 = PLANE ( 'NONE',  #4910 ) ;
#667 = ORIENTED_EDGE ( 'NONE', *, *, #536, .T. ) ;
#668 = VERTEX_POINT ( 'NONE', #4092 ) ;
#669 = CARTESIAN_POINT ( 'NONE',  ( -0.2500000000000001665, -2.999999999999999112, 0.2499999999999993616 ) ) ;
#670 = DIRECTION ( 'NONE',  ( 0.000000000000000000, -1.000000000000000000, 0.000000000000000000 ) ) ;
#671 = DIRECTION ( 'NONE',  ( 0.3236155771181820628, -0.3236155771181821739, 0.8891264907159901476 ) ) ;
#672 = VECTOR ( 'NONE', #4052, 1000.000000000000000 ) ;
#673 = VERTEX_POINT ( 'NONE', #4880 ) ;
#674 = VECTOR ( 'NONE', #2983, 1000.000000000000000 ) ;
#675 = VERTEX_POINT ( 'NONE', #2105 ) ;
#676 = CARTESIAN_POINT ( 'NONE',  ( 3.465000000000001634, 4.775000000000000355, -2.225000000000000089 ) ) ;
#677 = CARTESIAN_POINT ( 'NONE',  ( 3.626052147056688213, 4.914168687704686178, 2.400000000000000799 ) ) ;
#678 = LINE ( 'NONE', #2088, #3481 ) ;
#679 = ORIENTED_EDGE ( 'NONE', *, *, #2026, .T. ) ;
#680 = LINE ( 'NONE', #2350, #2387 ) ;
#681 = CARTESIAN_POINT ( 'NONE',  ( -0.2500000000000001665, 3.250000000000000000, 0.4000000000000006328 ) ) ;
#682 = ORIENTED_EDGE ( 'NONE', *, *, #431, .T. ) ;
#683 = FACE_OUTER_BOUND ( 'NONE', #3345, .T. ) ;
#684 = CARTESIAN_POINT ( 'NONE',  ( -2.250000000000000444, 6.499999999999998224, 1.250000000000000444 ) ) ;
#685 = FACE_OUTER_BOUND ( 'NONE', #785, .T. ) ;
#686 = EDGE_CURVE ( 'NONE', #1485, #1236, #899, .T. ) ;
#687 = VECTOR ( 'NONE', #3456, 1000.000000000000000 ) ;
#688 = EDGE_LOOP ( 'NONE', ( #2470, #13, #354, #3405 ) ) ;
#689 = EDGE_CURVE ( 'NONE', #658, #2364, #1220, .T. ) ;
#690 = ADVANCED_FACE ( 'NONE', ( #1191 ), #4066, .T. ) ;
#691 = ORIENTED_EDGE ( 'NONE', *, *, #4636, .T. ) ;
#692 = ADVANCED_FACE ( 'NONE', ( #382 ), #786, .F. ) ;
#693 = DIRECTION ( 'NONE',  ( -1.000000000000000000, 0.000000000000000000, -0.000000000000000000 ) ) ;
#694 = DIRECTION ( 'NONE',  ( 1.000000000000000000, -0.000000000000000000, -0.000000000000000000 ) ) ;
#695 = VERTEX_POINT ( 'NONE', #439 ) ;
#696 = LINE ( 'NONE', #1528, #1696 ) ;
#697 = VECTOR ( 'NONE', #3238, 1000.000000000000000 ) ;
#698 = DIRECTION ( 'NONE',  ( 0.000000000000000000, 0.000000000000000000, -1.000000000000000000 ) ) ;
#699 = AXIS2_PLACEMENT_3D ( 'NONE', #4734, #1476, #5158 ) ;
#700 = ORIENTED_EDGE ( 'NONE', *, *, #1024, .T. ) ;
#701 = VECTOR ( 'NONE', #71, 1000.000000000000000 ) ;
#702 = LINE ( 'NONE', #2302, #2142 ) ;
#703 = CARTESIAN_POINT ( 'NONE',  ( -4.514999999999999680, 5.375000000000000000, -2.225000000000000089 ) ) ;
#704 = DIRECTION ( 'NONE',  ( 0.000000000000000000, 6.672013369141565217E-16, -1.000000000000000000 ) ) ;
#705 = VERTEX_POINT ( 'NONE', #23 ) ;
#706 = ORIENTED_EDGE ( 'NONE', *, *, #3159, .F. ) ;
#707 = DIRECTION ( 'NONE',  ( 0.7071067811865561215, 0.7071067811865389130, -0.000000000000000000 ) ) ;
#708 = CARTESIAN_POINT ( 'NONE',  ( -0.2500000000000000000, -2.999999999999999556, 2.250000000000000000 ) ) ;
#709 = ORIENTED_EDGE ( 'NONE', *, *, #2858, .T. ) ;
#710 = ORIENTED_EDGE ( 'NONE', *, *, #4774, .T. ) ;
#711 = EDGE_CURVE ( 'NONE', #3908, #2136, #2829, .T. ) ;
#712 = PLANE ( 'NONE',  #2775 ) ;
#713 = LINE ( 'NONE', #1500, #4491 ) ;
#714 = EDGE_CURVE ( 'NONE', #2352, #1546, #2044, .T. ) ;
#715 = CARTESIAN_POINT ( 'NONE',  ( 0.2500000000000002220, -8.753191851259118059E-16, -1.249999999999999556 ) ) ;
#716 = VERTEX_POINT ( 'NONE', #1571 ) ;
#717 = FACE_OUTER_BOUND ( 'NONE', #1556, .T. ) ;
#718 = ORIENTED_EDGE ( 'NONE', *, *, #4378, .F. ) ;
#719 = AXIS2_PLACEMENT_3D ( 'NONE', #3355, #2946, #935 ) ;
#720 = EDGE_CURVE ( 'NONE', #4550, #415, #2446, .T. ) ;
#721 = EDGE_CURVE ( 'NONE', #4450, #1034, #3430, .T. ) ;
#722 =( NAMED_UNIT ( * ) SI_UNIT ( $, .STERADIAN. ) SOLID_ANGLE_UNIT ( ) );
#723 = ORIENTED_EDGE ( 'NONE', *, *, #4246, .T. ) ;
#724 = DIRECTION ( 'NONE',  ( 0.000000000000000000, 0.000000000000000000, -1.000000000000000000 ) ) ;
#725 = LINE ( 'NONE', #3499, #5219 ) ;
#726 = EDGE_CURVE ( 'NONE', #287, #96, #1436, .T. ) ;
#727 = VECTOR ( 'NONE', #2571, 1000.000000000000000 ) ;
#728 = EDGE_CURVE ( 'NONE', #3936, #2976, #1491, .T. ) ;
#729 = ORIENTED_EDGE ( 'NONE', *, *, #2702, .F. ) ;
#730 = VECTOR ( 'NONE', #367, 1000.000000000000000 ) ;
#731 = DIRECTION ( 'NONE',  ( -0.000000000000000000, 1.000000000000000000, -0.000000000000000000 ) ) ;
#732 = CARTESIAN_POINT ( 'NONE',  ( -0.2500000000000002220, 1.625000000000000666, 0.7499999999999997780 ) ) ;
#733 = DIRECTION ( 'NONE',  ( 1.000000000000000000, 4.336808689942011820E-16, 0.000000000000000000 ) ) ;
#734 = EDGE_LOOP ( 'NONE', ( #2265, #604, #255, #3500, #1204, #233, #3831, #1970, #2504 ) ) ;
#735 = ORIENTED_EDGE ( 'NONE', *, *, #5076, .T. ) ;
#736 = DIRECTION ( 'NONE',  ( -0.000000000000000000, -3.960555881225586985E-17, 1.000000000000000000 ) ) ;
#737 = DIRECTION ( 'NONE',  ( 1.000000000000000000, 0.000000000000000000, -1.734723475976807341E-16 ) ) ;
#738 = VECTOR ( 'NONE', #4245, 1000.000000000000000 ) ;
#739 = VECTOR ( 'NONE', #1179, 1000.000000000000000 ) ;
#740 = VERTEX_POINT ( 'NONE', #1775 ) ;
#741 = ORIENTED_EDGE ( 'NONE', *, *, #4147, .F. ) ;
#742 = DIRECTION ( 'NONE',  ( 1.084202172485503571E-16, -6.617026289364699094E-17, 1.000000000000000000 ) ) ;
#743 = CARTESIAN_POINT ( 'NONE',  ( 5.450000000000000178, 6.500000000000000000, 2.225000000000000089 ) ) ;
#744 = ORIENTED_EDGE ( 'NONE', *, *, #5041, .T. ) ;
#745 = MANIFOLD_SOLID_BREP ( 'Chamfer1', #4954 ) ;
#746 = FACE_OUTER_BOUND ( 'NONE', #2566, .T. ) ;
#747 = DIRECTION ( 'NONE',  ( -1.000000000000000000, 0.000000000000000000, 0.000000000000000000 ) ) ;
#748 = PLANE ( 'NONE',  #2661 ) ;
#749 = EDGE_CURVE ( 'NONE', #2450, #3750, #2863, .T. ) ;
#750 = ORIENTED_EDGE ( 'NONE', *, *, #2250, .F. ) ;
#751 = VECTOR ( 'NONE', #3334, 1000.000000000000000 ) ;
#752 = EDGE_CURVE ( 'NONE', #1531, #1891, #792, .T. ) ;
#753 = EDGE_CURVE ( 'NONE', #932, #4200, #2892, .T. ) ;
#754 = LINE ( 'NONE', #1932, #766 ) ;
#755 = VERTEX_POINT ( 'NONE', #907 ) ;
#756 = CARTESIAN_POINT ( 'NONE',  ( -0.1499999999999999389, 0.000000000000000000, 7.875000000000000000 ) ) ;
#757 = ORIENTED_EDGE ( 'NONE', *, *, #4878, .F. ) ;
#758 = VECTOR ( 'NONE', #5033, 1000.000000000000000 ) ;
#759 = VECTOR ( 'NONE', #4157, 1000.000000000000000 ) ;
#760 = FACE_OUTER_BOUND ( 'NONE', #4855, .T. ) ;
#761 = VERTEX_POINT ( 'NONE', #4614 ) ;
#762 = DIRECTION ( 'NONE',  ( 0.000000000000000000, -0.000000000000000000, 1.000000000000000000 ) ) ;
#763 = PLANE ( 'NONE',  #3871 ) ;
#764 = DIRECTION ( 'NONE',  ( -1.000000000000000000, -1.084202172485502955E-16, -4.294043290675017249E-33 ) ) ;
#765 = EDGE_LOOP ( 'NONE', ( #3958, #1241, #937, #1157 ) ) ;
#766 = VECTOR ( 'NONE', #5188, 1000.000000000000000 ) ;
#767 = LINE ( 'NONE', #2419, #2152 ) ;
#768 = CARTESIAN_POINT ( 'NONE',  ( 4.765000000000000568, 6.250000000000006217, -2.500000000000000000 ) ) ;
#769 = DIRECTION ( 'NONE',  ( 1.000000000000000000, 4.336808689942011820E-16, 0.000000000000000000 ) ) ;
#770 = ORIENTED_EDGE ( 'NONE', *, *, #1013, .T. ) ;
#771 = ORIENTED_EDGE ( 'NONE', *, *, #1446, .T. ) ;
#772 = LINE ( 'NONE', #5, #672 ) ;
#773 = ORIENTED_EDGE ( 'NONE', *, *, #2509, .T. ) ;
#774 = LINE ( 'NONE', #3646, #3464 ) ;
#775 = LINE ( 'NONE', #3921, #2910 ) ;
#776 = ORIENTED_EDGE ( 'NONE', *, *, #1475, .T. ) ;
#777 = ADVANCED_FACE ( 'NONE', ( #1752 ), #5023, .T. ) ;
#778 = LINE ( 'NONE', #4819, #3748 ) ;
#779 = CYLINDRICAL_SURFACE ( 'NONE', #4885, 0.6500000000000000222 ) ;
#780 = EDGE_CURVE ( 'NONE', #287, #1899, #2111, .T. ) ;
#781 = EDGE_LOOP ( 'NONE', ( #741, #4510, #3104, #4380 ) ) ;
#782 = ADVANCED_FACE ( 'NONE', ( #2999 ), #3723, .F. ) ;
#783 = AXIS2_PLACEMENT_3D ( 'NONE', #1987, #3687, #4904 ) ;
#784 = CARTESIAN_POINT ( 'NONE',  ( -0.5349999999999999201, 1.624999999999998890, -0.7499999999999995559 ) ) ;
#785 = EDGE_LOOP ( 'NONE', ( #3484, #1612, #771, #2219 ) ) ;
#786 = PLANE ( 'NONE',  #3819 ) ;
#787 = DIRECTION ( 'NONE',  ( 0.000000000000000000, -1.000000000000000000, 0.000000000000000000 ) ) ;
#788 = VERTEX_POINT ( 'NONE', #3323 ) ;
#789 = LINE ( 'NONE', #1223, #645 ) ;
#790 = EDGE_CURVE ( 'NONE', #3100, #4070, #3692, .T. ) ;
#791 = ORIENTED_EDGE ( 'NONE', *, *, #2429, .F. ) ;
#792 = LINE ( 'NONE', #1679, #3312 ) ;
#793 = DIRECTION ( 'NONE',  ( 0.000000000000000000, -1.000000000000000000, 0.000000000000000000 ) ) ;
#794 = DIRECTION ( 'NONE',  ( -1.000000000000000000, 0.000000000000000000, 0.000000000000000000 ) ) ;
#795 = ORIENTED_EDGE ( 'NONE', *, *, #1735, .F. ) ;
#796 = ORIENTED_EDGE ( 'NONE', *, *, #4774, .F. ) ;
#797 = CARTESIAN_POINT ( 'NONE',  ( 4.250000000000000000, 1.625000000000001332, 0.7499999999999995559 ) ) ;
#798 = APPLICATION_PROTOCOL_DEFINITION ( 'draft international standard', 'automotive_design', 1998, #1164 ) ;
#799 = DIRECTION ( 'NONE',  ( 1.000000000000000000, -0.000000000000000000, -0.000000000000000000 ) ) ;
#800 = CARTESIAN_POINT ( 'NONE',  ( 3.465000000000000746, 5.150000000000004796, -4.870572098594924348 ) ) ;
#801 = VERTEX_POINT ( 'NONE', #3533 ) ;
#802 = AXIS2_PLACEMENT_3D ( 'NONE', #3018, #3349, #2156 ) ;
#803 = LINE ( 'NONE', #1238, #2206 ) ;
#804 = ORIENTED_EDGE ( 'NONE', *, *, #2386, .T. ) ;
#805 = LINE ( 'NONE', #2848, #3342 ) ;
#806 = AXIS2_PLACEMENT_3D ( 'NONE', #3536, #3157, #1518 ) ;
#807 = ORIENTED_EDGE ( 'NONE', *, *, #3026, .F. ) ;
#808 = VERTEX_POINT ( 'NONE', #3428 ) ;
#809 = CARTESIAN_POINT ( 'NONE',  ( -0.2500000000000002220, 1.625000000000000666, -1.249999999999999556 ) ) ;
#810 = DIRECTION ( 'NONE',  ( 1.000000000000000000, 0.000000000000000000, -0.000000000000000000 ) ) ;
#811 = ORIENTED_EDGE ( 'NONE', *, *, #1972, .T. ) ;
#812 = DIRECTION ( 'NONE',  ( 0.000000000000000000, 0.000000000000000000, -1.000000000000000000 ) ) ;
#813 = DIRECTION ( 'NONE',  ( 9.605334861444114745E-17, -1.000000000000000000, 0.000000000000000000 ) ) ;
#814 = ORIENTED_EDGE ( 'NONE', *, *, #1165, .F. ) ;
#815 = CARTESIAN_POINT ( 'NONE',  ( -2.535000000000000142, 1.624999999999998446, -1.249999999999999778 ) ) ;
#816 = EDGE_CURVE ( 'NONE', #4200, #4766, #2287, .T. ) ;
#817 = DIRECTION ( 'NONE',  ( 1.000000000000000000, 0.000000000000000000, 0.000000000000000000 ) ) ;
#818 = AXIS2_PLACEMENT_3D ( 'NONE', #305, #2751, #1111 ) ;
#819 = ORIENTED_EDGE ( 'NONE', *, *, #1606, .F. ) ;
#820 = EDGE_CURVE ( 'NONE', #2621, #3589, #5120, .T. ) ;
#821 = DIRECTION ( 'NONE',  ( 1.000000000000000000, 9.605334861444114745E-17, 0.000000000000000000 ) ) ;
#822 = PRODUCT_DEFINITION_SHAPE ( 'NONE', 'NONE',  #1614 ) ;
#823 = VECTOR ( 'NONE', #4218, 1000.000000000000114 ) ;
#824 = CARTESIAN_POINT ( 'NONE',  ( 0.2500000000000006106, 1.100000000000000089, 2.400000000000000355 ) ) ;
#825 = ORIENTED_EDGE ( 'NONE', *, *, #4181, .T. ) ;
#826 = ORIENTED_EDGE ( 'NONE', *, *, #3126, .T. ) ;
#827 = AXIS2_PLACEMENT_3D ( 'NONE', #3084, #4729, #4301 ) ;
#828 = FACE_OUTER_BOUND ( 'NONE', #3193, .T. ) ;
#829 = CARTESIAN_POINT ( 'NONE',  ( 1.749999999999999778, -4.376595925629559029E-16, 1.250000000000000222 ) ) ;
#830 = SHAPE_DEFINITION_REPRESENTATION ( #3944, #1488 ) ;
#831 = ORIENTED_EDGE ( 'NONE', *, *, #387, .F. ) ;
#832 = DIRECTION ( 'NONE',  ( 1.000000000000000000, 9.605334861444114745E-17, 0.000000000000000000 ) ) ;
#833 = DIRECTION ( 'NONE',  ( -0.000000000000000000, 0.000000000000000000, -1.000000000000000000 ) ) ;
#834 = ORIENTED_EDGE ( 'NONE', *, *, #1152, .F. ) ;
#835 = LINE ( 'NONE', #1720, #1105 ) ;
#836 = FACE_OUTER_BOUND ( 'NONE', #2028, .T. ) ;
#837 = ORIENTED_EDGE ( 'NONE', *, *, #3907, .T. ) ;
#838 = VECTOR ( 'NONE', #1265, 1000.000000000000000 ) ;
#839 = VECTOR ( 'NONE', #3865, 1000.000000000000000 ) ;
#840 = LINE ( 'NONE', #2462, #3493 ) ;
#841 = ORIENTED_EDGE ( 'NONE', *, *, #2418, .T. ) ;
#842 = CARTESIAN_POINT ( 'NONE',  ( -5.950000000000000178, 6.500000000000000000, 2.500000000000000444 ) ) ;
#843 = ORIENTED_EDGE ( 'NONE', *, *, #2826, .F. ) ;
#844 = CARTESIAN_POINT ( 'NONE',  ( 5.950000000000000178, -3.000000000000000000, 0.7500000000000002220 ) ) ;
#845 = PLANE ( 'NONE',  #1412 ) ;
#846 = PLANE ( 'NONE',  #3051 ) ;
#847 = DIRECTION ( 'NONE',  ( 1.000000000000000000, 0.000000000000000000, -0.000000000000000000 ) ) ;
#848 = VECTOR ( 'NONE', #4343, 1000.000000000000000 ) ;
#849 = ORIENTED_EDGE ( 'NONE', *, *, #4108, .F. ) ;
#850 = EDGE_CURVE ( 'NONE', #4617, #3763, #2234, .T. ) ;
#851 = DIRECTION ( 'NONE',  ( 0.000000000000000000, -1.000000000000000000, 0.000000000000000000 ) ) ;
#852 = LINE ( 'NONE', #4566, #1507 ) ;
#853 = EDGE_LOOP ( 'NONE', ( #185, #1597, #3339, #236 ) ) ;
#854 = EDGE_CURVE ( 'NONE', #2104, #5096, #1006, .T. ) ;
#855 = ORIENTED_EDGE ( 'NONE', *, *, #1661, .F. ) ;
#856 = ORIENTED_EDGE ( 'NONE', *, *, #890, .F. ) ;
#857 = VECTOR ( 'NONE', #155, 1000.000000000000000 ) ;
#858 = EDGE_CURVE ( 'NONE', #2662, #3155, #3076, .T. ) ;
#859 = LINE ( 'NONE', #2841, #1695 ) ;
#860 = CARTESIAN_POINT ( 'NONE',  ( 0.2500000000000004441, 3.750000000000000000, 0.4000000000000006328 ) ) ;
#861 = DIRECTION ( 'NONE',  ( 1.000000000000000000, 9.605334861444114745E-17, 0.000000000000000000 ) ) ;
#862 = AXIS2_PLACEMENT_3D ( 'NONE', #2816, #3303, #1601 ) ;
#863 = DIRECTION ( 'NONE',  ( 1.230300337572202153E-16, 1.000000000000000000, 0.000000000000000000 ) ) ;
#864 = VERTEX_POINT ( 'NONE', #1434 ) ;
#865 = CARTESIAN_POINT ( 'NONE',  ( -4.950000000000000178, -1.808246407405795342, 1.750000000000000222 ) ) ;
#866 = DIRECTION ( 'NONE',  ( -0.000000000000000000, -0.000000000000000000, 1.000000000000000000 ) ) ;
#867 = ORIENTED_EDGE ( 'NONE', *, *, #2385, .T. ) ;
#868 = ORIENTED_EDGE ( 'NONE', *, *, #3171, .T. ) ;
#869 = EDGE_CURVE ( 'NONE', #3663, #3216, #4695, .T. ) ;
#870 = LINE ( 'NONE', #2491, #4431 ) ;
#871 = ORIENTED_EDGE ( 'NONE', *, *, #420, .F. ) ;
#872 = DIRECTION ( 'NONE',  ( -1.000000000000000000, 2.168404344971009115E-16, 0.000000000000000000 ) ) ;
#873 = EDGE_LOOP ( 'NONE', ( #2916, #265, #3421, #2272 ) ) ;
#874 = LINE ( 'NONE', #2047, #4474 ) ;
#875 = AXIS2_PLACEMENT_3D ( 'NONE', #2646, #571, #5035 ) ;
#876 = VECTOR ( 'NONE', #2521, 1000.000000000000114 ) ;
#877 = ORIENTED_EDGE ( 'NONE', *, *, #4409, .F. ) ;
#878 = CARTESIAN_POINT ( 'NONE',  ( 5.124999999999999112, 2.299999999999999822, 2.224999999999999645 ) ) ;
#879 = CARTESIAN_POINT ( 'NONE',  ( 1.465000000000000080, 1.624999999999999334, 0.7499999999999998890 ) ) ;
#880 = SURFACE_STYLE_USAGE ( .BOTH. , #1595 ) ;
#881 = FACE_BOUND ( 'NONE', #2656, .T. ) ;
#882 = PLANE ( 'NONE',  #3539 ) ;
#883 = CARTESIAN_POINT ( 'NONE',  ( -0.2500000000000000000, 1.250000000000000000, 2.400000000000000799 ) ) ;
#884 = VERTEX_POINT ( 'NONE', #579 ) ;
#885 = FACE_OUTER_BOUND ( 'NONE', #3223, .T. ) ;
#886 = DIRECTION ( 'NONE',  ( 0.000000000000000000, -1.000000000000000000, 0.000000000000000000 ) ) ;
#887 = ITEM_DEFINED_TRANSFORMATION ( 'NONE', 'NONE', #521,  #699 ) ;
#888 = DIRECTION ( 'NONE',  ( 1.000000000000000000, 0.000000000000000000, -0.000000000000000000 ) ) ;
#889 = FACE_OUTER_BOUND ( 'NONE', #166, .T. ) ;
#890 = EDGE_CURVE ( 'NONE', #4959, #1525, #190, .T. ) ;
#891 = EDGE_LOOP ( 'NONE', ( #188, #2151, #3415, #3012 ) ) ;
#892 = APPLICATION_CONTEXT ( 'automotive_design' ) ;
#893 = PLANE ( 'NONE',  #4769 ) ;
#894 = EDGE_CURVE ( 'NONE', #1574, #231, #1886, .T. ) ;
#895 = DIRECTION ( 'NONE',  ( 0.000000000000000000, 0.000000000000000000, -1.000000000000000000 ) ) ;
#896 = FACE_OUTER_BOUND ( 'NONE', #3891, .T. ) ;
#897 = ORIENTED_EDGE ( 'NONE', *, *, #1492, .F. ) ;
#898 = PLANE ( 'NONE',  #1196 ) ;
#899 = LINE ( 'NONE', #498, #4642 ) ;
#900 = CARTESIAN_POINT ( 'NONE',  ( -5.124999999999999112, 2.299999999999999822, 2.500000000000000444 ) ) ;
#901 = AXIS2_PLACEMENT_3D ( 'NONE', #2363, #1545, #338 ) ;
#902 = EDGE_CURVE ( 'NONE', #5022, #4530, #3509, .T. ) ;
#903 = DIRECTION ( 'NONE',  ( 1.000000000000000000, 0.000000000000000000, -0.000000000000000000 ) ) ;
#904 = VECTOR ( 'NONE', #1989, 1000.000000000000000 ) ;
#905 = VECTOR ( 'NONE', #4400, 1000.000000000000000 ) ;
#906 = ORIENTED_EDGE ( 'NONE', *, *, #270, .T. ) ;
#907 = CARTESIAN_POINT ( 'NONE',  ( -2.240000000000005986, 5.375000000000000000, -2.225000000000000089 ) ) ;
#908 = FACE_OUTER_BOUND ( 'NONE', #1773, .T. ) ;
#909 = LINE ( 'NONE', #507, #986 ) ;
#910 = DIRECTION ( 'NONE',  ( 1.000000000000000000, 0.000000000000000000, -0.000000000000000000 ) ) ;
#911 = CARTESIAN_POINT ( 'NONE',  ( -3.465000000000000746, 4.774999999999999467, -2.225000000000000089 ) ) ;
#912 = EDGE_LOOP ( 'NONE', ( #1751, #2281, #308, #2870, #2950, #4018 ) ) ;
#913 = DIRECTION ( 'NONE',  ( 0.000000000000000000, -0.000000000000000000, -1.000000000000000000 ) ) ;
#914 = LINE ( 'NONE', #992, #4060 ) ;
#915 = DIRECTION ( 'NONE',  ( 0.000000000000000000, 0.000000000000000000, 1.000000000000000000 ) ) ;
#916 = PRODUCT_DEFINITION_SHAPE ( 'NONE', 'NONE',  #5274 ) ;
#917 = ORIENTED_EDGE ( 'NONE', *, *, #4104, .T. ) ;
#918 = VECTOR ( 'NONE', #2217, 1000.000000000000000 ) ;
#919 = CARTESIAN_POINT ( 'NONE',  ( 3.626052147056688213, 4.914168687704686178, 2.400000000000000799 ) ) ;
#920 = ADVANCED_FACE ( 'NONE', ( #683 ), #1091, .F. ) ;
#921 = CARTESIAN_POINT ( 'NONE',  ( 2.250000000000000444, 1.624999999999999112, -4.870572098594924348 ) ) ;
#922 = EDGE_LOOP ( 'NONE', ( #4323, #4911, #189, #4129 ) ) ;
#923 = ADVANCED_FACE ( 'NONE', ( #359 ), #3559, .F. ) ;
#924 = ADVANCED_FACE ( 'NONE', ( #3607 ), #4442, .T. ) ;
#925 = CARTESIAN_POINT ( 'NONE',  ( 3.750000000000000000, 0.000000000000000000, 1.250000000000000000 ) ) ;
#926 = ORIENTED_EDGE ( 'NONE', *, *, #5136, .T. ) ;
#927 = LINE ( 'NONE', #2224, #3422 ) ;
#928 = VECTOR ( 'NONE', #886, 1000.000000000000000 ) ;
#929 = DIRECTION ( 'NONE',  ( 0.000000000000000000, -0.7660444431189765702, -0.6427876096865409172 ) ) ;
#930 = FACE_OUTER_BOUND ( 'NONE', #1295, .T. ) ;
#931 = VECTOR ( 'NONE', #4029, 1000.000000000000000 ) ;
#932 = VERTEX_POINT ( 'NONE', #1141 ) ;
#933 = CARTESIAN_POINT ( 'NONE',  ( -4.514999999999999680, 5.375000000000000000, -2.500000000000000000 ) ) ;
#934 = CARTESIAN_POINT ( 'NONE',  ( -0.2500000000000002220, 6.499999999999998224, 1.250000000000000444 ) ) ;
#935 = DIRECTION ( 'NONE',  ( 1.000000000000000000, -2.168404344971008868E-16, 0.000000000000000000 ) ) ;
#936 = CARTESIAN_POINT ( 'NONE',  ( 5.124999999999999112, 3.649999999999999911, 2.500000000000000444 ) ) ;
#937 = ORIENTED_EDGE ( 'NONE', *, *, #1543, .F. ) ;
#938 = EDGE_CURVE ( 'NONE', #430, #4726, #2043, .T. ) ;
#939 = CARTESIAN_POINT ( 'NONE',  ( 2.240000000000006875, 5.375000000000000000, -2.225000000000000089 ) ) ;
#940 = VERTEX_POINT ( 'NONE', #4851 ) ;
#941 = CARTESIAN_POINT ( 'NONE',  ( 3.750000000000000000, 6.500000000000000000, -0.7499999999999995559 ) ) ;
#942 = DIRECTION ( 'NONE',  ( 0.000000000000000000, 1.000000000000000000, 0.000000000000000000 ) ) ;
#943 = ORIENTED_EDGE ( 'NONE', *, *, #2065, .T. ) ;
#944 = VERTEX_POINT ( 'NONE', #2411 ) ;
#945 = LINE ( 'NONE', #621, #2710 ) ;
#946 = VECTOR ( 'NONE', #87, 1000.000000000000000 ) ;
#947 = FACE_OUTER_BOUND ( 'NONE', #734, .T. ) ;
#948 = VERTEX_POINT ( 'NONE', #3658 ) ;
#949 = AXIS2_PLACEMENT_3D ( 'NONE', #2373, #2719, #3945 ) ;
#950 = EDGE_CURVE ( 'NONE', #2606, #5044, #92, .T. ) ;
#951 = DIRECTION ( 'NONE',  ( 0.7071067811865561215, -0.7071067811865389130, 0.000000000000000000 ) ) ;
#952 = EDGE_CURVE ( 'NONE', #2489, #2684, #3154, .T. ) ;
#953 = VERTEX_POINT ( 'NONE', #1727 ) ;
#954 = LINE ( 'NONE', #131, #727 ) ;
#955 = LINE ( 'NONE', #4204, #4392 ) ;
#956 = ORIENTED_EDGE ( 'NONE', *, *, #2912, .T. ) ;
#957 = ADVANCED_FACE ( 'NONE', ( #2550 ), #846, .F. ) ;
#958 = EDGE_LOOP ( 'NONE', ( #1012, #627, #2966, #125, #917 ) ) ;
#959 = AXIS2_PLACEMENT_3D ( 'NONE', #4913, #1966, #821 ) ;
#960 = DIRECTION ( 'NONE',  ( 0.3236155771181866703, -0.8891264907159867059, 0.3236155771181868368 ) ) ;
#961 = EDGE_CURVE ( 'NONE', #345, #2684, #3689, .T. ) ;
#962 = CARTESIAN_POINT ( 'NONE',  ( 0.2500000000000004441, 3.249999999999999556, 0.4000000000000010214 ) ) ;
#963 = CARTESIAN_POINT ( 'NONE',  ( -7.155734338404323348E-16, 1.650000000000000577, 7.875000000000000000 ) ) ;
#964 = VECTOR ( 'NONE', #1693, 1000.000000000000000 ) ;
#965 = VECTOR ( 'NONE', #3178, 1000.000000000000000 ) ;
#966 = ORIENTED_EDGE ( 'NONE', *, *, #1288, .T. ) ;
#967 = DIRECTION ( 'NONE',  ( -0.000000000000000000, -0.000000000000000000, 1.000000000000000000 ) ) ;
#968 = DIRECTION ( 'NONE',  ( 1.000000000000000000, 0.000000000000000000, 0.000000000000000000 ) ) ;
#969 = PLANE ( 'NONE',  #2113 ) ;
#970 = ORIENTED_EDGE ( 'NONE', *, *, #503, .F. ) ;
#971 = FACE_OUTER_BOUND ( 'NONE', #3519, .T. ) ;
#972 = DIRECTION ( 'NONE',  ( 0.000000000000000000, 1.000000000000000000, 1.199175254041795517E-16 ) ) ;
#973 = ORIENTED_EDGE ( 'NONE', *, *, #2160, .F. ) ;
#974 = PLANE ( 'NONE',  #3829 ) ;
#975 = ORIENTED_EDGE ( 'NONE', *, *, #1539, .T. ) ;
#976 = ORIENTED_EDGE ( 'NONE', *, *, #1990, .F. ) ;
#977 = FACE_OUTER_BOUND ( 'NONE', #1931, .T. ) ;
#978 = ORIENTED_EDGE ( 'NONE', *, *, #3363, .T. ) ;
#979 = AXIS2_PLACEMENT_3D ( 'NONE', #3000, #4235, #580 ) ;
#980 = EDGE_CURVE ( 'NONE', #2364, #5093, #4203, .T. ) ;
#981 = AXIS2_PLACEMENT_3D ( 'NONE', #4963, #4658, #4178 ) ;
#982 = DIRECTION ( 'NONE',  ( 0.000000000000000000, -1.000000000000000000, 0.000000000000000000 ) ) ;
#983 = DIRECTION ( 'NONE',  ( -1.000000000000000000, 0.000000000000000000, 0.000000000000000000 ) ) ;
#984 = EDGE_CURVE ( 'NONE', #4874, #4656, #2495, .T. ) ;
#985 = CARTESIAN_POINT ( 'NONE',  ( 5.950000000000000178, 0.9250000000000000444, 2.149999999999999911 ) ) ;
#986 = VECTOR ( 'NONE', #1414, 1000.000000000000000 ) ;
#987 = VERTEX_POINT ( 'NONE', #1249 ) ;
#988 = ADVANCED_FACE ( 'NONE', ( #2859 ), #2939, .F. ) ;
#989 = EDGE_CURVE ( 'NONE', #2175, #1495, #474, .T. ) ;
#990 = ORIENTED_EDGE ( 'NONE', *, *, #495, .F. ) ;
#991 = DIRECTION ( 'NONE',  ( 1.084202172485503448E-16, -1.000000000000000000, 0.000000000000000000 ) ) ;
#992 = CARTESIAN_POINT ( 'NONE',  ( -4.950000000000000178, -3.000000000000000000, 0.7500000000000002220 ) ) ;
#993 = LINE ( 'NONE', #1740, #3626 ) ;
#994 = ORIENTED_EDGE ( 'NONE', *, *, #3233, .T. ) ;
#995 = CARTESIAN_POINT ( 'NONE',  ( -0.2500000000000001665, 3.250000000000000000, 7.600252258054534416 ) ) ;
#996 = STYLED_ITEM ( 'NONE', ( #2472 ), #4263 ) ;
#997 = VECTOR ( 'NONE', #2120, 1000.000000000000000 ) ;
#998 = EDGE_LOOP ( 'NONE', ( #4700, #855, #5069, #1774, #2573 ) ) ;
#999 = DIRECTION ( 'NONE',  ( -0.000000000000000000, -0.000000000000000000, 1.000000000000000000 ) ) ;
#1000 = ORIENTED_EDGE ( 'NONE', *, *, #3721, .F. ) ;
#1001 = ORIENTED_EDGE ( 'NONE', *, *, #422, .F. ) ;
#1002 = ORIENTED_EDGE ( 'NONE', *, *, #728, .T. ) ;
#1003 = CARTESIAN_POINT ( 'NONE',  ( 0.2500000000000004441, 3.750000000000000000, 7.600252258054534416 ) ) ;
#1004 = ORIENTED_EDGE ( 'NONE', *, *, #1506, .F. ) ;
#1005 = ORIENTED_EDGE ( 'NONE', *, *, #2056, .T. ) ;
#1006 = LINE ( 'NONE', #1462, #1277 ) ;
#1007 = CARTESIAN_POINT ( 'NONE',  ( -5.124999999999999112, 3.649999999999999911, 2.224999999999999645 ) ) ;
#1008 = DIRECTION ( 'NONE',  ( 0.7071067811865561215, -0.7071067811865389130, 0.000000000000000000 ) ) ;
#1009 = CARTESIAN_POINT ( 'NONE',  ( -2.250000000000000444, 1.624999999999998446, -0.7499999999999993339 ) ) ;
#1010 = ORIENTED_EDGE ( 'NONE', *, *, #950, .T. ) ;
#1011 = VECTOR ( 'NONE', #3779, 1000.000000000000000 ) ;
#1012 = ORIENTED_EDGE ( 'NONE', *, *, #3649, .T. ) ;
#1013 = EDGE_CURVE ( 'NONE', #4094, #4313, #4964, .T. ) ;
#1014 = AXIS2_PLACEMENT_3D ( 'NONE', #320, #1947, #5159 ) ;
#1015 = CARTESIAN_POINT ( 'NONE',  ( -5.950000000000001066, 6.500000000000000000, -2.500000000000000000 ) ) ;
#1016 = CARTESIAN_POINT ( 'NONE',  ( -5.015000000000000568, 6.499999999999998224, -2.500000000000000000 ) ) ;
#1017 = FACE_OUTER_BOUND ( 'NONE', #891, .T. ) ;
#1018 = EDGE_CURVE ( 'NONE', #761, #4745, #1460, .T. ) ;
#1019 = CARTESIAN_POINT ( 'NONE',  ( 1.749999999999999778, 6.499999999999999112, 0.7499999999999996669 ) ) ;
#1020 = CARTESIAN_POINT ( 'NONE',  ( 1.749999999999999778, 6.499999999999999112, -1.249999999999999778 ) ) ;
#1021 = ORIENTED_EDGE ( 'NONE', *, *, #3601, .T. ) ;
#1022 = AXIS2_PLACEMENT_3D ( 'NONE', #3276, #2424, #3644 ) ;
#1023 = VECTOR ( 'NONE', #5191, 1000.000000000000000 ) ;
#1024 = EDGE_CURVE ( 'NONE', #331, #5093, #2354, .T. ) ;
#1025 = AXIS2_PLACEMENT_3D ( 'NONE', #505, #2599, #556 ) ;
#1026 = PLANE ( 'NONE',  #875 ) ;
#1027 = CARTESIAN_POINT ( 'NONE',  ( -2.250000000000000444, -1.312978777688867807E-15, 0.7500000000000000000 ) ) ;
#1028 = VECTOR ( 'NONE', #3874, 1000.000000000000000 ) ;
#1029 = DIRECTION ( 'NONE',  ( -0.7071067811865389130, -0.7071067811865561215, 0.000000000000000000 ) ) ;
#1030 = ADVANCED_FACE ( 'NONE', ( #4927 ), #3504, .T. ) ;
#1031 = ORIENTED_EDGE ( 'NONE', *, *, #689, .F. ) ;
#1032 = VECTOR ( 'NONE', #352, 1000.000000000000114 ) ;
#1033 = LINE ( 'NONE', #2174, #857 ) ;
#1034 = VERTEX_POINT ( 'NONE', #4480 ) ;
#1035 = ORIENTED_EDGE ( 'NONE', *, *, #2130, .T. ) ;
#1036 = CARTESIAN_POINT ( 'NONE',  ( -5.950000000000001066, 6.275000000000004796, -0.1000000000000002137 ) ) ;
#1037 = FACE_OUTER_BOUND ( 'NONE', #4447, .T. ) ;
#1038 =( GEOMETRIC_REPRESENTATION_CONTEXT ( 3 ) GLOBAL_UNCERTAINTY_ASSIGNED_CONTEXT ( ( #1803 ) ) GLOBAL_UNIT_ASSIGNED_CONTEXT ( ( #4002, #347, #722 ) ) REPRESENTATION_CONTEXT ( 'NONE', 'WORKASPACE' ) );
#1039 = EDGE_LOOP ( 'NONE', ( #1280, #2936, #3105, #5102 ) ) ;
#1040 = EDGE_CURVE ( 'NONE', #3791, #4044, #3270, .T. ) ;
#1041 = DIRECTION ( 'NONE',  ( 1.000000000000000000, -2.168404344971009115E-16, 0.000000000000000000 ) ) ;
#1042 = DIRECTION ( 'NONE',  ( 0.000000000000000000, 0.000000000000000000, -1.000000000000000000 ) ) ;
#1043 = LINE ( 'NONE', #2709, #3613 ) ;
#1044 = PLANE ( 'NONE',  #5005 ) ;
#1045 = ORIENTED_EDGE ( 'NONE', *, *, #2790, .F. ) ;
#1046 = ORIENTED_EDGE ( 'NONE', *, *, #2227, .F. ) ;
#1047 = DIRECTION ( 'NONE',  ( 0.000000000000000000, 0.000000000000000000, -1.000000000000000000 ) ) ;
#1048 = DIRECTION ( 'NONE',  ( -0.9396926207859075397, -0.3420201433256711554, 7.925011529368525808E-17 ) ) ;
#1049 = DIRECTION ( 'NONE',  ( 1.734723475976806848E-16, -0.000000000000000000, 1.000000000000000000 ) ) ;
#1050 = VERTEX_POINT ( 'NONE', #2640 ) ;
#1051 = VECTOR ( 'NONE', #519, 1000.000000000000000 ) ;
#1052 = AXIS2_PLACEMENT_3D ( 'NONE', #1674, #4800, #4278 ) ;
#1053 = FACE_BOUND ( 'NONE', #1593, .T. ) ;
#1054 = CARTESIAN_POINT ( 'NONE',  ( -2.465000000000000302, 1.625000000000000000, 2.500000000000000444 ) ) ;
#1055 = DIRECTION ( 'NONE',  ( 1.000000000000000000, 0.000000000000000000, 0.000000000000000000 ) ) ;
#1056 = EDGE_CURVE ( 'NONE', #3008, #483, #3862, .T. ) ;
#1057 = ADVANCED_FACE ( 'NONE', ( #223 ), #3518, .T. ) ;
#1058 = VERTEX_POINT ( 'NONE', #4303 ) ;
#1059 = DIRECTION ( 'NONE',  ( 1.000000000000000000, 9.605334861444114745E-17, 0.000000000000000000 ) ) ;
#1060 = EDGE_CURVE ( 'NONE', #4677, #4657, #644, .T. ) ;
#1061 = CARTESIAN_POINT ( 'NONE',  ( -0.2500000000000000000, 1.250000000000000000, 7.600252258054536192 ) ) ;
#1062 = ORIENTED_EDGE ( 'NONE', *, *, #3810, .T. ) ;
#1063 = PLANE ( 'NONE',  #1708 ) ;
#1064 = DIRECTION ( 'NONE',  ( 1.000000000000000000, 0.000000000000000000, -0.000000000000000000 ) ) ;
#1065 = ORIENTED_EDGE ( 'NONE', *, *, #502, .T. ) ;
#1066 = CARTESIAN_POINT ( 'NONE',  ( 0.2500000000000002220, 6.499999999999998224, -1.249999999999999556 ) ) ;
#1067 = LINE ( 'NONE', #3855, #1623 ) ;
#1068 = CARTESIAN_POINT ( 'NONE',  ( -3.690000000000000391, 5.375000000000000000, -2.500000000000000000 ) ) ;
#1069 = CARTESIAN_POINT ( 'NONE',  ( 0.2500000000000002220, 1.624999999999998668, 1.250000000000000666 ) ) ;
#1070 = ORIENTED_EDGE ( 'NONE', *, *, #1083, .F. ) ;
#1071 = VERTEX_POINT ( 'NONE', #2783 ) ;
#1072 = CARTESIAN_POINT ( 'NONE',  ( -3.750000000000000000, 6.499999999999997335, 0.7500000000000001110 ) ) ;
#1073 = PLANE ( 'NONE',  #4404 ) ;
#1074 = DIRECTION ( 'NONE',  ( -0.7071067811865561215, 0.7071067811865389130, 0.000000000000000000 ) ) ;
#1075 = AXIS2_PLACEMENT_3D ( 'NONE', #3002, #114, #560 ) ;
#1076 = CARTESIAN_POINT ( 'NONE',  ( -0.2500000000000001665, 3.750000000000000000, 7.600252258054534416 ) ) ;
#1077 = ORIENTED_EDGE ( 'NONE', *, *, #4549, .F. ) ;
#1078 = SURFACE_STYLE_USAGE ( .BOTH. , #3196 ) ;
#1079 = CARTESIAN_POINT ( 'NONE',  ( 4.250000000000000000, 0.000000000000000000, -1.250000000000000000 ) ) ;
#1080 = CARTESIAN_POINT ( 'NONE',  ( 5.450000000000000178, -10.14838099273102046, 2.225000000000000089 ) ) ;
#1081 = VECTOR ( 'NONE', #1299, 1000.000000000000000 ) ;
#1082 = ORIENTED_EDGE ( 'NONE', *, *, #2858, .F. ) ;
#1083 = EDGE_CURVE ( 'NONE', #3070, #3950, #3241, .T. ) ;
#1084 = DIRECTION ( 'NONE',  ( -0.000000000000000000, 0.000000000000000000, 1.000000000000000000 ) ) ;
#1085 = AXIS2_PLACEMENT_3D ( 'NONE', #2537, #98, #1718 ) ;
#1086 = ORIENTED_EDGE ( 'NONE', *, *, #2574, .F. ) ;
#1087 = LINE ( 'NONE', #1536, #4219 ) ;
#1088 = ADVANCED_FACE ( 'NONE', ( #4024 ), #34, .T. ) ;
#1089 = EDGE_LOOP ( 'NONE', ( #3728, #4669, #2204, #5085 ) ) ;
#1090 = VECTOR ( 'NONE', #3938, 1000.000000000000000 ) ;
#1091 = PLANE ( 'NONE',  #3817 ) ;
#1092 = CARTESIAN_POINT ( 'NONE',  ( -0.1499999999999999389, 3.350000000000000089, 7.875000000000000000 ) ) ;
#1093 = DIRECTION ( 'NONE',  ( -1.230300337572201660E-16, 1.000000000000000000, 0.000000000000000000 ) ) ;
#1094 = CARTESIAN_POINT ( 'NONE',  ( -3.690000000000000391, 5.375000000000000000, 2.500000000000000444 ) ) ;
#1095 = EDGE_CURVE ( 'NONE', #948, #3537, #3572, .T. ) ;
#1096 = ORIENTED_EDGE ( 'NONE', *, *, #1828, .T. ) ;
#1097 = ORIENTED_EDGE ( 'NONE', *, *, #3390, .F. ) ;
#1098 = DIRECTION ( 'NONE',  ( 0.000000000000000000, 0.000000000000000000, 1.000000000000000000 ) ) ;
#1099 = LINE ( 'NONE', #4398, #3628 ) ;
#1100 = CARTESIAN_POINT ( 'NONE',  ( -4.500000000000000888, 2.299999999999999822, -4.870572098594924348 ) ) ;
#1101 = CARTESIAN_POINT ( 'NONE',  ( -0.5349999999999999201, 1.624999999999998890, 1.250000000000000666 ) ) ;
#1102 = AXIS2_PLACEMENT_3D ( 'NONE', #3218, #2372, #1290 ) ;
#1103 = EDGE_LOOP ( 'NONE', ( #3019, #4755, #134, #2094 ) ) ;
#1104 = ADVANCED_FACE ( 'NONE', ( #394 ), #1150, .T. ) ;
#1105 = VECTOR ( 'NONE', #462, 1000.000000000000000 ) ;
#1106 = LINE ( 'NONE', #3946, #2876 ) ;
#1107 = LINE ( 'NONE', #1579, #30 ) ;
#1108 = ORIENTED_EDGE ( 'NONE', *, *, #2195, .F. ) ;
#1109 = DIRECTION ( 'NONE',  ( -0.000000000000000000, -0.000000000000000000, 1.000000000000000000 ) ) ;
#1110 = ORIENTED_EDGE ( 'NONE', *, *, #4548, .F. ) ;
#1111 = DIRECTION ( 'NONE',  ( 0.000000000000000000, 0.000000000000000000, 1.000000000000000000 ) ) ;
#1112 = LINE ( 'NONE', #657, #475 ) ;
#1113 = ORIENTED_EDGE ( 'NONE', *, *, #503, .T. ) ;
#1114 = EDGE_CURVE ( 'NONE', #3550, #1563, #3525, .T. ) ;
#1115 = AXIS2_PLACEMENT_3D ( 'NONE', #2199, #4285, #603 ) ;
#1116 = EDGE_CURVE ( 'NONE', #3640, #2277, #2742, .T. ) ;
#1117 = CARTESIAN_POINT ( 'NONE',  ( -4.765000000000000568, 6.250000000000003553, 2.225000000000000089 ) ) ;
#1118 = LINE ( 'NONE', #1167, #3267 ) ;
#1119 = DIRECTION ( 'NONE',  ( -1.000000000000000000, 0.000000000000000000, -0.000000000000000000 ) ) ;
#1120 = CARTESIAN_POINT ( 'NONE',  ( -3.750000000000000000, 1.624999999999997780, -4.870572098594923460 ) ) ;
#1121 = ORIENTED_EDGE ( 'NONE', *, *, #4667, .F. ) ;
#1122 = EDGE_LOOP ( 'NONE', ( #877, #3228, #4972, #2492 ) ) ;
#1123 = ADVANCED_FACE ( 'NONE', ( #717 ), #1943, .F. ) ;
#1124 = CARTESIAN_POINT ( 'NONE',  ( -0.2500000000000001665, 3.250000000000000000, 7.600252258054534416 ) ) ;
#1125 = CARTESIAN_POINT ( 'NONE',  ( 0.2500000000000006661, 1.250000000000000000, 2.400000000000000799 ) ) ;
#1126 = LINE ( 'NONE', #1101, #476 ) ;
#1127 = VERTEX_POINT ( 'NONE', #4025 ) ;
#1128 = FILL_AREA_STYLE_COLOUR ( '', #1293 ) ;
#1129 = PLANE ( 'NONE',  #1858 ) ;
#1130 = EDGE_CURVE ( 'NONE', #2780, #307, #368, .T. ) ;
#1131 = DIRECTION ( 'NONE',  ( 1.084202172485502955E-16, -1.000000000000000000, 0.000000000000000000 ) ) ;
#1132 = AXIS2_PLACEMENT_3D ( 'NONE', #3035, #2586, #3394 ) ;
#1133 = EDGE_LOOP ( 'NONE', ( #1706, #4428, #1633, #3098 ) ) ;
#1134 = AXIS2_PLACEMENT_3D ( 'NONE', #2018, #2830, #4067 ) ;
#1135 = CARTESIAN_POINT ( 'NONE',  ( 0.2500000000000004441, 3.750000000000000000, 0.4000000000000010214 ) ) ;
#1136 =( REPRESENTATION_RELATIONSHIP ('NONE','NONE', #1653, #1488 ) REPRESENTATION_RELATIONSHIP_WITH_TRANSFORMATION ( #372 )SHAPE_REPRESENTATION_RELATIONSHIP( ) );
#1137 = ORIENTED_EDGE ( 'NONE', *, *, #2348, .T. ) ;
#1138 = PLANE ( 'NONE',  #818 ) ;
#1139 = LINE ( 'NONE', #3044, #224 ) ;
#1140 = VERTEX_POINT ( 'NONE', #450 ) ;
#1141 = CARTESIAN_POINT ( 'NONE',  ( 5.124999999999999112, 2.299999999999999822, 2.224999999999999645 ) ) ;
#1142 = DIRECTION ( 'NONE',  ( -6.424901762877063495E-16, -1.000000000000000000, 0.000000000000000000 ) ) ;
#1143 = FACE_OUTER_BOUND ( 'NONE', #1685, .T. ) ;
#1144 = VERTEX_POINT ( 'NONE', #64 ) ;
#1145 = ORIENTED_EDGE ( 'NONE', *, *, #1242, .F. ) ;
#1146 = ADVANCED_FACE ( 'NONE', ( #482 ), #4917, .F. ) ;
#1147 = FACE_OUTER_BOUND ( 'NONE', #4668, .T. ) ;
#1148 = DIRECTION ( 'NONE',  ( -0.000000000000000000, -0.000000000000000000, 1.000000000000000000 ) ) ;
#1149 = LINE ( 'NONE', #290, #3702 ) ;
#1150 = PLANE ( 'NONE',  #4684 ) ;
#1151 = ADVANCED_FACE ( 'NONE', ( #2531 ), #3330, .F. ) ;
#1152 = EDGE_CURVE ( 'NONE', #2002, #3816, #118, .T. ) ;
#1153 = ORIENTED_EDGE ( 'NONE', *, *, #3808, .T. ) ;
#1154 = DIRECTION ( 'NONE',  ( -1.084202172485503448E-16, 6.617026289364699094E-17, -1.000000000000000000 ) ) ;
#1155 = CARTESIAN_POINT ( 'NONE',  ( 0.2500000000000006106, 1.750000000000000666, 7.600252258054536192 ) ) ;
#1156 = VECTOR ( 'NONE', #473, 1000.000000000000000 ) ;
#1157 = ORIENTED_EDGE ( 'NONE', *, *, #2221, .F. ) ;
#1158 = VECTOR ( 'NONE', #3998, 1000.000000000000000 ) ;
#1159 = CARTESIAN_POINT ( 'NONE',  ( 3.465000000000000746, 5.150000000000004796, 2.500000000000000444 ) ) ;
#1160 = VERTEX_POINT ( 'NONE', #3579 ) ;
#1161 = DIRECTION ( 'NONE',  ( -0.7071067811865550112, -0.7071067811865400232, 0.000000000000000000 ) ) ;
#1162 = CARTESIAN_POINT ( 'NONE',  ( 4.250000000000000000, 0.000000000000000000, 0.7499999999999995559 ) ) ;
#1163 = ORIENTED_EDGE ( 'NONE', *, *, #4501, .F. ) ;
#1164 = APPLICATION_CONTEXT ( 'automotive_design' ) ;
#1165 = EDGE_CURVE ( 'NONE', #3526, #5140, #5165, .T. ) ;
#1166 = DIRECTION ( 'NONE',  ( -1.000000000000000000, 0.000000000000000000, -0.000000000000000000 ) ) ;
#1167 = CARTESIAN_POINT ( 'NONE',  ( 0.1500000000000001887, -2.999999999999999112, 0.2499999999999993616 ) ) ;
#1168 = DIRECTION ( 'NONE',  ( 0.000000000000000000, -1.000000000000000000, 0.000000000000000000 ) ) ;
#1169 = FACE_OUTER_BOUND ( 'NONE', #2301, .T. ) ;
#1170 = DIRECTION ( 'NONE',  ( -1.084202172485503448E-16, 1.000000000000000000, 0.000000000000000000 ) ) ;
#1171 = ORIENTED_EDGE ( 'NONE', *, *, #5003, .F. ) ;
#1172 = DIRECTION ( 'NONE',  ( 0.000000000000000000, 6.672013369141564231E-16, -1.000000000000000000 ) ) ;
#1173 = CARTESIAN_POINT ( 'NONE',  ( 0.2500000000000006661, 1.249999999999999778, 7.600252258054536192 ) ) ;
#1174 = CARTESIAN_POINT ( 'NONE',  ( 0.000000000000000000, 6.500000000000000000, 0.000000000000000000 ) ) ;
#1175 = ORIENTED_EDGE ( 'NONE', *, *, #3191, .F. ) ;
#1176 = EDGE_CURVE ( 'NONE', #31, #716, #3923, .T. ) ;
#1177 = CARTESIAN_POINT ( 'NONE',  ( 5.449999999999999289, 4.250000000000000000, -0.8500000000000005329 ) ) ;
#1178 =( NAMED_UNIT ( * ) PLANE_ANGLE_UNIT ( ) SI_UNIT ( $, .RADIAN. ) );
#1179 = DIRECTION ( 'NONE',  ( 1.000000000000000000, 2.168404344971008868E-16, -0.000000000000000000 ) ) ;
#1180 = DIRECTION ( 'NONE',  ( -0.9396926207859093161, -1.018816780924678786E-16, -0.3420201433256663259 ) ) ;
#1181 = EDGE_CURVE ( 'NONE', #3950, #2976, #1533, .T. ) ;
#1182 = VECTOR ( 'NONE', #1927, 1000.000000000000000 ) ;
#1183 = EDGE_LOOP ( 'NONE', ( #4601, #3308, #4733, #3852 ) ) ;
#1184 = EDGE_CURVE ( 'NONE', #2553, #4625, #5212, .T. ) ;
#1185 = CARTESIAN_POINT ( 'NONE',  ( -1.749999999999999778, 6.499999999999998224, -0.7499999999999991118 ) ) ;
#1186 = LINE ( 'NONE', #4412, #3669 ) ;
#1187 = ORIENTED_EDGE ( 'NONE', *, *, #1509, .T. ) ;
#1188 = VECTOR ( 'NONE', #2400, 1000.000000000000000 ) ;
#1189 = CARTESIAN_POINT ( 'NONE',  ( 5.450000000000000178, -10.14838099273102046, 2.225000000000000089 ) ) ;
#1190 = VERTEX_POINT ( 'NONE', #1159 ) ;
#1191 = FACE_OUTER_BOUND ( 'NONE', #11, .T. ) ;
#1192 = LINE ( 'NONE', #4444, #4798 ) ;
#1193 = LINE ( 'NONE', #27, #2095 ) ;
#1194 = DIRECTION ( 'NONE',  ( 1.000000000000000000, -0.000000000000000000, -0.000000000000000000 ) ) ;
#1195 = ORIENTED_EDGE ( 'NONE', *, *, #1877, .T. ) ;
#1196 = AXIS2_PLACEMENT_3D ( 'NONE', #1331, #52, #2127 ) ;
#1197 = LINE ( 'NONE', #4448, #1636 ) ;
#1198 = VECTOR ( 'NONE', #4422, 1000.000000000000000 ) ;
#1199 = DIRECTION ( 'NONE',  ( 1.000000000000000000, -0.000000000000000000, -0.000000000000000000 ) ) ;
#1200 = VERTEX_POINT ( 'NONE', #3868 ) ;
#1201 = ORIENTED_EDGE ( 'NONE', *, *, #1605, .F. ) ;
#1202 = DIRECTION ( 'NONE',  ( -1.000000000000000000, 0.000000000000000000, -0.000000000000000000 ) ) ;
#1203 = DIRECTION ( 'NONE',  ( 1.000000000000000000, 0.000000000000000000, 0.000000000000000000 ) ) ;
#1204 = ORIENTED_EDGE ( 'NONE', *, *, #2130, .F. ) ;
#1205 = LINE ( 'NONE', #3198, #313 ) ;
#1206 = PLANE ( 'NONE',  #2774 ) ;
#1207 = ORIENTED_EDGE ( 'NONE', *, *, #1212, .T. ) ;
#1208 = VECTOR ( 'NONE', #2308, 1000.000000000000000 ) ;
#1209 = ADVANCED_FACE ( 'NONE', ( #651 ), #2278, .F. ) ;
#1210 = DIRECTION ( 'NONE',  ( -0.000000000000000000, -0.000000000000000000, 1.000000000000000000 ) ) ;
#1211 = VECTOR ( 'NONE', #353, 1000.000000000000000 ) ;
#1212 = EDGE_CURVE ( 'NONE', #1868, #1834, #1482, .T. ) ;
#1213 = CARTESIAN_POINT ( 'NONE',  ( 5.950000000000000178, 6.500000000000000000, 0.1250000000000001110 ) ) ;
#1214 = DIRECTION ( 'NONE',  ( 0.5000000000000011102, -0.8660254037844380415, 0.000000000000000000 ) ) ;
#1215 = ORIENTED_EDGE ( 'NONE', *, *, #4602, .F. ) ;
#1216 = ORIENTED_EDGE ( 'NONE', *, *, #150, .T. ) ;
#1217 = EDGE_CURVE ( 'NONE', #3385, #2622, #678, .T. ) ;
#1218 = CARTESIAN_POINT ( 'NONE',  ( -2.240000000000006430, 4.774999999999999467, -2.225000000000000089 ) ) ;
#1219 = DIRECTION ( 'NONE',  ( -2.460600675144407758E-16, 1.000000000000000000, 0.000000000000000000 ) ) ;
#1220 = LINE ( 'NONE', #5246, #3011 ) ;
#1221 = CARTESIAN_POINT ( 'NONE',  ( -0.1499999999999999389, 3.649999999999999467, 7.875000000000000000 ) ) ;
#1222 = EDGE_LOOP ( 'NONE', ( #577, #1430, #1349, #3734 ) ) ;
#1223 = CARTESIAN_POINT ( 'NONE',  ( -5.450000000000001954, 6.500000000000000000, 2.225000000000000089 ) ) ;
#1224 = CARTESIAN_POINT ( 'NONE',  ( -3.750000000000000000, -1.750638370251823612E-15, -1.249999999999999334 ) ) ;
#1225 = ORIENTED_EDGE ( 'NONE', *, *, #226, .T. ) ;
#1226 = DIRECTION ( 'NONE',  ( -1.000000000000000000, 0.000000000000000000, -0.000000000000000000 ) ) ;
#1227 = LINE ( 'NONE', #2835, #2004 ) ;
#1228 = ORIENTED_EDGE ( 'NONE', *, *, #1900, .T. ) ;
#1229 = ORIENTED_EDGE ( 'NONE', *, *, #5101, .T. ) ;
#1230 = CARTESIAN_POINT ( 'NONE',  ( -2.465000000000001190, 5.149999999999999467, 2.500000000000000444 ) ) ;
#1231 =( NAMED_UNIT ( * ) PLANE_ANGLE_UNIT ( ) SI_UNIT ( $, .RADIAN. ) );
#1232 = VERTEX_POINT ( 'NONE', #1291 ) ;
#1233 = LINE ( 'NONE', #4840, #739 ) ;
#1234 = DIRECTION ( 'NONE',  ( 0.3236155771181820628, -0.3236155771181821739, -0.8891264907159901476 ) ) ;
#1235 = AXIS2_PLACEMENT_3D ( 'NONE', #3061, #4705, #249 ) ;
#1236 = VERTEX_POINT ( 'NONE', #829 ) ;
#1237 = VECTOR ( 'NONE', #4634, 1000.000000000000000 ) ;
#1238 = CARTESIAN_POINT ( 'NONE',  ( 3.465000000000000302, 1.624999999999999778, -0.7499999999999997780 ) ) ;
#1239 = CARTESIAN_POINT ( 'NONE',  ( -0.2500000000000001665, 3.250000000000000000, 0.4000000000000010214 ) ) ;
#1240 =( GEOMETRIC_REPRESENTATION_CONTEXT ( 3 ) GLOBAL_UNCERTAINTY_ASSIGNED_CONTEXT ( ( #2499 ) ) GLOBAL_UNIT_ASSIGNED_CONTEXT ( ( #3213, #4021, #4858 ) ) REPRESENTATION_CONTEXT ( 'NONE', 'WORKASPACE' ) );
#1241 = ORIENTED_EDGE ( 'NONE', *, *, #1825, .T. ) ;
#1242 = EDGE_CURVE ( 'NONE', #2040, #3585, #400, .T. ) ;
#1243 = DIRECTION ( 'NONE',  ( 0.000000000000000000, 0.000000000000000000, -1.000000000000000000 ) ) ;
#1244 = ORIENTED_EDGE ( 'NONE', *, *, #1418, .T. ) ;
#1245 = EDGE_CURVE ( 'NONE', #3619, #4258, #5261, .T. ) ;
#1246 = CARTESIAN_POINT ( 'NONE',  ( 3.750000000000000000, 1.625000000000001332, 1.250000000000000000 ) ) ;
#1247 = ORIENTED_EDGE ( 'NONE', *, *, #1839, .T. ) ;
#1248 = PLANE ( 'NONE',  #56 ) ;
#1249 = CARTESIAN_POINT ( 'NONE',  ( -5.950000000000001066, 0.9249999999999996003, 2.500000000000000000 ) ) ;
#1250 = ADVANCED_FACE ( 'NONE', ( #2815 ), #3703, .F. ) ;
#1251 = VECTOR ( 'NONE', #2896, 1000.000000000000000 ) ;
#1252 = ORIENTED_EDGE ( 'NONE', *, *, #2026, .F. ) ;
#1253 = ADVANCED_FACE ( 'NONE', ( #2452 ), #2506, .F. ) ;
#1254 = CARTESIAN_POINT ( 'NONE',  ( 0.1500000000000009659, -2.999999999999999556, 3.499999999999999556 ) ) ;
#1255 = AXIS2_PLACEMENT_3D ( 'NONE', #2167, #2953, #5083 ) ;
#1256 = SURFACE_STYLE_USAGE ( .BOTH. , #5253 ) ;
#1257 = DIRECTION ( 'NONE',  ( 1.000000000000000000, 0.000000000000000000, 0.000000000000000000 ) ) ;
#1258 = ORIENTED_EDGE ( 'NONE', *, *, #2790, .T. ) ;
#1259 = EDGE_LOOP ( 'NONE', ( #1216, #340, #3901, #4727 ) ) ;
#1260 = PLANE ( 'NONE',  #2623 ) ;
#1261 = CARTESIAN_POINT ( 'NONE',  ( 2.000000000000000000, 1.192622389734053337E-18, 0.000000000000000000 ) ) ;
#1262 = FACE_OUTER_BOUND ( 'NONE', #4240, .T. ) ;
#1263 = LINE ( 'NONE', #4953, #701 ) ;
#1264 = ORIENTED_EDGE ( 'NONE', *, *, #599, .F. ) ;
#1265 = DIRECTION ( 'NONE',  ( 0.000000000000000000, 0.000000000000000000, 1.000000000000000000 ) ) ;
#1266 = DIRECTION ( 'NONE',  ( -0.000000000000000000, 0.000000000000000000, 1.000000000000000000 ) ) ;
#1267 = CARTESIAN_POINT ( 'NONE',  ( -5.950000000000000178, 6.500000000000000000, 2.500000000000000444 ) ) ;
#1268 = DIRECTION ( 'NONE',  ( 0.000000000000000000, 0.000000000000000000, -1.000000000000000000 ) ) ;
#1269 = EDGE_LOOP ( 'NONE', ( #906, #3655, #407, #388 ) ) ;
#1270 = ORIENTED_EDGE ( 'NONE', *, *, #5041, .F. ) ;
#1271 = VECTOR ( 'NONE', #2800, 1000.000000000000000 ) ;
#1272 = AXIS2_PLACEMENT_3D ( 'NONE', #3547, #4711, #1577 ) ;
#1273 = CARTESIAN_POINT ( 'NONE',  ( 2.240000000000006875, 5.375000000000000000, -8.724999999999999645 ) ) ;
#1274 = ORIENTED_EDGE ( 'NONE', *, *, #3390, .T. ) ;
#1275 = LINE ( 'NONE', #3894, #3766 ) ;
#1276 = DIRECTION ( 'NONE',  ( -0.000000000000000000, -0.000000000000000000, 1.000000000000000000 ) ) ;
#1277 = VECTOR ( 'NONE', #2260, 1000.000000000000000 ) ;
#1278 = VECTOR ( 'NONE', #2438, 1000.000000000000000 ) ;
#1279 = EDGE_CURVE ( 'NONE', #1891, #3273, #4543, .T. ) ;
#1280 = ORIENTED_EDGE ( 'NONE', *, *, #4907, .F. ) ;
#1281 = EDGE_CURVE ( 'NONE', #4415, #4105, #3350, .T. ) ;
#1282 = PLANE ( 'NONE',  #490 ) ;
#1283 = DIRECTION ( 'NONE',  ( -0.000000000000000000, 1.000000000000000000, -0.000000000000000000 ) ) ;
#1284 = EDGE_CURVE ( 'NONE', #1531, #470, #2307, .T. ) ;
#1285 = CARTESIAN_POINT ( 'NONE',  ( -2.250000000000000444, 6.499999999999998224, -1.249999999999999556 ) ) ;
#1286 = ORIENTED_EDGE ( 'NONE', *, *, #1328, .T. ) ;
#1287 = ADVANCED_FACE ( 'NONE', ( #4749 ), #3735, .T. ) ;
#1288 = EDGE_CURVE ( 'NONE', #1546, #3698, #2851, .T. ) ;
#1289 = AXIS2_PLACEMENT_3D ( 'NONE', #2229, #3818, #2675 ) ;
#1290 = DIRECTION ( 'NONE',  ( -1.000000000000000000, 0.000000000000000000, -0.000000000000000000 ) ) ;
#1291 = CARTESIAN_POINT ( 'NONE',  ( -0.2500000000000001665, 3.100000000000000533, -0.2499999999999997780 ) ) ;
#1292 = DIRECTION ( 'NONE',  ( 0.000000000000000000, -1.000000000000000000, -0.000000000000000000 ) ) ;
#1293 = COLOUR_RGB ( '',0.7960784313725489669, 0.8235294117647058432, 0.9372549019607843146 ) ;
#1294 = CARTESIAN_POINT ( 'NONE',  ( 3.750000000000000000, 6.500000000000000000, -0.7499999999999995559 ) ) ;
#1295 = EDGE_LOOP ( 'NONE', ( #466, #2718, #3873, #376 ) ) ;
#1296 = ORIENTED_EDGE ( 'NONE', *, *, #3853, .T. ) ;
#1297 = LINE ( 'NONE', #4142, #3952 ) ;
#1298 = DIRECTION ( 'NONE',  ( -1.000000000000000000, 0.000000000000000000, 0.000000000000000000 ) ) ;
#1299 = DIRECTION ( 'NONE',  ( -0.000000000000000000, -0.000000000000000000, 1.000000000000000000 ) ) ;
#1300 = CARTESIAN_POINT ( 'NONE',  ( 4.765000000000000568, 5.624999999999994671, -2.500000000000000000 ) ) ;
#1301 = VERTEX_POINT ( 'NONE', #4884 ) ;
#1302 = LINE ( 'NONE', #3230, #517 ) ;
#1303 = ORIENTED_EDGE ( 'NONE', *, *, #2362, .F. ) ;
#1304 = PLANE ( 'NONE',  #3247 ) ;
#1305 = ORIENTED_EDGE ( 'NONE', *, *, #1281, .T. ) ;
#1306 = PLANE ( 'NONE',  #4391 ) ;
#1307 = CARTESIAN_POINT ( 'NONE',  ( -5.950000000000001066, 4.250000000000000000, -0.1000000000000004774 ) ) ;
#1308 = LINE ( 'NONE', #3747, #1756 ) ;
#1309 = VECTOR ( 'NONE', #1214, 1000.000000000000114 ) ;
#1310 = VECTOR ( 'NONE', #5210, 1000.000000000000114 ) ;
#1311 = ORIENTED_EDGE ( 'NONE', *, *, #3452, .F. ) ;
#1312 = DIRECTION ( 'NONE',  ( -1.000000000000000000, 0.000000000000000000, 0.000000000000000000 ) ) ;
#1313 = PLANE ( 'NONE',  #3229 ) ;
#1314 = CARTESIAN_POINT ( 'NONE',  ( 0.2500000000000004441, 3.100000000000000089, 0.4000000000000001887 ) ) ;
#1315 = LINE ( 'NONE', #3639, #293 ) ;
#1316 = CARTESIAN_POINT ( 'NONE',  ( -2.250000000000000444, 6.499999999999998224, -0.7499999999999991118 ) ) ;
#1317 = ORIENTED_EDGE ( 'NONE', *, *, #1515, .T. ) ;
#1318 = ADVANCED_FACE ( 'NONE', ( #3438 ), #2011, .T. ) ;
#1319 = CARTESIAN_POINT ( 'NONE',  ( -0.2500000000000002220, -8.753191851259118059E-16, 0.7499999999999997780 ) ) ;
#1320 = ITEM_DEFINED_TRANSFORMATION ( 'NONE', 'NONE', #2891,  #699 ) ;
#1321 = ORIENTED_EDGE ( 'NONE', *, *, #1993, .T. ) ;
#1322 = DIRECTION ( 'NONE',  ( 1.000000000000000000, 0.000000000000000000, 0.000000000000000000 ) ) ;
#1323 = CARTESIAN_POINT ( 'NONE',  ( 0.000000000000000000, -2.999999999999999556, 3.499999999999999556 ) ) ;
#1324 = EDGE_CURVE ( 'NONE', #4726, #31, #3305, .T. ) ;
#1325 = ADVANCED_FACE ( 'NONE', ( #4452 ), #1973, .T. ) ;
#1326 = VERTEX_POINT ( 'NONE', #1230 ) ;
#1327 = PLANE ( 'NONE',  #5029 ) ;
#1328 = EDGE_CURVE ( 'NONE', #3357, #740, #859, .T. ) ;
#1329 = CARTESIAN_POINT ( 'NONE',  ( -2.240000000000006430, 4.774999999999999467, -8.724999999999999645 ) ) ;
#1330 = ORIENTED_EDGE ( 'NONE', *, *, #3521, .F. ) ;
#1331 = CARTESIAN_POINT ( 'NONE',  ( -2.250000000000000444, 6.499999999999998224, 1.250000000000000444 ) ) ;
#1332 = VERTEX_POINT ( 'NONE', #346 ) ;
#1333 = LINE ( 'NONE', #2937, #3594 ) ;
#1334 = AXIS2_PLACEMENT_3D ( 'NONE', #3775, #4639, #2975 ) ;
#1335 = LINE ( 'NONE', #4586, #1156 ) ;
#1336 = CARTESIAN_POINT ( 'NONE',  ( -4.950000000000000178, 0.000000000000000000, 0.000000000000000000 ) ) ;
#1337 = CARTESIAN_POINT ( 'NONE',  ( -1.749999999999999778, -1.312978777688867807E-15, -0.7499999999999991118 ) ) ;
#1338 = ORIENTED_EDGE ( 'NONE', *, *, #16, .F. ) ;
#1339 = DIRECTION ( 'NONE',  ( 1.000000000000000000, -0.000000000000000000, -0.000000000000000000 ) ) ;
#1340 = LINE ( 'NONE', #3354, #4822 ) ;
#1341 = FACE_BOUND ( 'NONE', #3704, .T. ) ;
#1342 = EDGE_LOOP ( 'NONE', ( #2306, #1573, #1000, #3169 ) ) ;
#1343 = VERTEX_POINT ( 'NONE', #1177 ) ;
#1344 = LINE ( 'NONE', #3412, #4767 ) ;
#1345 = VECTOR ( 'NONE', #1572, 1000.000000000000000 ) ;
#1346 = DIRECTION ( 'NONE',  ( 1.000000000000000000, 0.000000000000000000, 0.000000000000000000 ) ) ;
#1347 = CARTESIAN_POINT ( 'NONE',  ( 2.250000000000000444, 6.499999999999999112, -0.7499999999999994449 ) ) ;
#1348 = EDGE_CURVE ( 'NONE', #675, #430, #2451, .T. ) ;
#1349 = ORIENTED_EDGE ( 'NONE', *, *, #2893, .T. ) ;
#1350 = AXIS2_PLACEMENT_3D ( 'NONE', #2715, #1895, #1865 ) ;
#1351 = ADVANCED_FACE ( 'NONE', ( #828 ), #2087, .F. ) ;
#1352 = LINE ( 'NONE', #4710, #2314 ) ;
#1353 = CARTESIAN_POINT ( 'NONE',  ( 3.690000000000000391, 5.375000000000000000, 2.500000000000000444 ) ) ;
#1354 = DIRECTION ( 'NONE',  ( 1.000000000000000000, 0.000000000000000000, -0.000000000000000000 ) ) ;
#1355 = ORIENTED_EDGE ( 'NONE', *, *, #2065, .F. ) ;
#1356 = EDGE_CURVE ( 'NONE', #2013, #4304, #2900, .T. ) ;
#1357 = DIRECTION ( 'NONE',  ( 0.7071067811865400232, -0.7071067811865550112, 0.000000000000000000 ) ) ;
#1358 = ORIENTED_EDGE ( 'NONE', *, *, #5037, .T. ) ;
#1359 = ORIENTED_EDGE ( 'NONE', *, *, #4373, .F. ) ;
#1360 = VECTOR ( 'NONE', #454, 1000.000000000000000 ) ;
#1361 = CARTESIAN_POINT ( 'NONE',  ( 3.690000000000000391, 5.375000000000000000, 2.500000000000000444 ) ) ;
#1362 = LINE ( 'NONE', #2572, #1415 ) ;
#1363 = ORIENTED_EDGE ( 'NONE', *, *, #1768, .T. ) ;
#1364 = VECTOR ( 'NONE', #1424, 1000.000000000000000 ) ;
#1365 = ORIENTED_EDGE ( 'NONE', *, *, #1762, .F. ) ;
#1366 = DIRECTION ( 'NONE',  ( 9.605334861444114745E-17, -1.000000000000000000, 0.000000000000000000 ) ) ;
#1367 = CARTESIAN_POINT ( 'NONE',  ( -2.465000000000000746, 5.149999999999999467, 2.224999999999999645 ) ) ;
#1368 = ORIENTED_EDGE ( 'NONE', *, *, #5006, .T. ) ;
#1369 = DIRECTION ( 'NONE',  ( 1.000000000000000000, -0.000000000000000000, -0.000000000000000000 ) ) ;
#1370 = CARTESIAN_POINT ( 'NONE',  ( -2.250000000000000444, 6.499999999999998224, -1.249999999999999556 ) ) ;
#1371 = DIRECTION ( 'NONE',  ( -0.000000000000000000, 0.000000000000000000, 1.000000000000000000 ) ) ;
#1372 = CARTESIAN_POINT ( 'NONE',  ( -0.2500000000000002220, 1.625000000000000666, 1.250000000000000444 ) ) ;
#1373 = EDGE_LOOP ( 'NONE', ( #1338, #1286, #3046, #2231 ) ) ;
#1374 = AXIS2_PLACEMENT_3D ( 'NONE', #207, #4654, #4311 ) ;
#1375 = DIRECTION ( 'NONE',  ( 0.000000000000000000, -1.000000000000000000, 0.000000000000000000 ) ) ;
#1376 = CARTESIAN_POINT ( 'NONE',  ( 4.950000000000000178, -3.000000000000000000, -2.500000000000000000 ) ) ;
#1377 = VECTOR ( 'NONE', #309, 1000.000000000000114 ) ;
#1378 = CARTESIAN_POINT ( 'NONE',  ( 5.450000000000000178, -10.14838099273102046, 2.225000000000000089 ) ) ;
#1379 = ORIENTED_EDGE ( 'NONE', *, *, #3810, .F. ) ;
#1380 = CARTESIAN_POINT ( 'NONE',  ( 3.750000000000000000, 0.000000000000000000, -0.7499999999999995559 ) ) ;
#1381 = ORIENTED_EDGE ( 'NONE', *, *, #295, .T. ) ;
#1382 = ORIENTED_EDGE ( 'NONE', *, *, #2574, .T. ) ;
#1383 = DIRECTION ( 'NONE',  ( 0.000000000000000000, 2.891205793294679017E-15, -1.000000000000000000 ) ) ;
#1384 = EDGE_CURVE ( 'NONE', #2334, #4408, #772, .T. ) ;
#1385 = ADVANCED_FACE ( 'NONE', ( #4949 ), #37, .F. ) ;
#1386 = ORIENTED_EDGE ( 'NONE', *, *, #1828, .F. ) ;
#1387 = ADVANCED_FACE ( 'NONE', ( #1576 ), #67, .F. ) ;
#1388 = CARTESIAN_POINT ( 'NONE',  ( 0.02279961889333615224, -3.474763050999801539, 2.022799618893335705 ) ) ;
#1389 = CARTESIAN_POINT ( 'NONE',  ( -5.950000000000001066, 0.4249999999999999889, 2.500000000000000000 ) ) ;
#1390 = CARTESIAN_POINT ( 'NONE',  ( 0.2500000000000002220, -8.753191851259118059E-16, 1.250000000000000444 ) ) ;
#1391 = AXIS2_PLACEMENT_3D ( 'NONE', #4847, #3285, #733 ) ;
#1392 = VECTOR ( 'NONE', #1142, 1000.000000000000000 ) ;
#1393 = VERTEX_POINT ( 'NONE', #797 ) ;
#1394 = EDGE_LOOP ( 'NONE', ( #373, #2312, #4483, #2178 ) ) ;
#1395 = CARTESIAN_POINT ( 'NONE',  ( 4.250000000000000000, 0.000000000000000000, -0.7499999999999995559 ) ) ;
#1396 = CARTESIAN_POINT ( 'NONE',  ( 5.449999999999999289, 4.250000000000000000, -0.1000000000000004774 ) ) ;
#1397 = DIRECTION ( 'NONE',  ( -1.252287328451659087E-15, 1.000000000000000000, 0.000000000000000000 ) ) ;
#1398 = VERTEX_POINT ( 'NONE', #2423 ) ;
#1399 = DIRECTION ( 'NONE',  ( -0.000000000000000000, -0.000000000000000000, 1.000000000000000000 ) ) ;
#1400 = LINE ( 'NONE', #149, #3899 ) ;
#1401 = ORIENTED_EDGE ( 'NONE', *, *, #2285, .T. ) ;
#1402 = CARTESIAN_POINT ( 'NONE',  ( -0.2500000000000000555, 1.750000000000000222, 7.600252258054536192 ) ) ;
#1403 = ORIENTED_EDGE ( 'NONE', *, *, #4672, .T. ) ;
#1404 = ORIENTED_EDGE ( 'NONE', *, *, #4818, .F. ) ;
#1405 = DIRECTION ( 'NONE',  ( -0.000000000000000000, 1.000000000000000000, 0.000000000000000000 ) ) ;
#1406 = VERTEX_POINT ( 'NONE', #399 ) ;
#1407 = VECTOR ( 'NONE', #3652, 1000.000000000000000 ) ;
#1408 = EDGE_CURVE ( 'NONE', #2476, #4997, #4028, .T. ) ;
#1409 =( REPRESENTATION_RELATIONSHIP ('NONE','NONE', #1653, #1488 ) REPRESENTATION_RELATIONSHIP_WITH_TRANSFORMATION ( #2611 )SHAPE_REPRESENTATION_RELATIONSHIP( ) );
#1410 = ADVANCED_FACE ( 'NONE', ( #3597 ), #371, .T. ) ;
#1411 = DIRECTION ( 'NONE',  ( 0.000000000000000000, 1.000000000000000000, 0.000000000000000000 ) ) ;
#1412 = AXIS2_PLACEMENT_3D ( 'NONE', #3719, #2107, #2917 ) ;
#1413 = DIRECTION ( 'NONE',  ( 0.000000000000000000, -1.000000000000000000, 0.000000000000000000 ) ) ;
#1414 = DIRECTION ( 'NONE',  ( 0.000000000000000000, -1.000000000000000000, 0.000000000000000000 ) ) ;
#1415 = VECTOR ( 'NONE', #2969, 1000.000000000000000 ) ;
#1416 = ORIENTED_EDGE ( 'NONE', *, *, #894, .T. ) ;
#1417 = ORIENTED_EDGE ( 'NONE', *, *, #2041, .T. ) ;
#1418 = EDGE_CURVE ( 'NONE', #3404, #2606, #2000, .T. ) ;
#1419 = DIRECTION ( 'NONE',  ( 0.000000000000000000, 0.000000000000000000, -1.000000000000000000 ) ) ;
#1420 = PLANE ( 'NONE',  #2530 ) ;
#1421 = CARTESIAN_POINT ( 'NONE',  ( 3.465000000000001634, 5.375000000000000000, -2.225000000000000089 ) ) ;
#1422 = ORIENTED_EDGE ( 'NONE', *, *, #3452, .T. ) ;
#1423 = PLANE ( 'NONE',  #1132 ) ;
#1424 = DIRECTION ( 'NONE',  ( -1.000000000000000000, -0.000000000000000000, -0.000000000000000000 ) ) ;
#1425 = LINE ( 'NONE', #1699, #2071 ) ;
#1426 = VECTOR ( 'NONE', #1049, 1000.000000000000000 ) ;
#1427 = VECTOR ( 'NONE', #4351, 1000.000000000000000 ) ;
#1428 = EDGE_LOOP ( 'NONE', ( #2817, #1939, #2148, #4393 ) ) ;
#1429 = CARTESIAN_POINT ( 'NONE',  ( 2.240000000000007319, 4.775000000000000355, -2.225000000000000089 ) ) ;
#1430 = ORIENTED_EDGE ( 'NONE', *, *, #1384, .T. ) ;
#1431 = ORIENTED_EDGE ( 'NONE', *, *, #4843, .T. ) ;
#1432 = DIRECTION ( 'NONE',  ( 1.000000000000000000, 9.605334861444114745E-17, 0.000000000000000000 ) ) ;
#1433 = ORIENTED_EDGE ( 'NONE', *, *, #816, .T. ) ;
#1434 = CARTESIAN_POINT ( 'NONE',  ( -3.465000000000001190, 5.150000000000005684, 2.224999999999999645 ) ) ;
#1435 = CARTESIAN_POINT ( 'NONE',  ( -0.2500000000000002220, -8.753191851259118059E-16, -1.249999999999999556 ) ) ;
#1436 = LINE ( 'NONE', #635, #1532 ) ;
#1437 = DIRECTION ( 'NONE',  ( 1.000000000000000000, 0.000000000000000000, 0.000000000000000000 ) ) ;
#1438 = ORIENTED_EDGE ( 'NONE', *, *, #206, .T. ) ;
#1439 = ORIENTED_EDGE ( 'NONE', *, *, #3649, .F. ) ;
#1440 = PLANE ( 'NONE',  #2455 ) ;
#1441 = ADVANCED_FACE ( 'NONE', ( #746 ), #1260, .F. ) ;
#1442 = PLANE ( 'NONE',  #1350 ) ;
#1443 = CARTESIAN_POINT ( 'NONE',  ( -5.950000000000000178, 6.500000000000000000, 2.500000000000000444 ) ) ;
#1444 = PLANE ( 'NONE',  #1235 ) ;
#1445 = EDGE_CURVE ( 'NONE', #2518, #1531, #2479, .T. ) ;
#1446 = EDGE_CURVE ( 'NONE', #5034, #1971, #3302, .T. ) ;
#1447 = ORIENTED_EDGE ( 'NONE', *, *, #2225, .F. ) ;
#1448 = AXIS2_PLACEMENT_3D ( 'NONE', #4970, #4567, #4161 ) ;
#1449 = VECTOR ( 'NONE', #3694, 1000.000000000000000 ) ;
#1450 = LINE ( 'NONE', #4679, #4106 ) ;
#1451 = LINE ( 'NONE', #919, #1526 ) ;
#1452 = CARTESIAN_POINT ( 'NONE',  ( 0.2500000000000004441, -2.725252258054537080, 0.2499999999999994171 ) ) ;
#1453 = ORIENTED_EDGE ( 'NONE', *, *, #4173, .T. ) ;
#1454 = VECTOR ( 'NONE', #4742, 1000.000000000000000 ) ;
#1455 = CARTESIAN_POINT ( 'NONE',  ( -5.015000000000000568, 6.499999999999998224, -2.500000000000000000 ) ) ;
#1456 = VECTOR ( 'NONE', #982, 1000.000000000000000 ) ;
#1457 = VERTEX_POINT ( 'NONE', #939 ) ;
#1458 = CARTESIAN_POINT ( 'NONE',  ( -5.015000000000000568, 6.499999999999998224, -2.225000000000000089 ) ) ;
#1459 = CARTESIAN_POINT ( 'NONE',  ( -0.2500000000000000555, 1.750000000000000444, 2.400000000000000799 ) ) ;
#1460 = LINE ( 'NONE', #3545, #3994 ) ;
#1461 = ORIENTED_EDGE ( 'NONE', *, *, #2996, .F. ) ;
#1462 = CARTESIAN_POINT ( 'NONE',  ( 1.465000000000000080, 1.624999999999999334, -1.250000000000000000 ) ) ;
#1463 = LINE ( 'NONE', #3905, #1208 ) ;
#1464 = DIRECTION ( 'NONE',  ( 0.000000000000000000, 0.000000000000000000, -1.000000000000000000 ) ) ;
#1465 = CYLINDRICAL_SURFACE ( 'NONE', #138, 0.1499999999999999667 ) ;
#1466 = ORIENTED_EDGE ( 'NONE', *, *, #4346, .F. ) ;
#1467 = VECTOR ( 'NONE', #4827, 1000.000000000000000 ) ;
#1468 = ORIENTED_EDGE ( 'NONE', *, *, #2600, .T. ) ;
#1469 = CARTESIAN_POINT ( 'NONE',  ( -4.514999999999999680, 5.375000000000000000, 2.225000000000000089 ) ) ;
#1470 = CARTESIAN_POINT ( 'NONE',  ( 0.000000000000000000, 0.000000000000000000, 7.875000000000000000 ) ) ;
#1471 = CARTESIAN_POINT ( 'NONE',  ( 0.1500000000000009659, -2.005774019098182217E-16, 7.875000000000000000 ) ) ;
#1472 = ORIENTED_EDGE ( 'NONE', *, *, #2551, .T. ) ;
#1473 = ADVANCED_FACE ( 'NONE', ( #3387 ), #4594, .F. ) ;
#1474 = VECTOR ( 'NONE', #3348, 1000.000000000000000 ) ;
#1475 = EDGE_CURVE ( 'NONE', #2796, #283, #4243, .T. ) ;
#1476 = DIRECTION ( 'NONE',  ( 0.000000000000000000, 0.000000000000000000, 1.000000000000000000 ) ) ;
#1477 = EDGE_LOOP ( 'NONE', ( #412, #2777, #729, #5178 ) ) ;
#1478 = DIRECTION ( 'NONE',  ( 0.7071067811865561215, 0.7071067811865389130, 0.000000000000000000 ) ) ;
#1479 = ADVANCED_FACE ( 'NONE', ( #885 ), #485, .F. ) ;
#1480 = FACE_OUTER_BOUND ( 'NONE', #3824, .T. ) ;
#1481 = VERTEX_POINT ( 'NONE', #141 ) ;
#1482 = LINE ( 'NONE', #3227, #511 ) ;
#1483 = EDGE_CURVE ( 'NONE', #4533, #2226, #2505, .T. ) ;
#1484 = LINE ( 'NONE', #3095, #1454 ) ;
#1485 = VERTEX_POINT ( 'NONE', #3730 ) ;
#1486 = DIRECTION ( 'NONE',  ( 1.000000000000000000, 0.000000000000000000, -0.000000000000000000 ) ) ;
#1487 = ORIENTED_EDGE ( 'NONE', *, *, #2824, .F. ) ;
#1488 = SHAPE_REPRESENTATION ( 'pin^SxB-PHDSS ass', ( #699 ), #1884 ) ;
#1489 = EDGE_LOOP ( 'NONE', ( #4312, #3451, #4811, #1195 ) ) ;
#1490 = DIRECTION ( 'NONE',  ( 0.000000000000000000, 1.000000000000000000, 0.000000000000000000 ) ) ;
#1491 = LINE ( 'NONE', #844, #2634 ) ;
#1492 = EDGE_CURVE ( 'NONE', #1669, #1200, #4644, .T. ) ;
#1493 = CARTESIAN_POINT ( 'NONE',  ( 0.000000000000000000, 1.100000000000000089, 2.400000000000000355 ) ) ;
#1494 = DIRECTION ( 'NONE',  ( 0.000000000000000000, 0.000000000000000000, 1.000000000000000000 ) ) ;
#1495 = VERTEX_POINT ( 'NONE', #4620 ) ;
#1496 = EDGE_LOOP ( 'NONE', ( #3042, #4027, #3319, #1404 ) ) ;
#1497 = VECTOR ( 'NONE', #4202, 1000.000000000000114 ) ;
#1498 = DIRECTION ( 'NONE',  ( 0.000000000000000000, 0.7071067811865561215, -0.7071067811865390240 ) ) ;
#1499 = LINE ( 'NONE', #2688, #2948 ) ;
#1500 = CARTESIAN_POINT ( 'NONE',  ( 0.2500000000000006661, 1.249999999999999778, 7.600252258054536192 ) ) ;
#1501 = VECTOR ( 'NONE', #4914, 1000.000000000000000 ) ;
#1502 = DIRECTION ( 'NONE',  ( -0.000000000000000000, -0.000000000000000000, 1.000000000000000000 ) ) ;
#1503 = ORIENTED_EDGE ( 'NONE', *, *, #226, .F. ) ;
#1504 = CARTESIAN_POINT ( 'NONE',  ( 0.2500000000000004441, -2.999999999999999112, 0.2499999999999993616 ) ) ;
#1505 = LINE ( 'NONE', #3947, #201 ) ;
#1506 = EDGE_CURVE ( 'NONE', #1034, #2444, #1810, .T. ) ;
#1507 = VECTOR ( 'NONE', #3383, 1000.000000000000000 ) ;
#1508 = ORIENTED_EDGE ( 'NONE', *, *, #2607, .T. ) ;
#1509 = EDGE_CURVE ( 'NONE', #3668, #2580, #4975, .T. ) ;
#1510 = LINE ( 'NONE', #2749, #4087 ) ;
#1511 = VECTOR ( 'NONE', #5000, 1000.000000000000000 ) ;
#1512 = CARTESIAN_POINT ( 'NONE',  ( 0.2500000000000004441, 3.250000000000000000, 0.4000000000000006328 ) ) ;
#1513 = CARTESIAN_POINT ( 'NONE',  ( -2.535000000000000142, 1.624999999999998446, -0.7499999999999993339 ) ) ;
#1514 = EDGE_LOOP ( 'NONE', ( #2772, #3802, #3072, #2697 ) ) ;
#1515 = EDGE_CURVE ( 'NONE', #1332, #4986, #1758, .T. ) ;
#1516 = DIRECTION ( 'NONE',  ( 1.230300337572201660E-16, -1.000000000000000000, 0.000000000000000000 ) ) ;
#1517 = CARTESIAN_POINT ( 'NONE',  ( 2.250000000000000444, -4.376595925629559029E-16, -1.249999999999999778 ) ) ;
#1518 = DIRECTION ( 'NONE',  ( -0.000000000000000000, 0.000000000000000000, 1.000000000000000000 ) ) ;
#1519 = ORIENTED_EDGE ( 'NONE', *, *, #1408, .F. ) ;
#1520 = ORIENTED_EDGE ( 'NONE', *, *, #4974, .T. ) ;
#1521 = CARTESIAN_POINT ( 'NONE',  ( 4.318674134265341635, 4.914168687704686178, 2.400000000000000799 ) ) ;
#1522 = CARTESIAN_POINT ( 'NONE',  ( -3.465000000000001190, 5.375000000000000000, -2.225000000000000089 ) ) ;
#1523 = DIRECTION ( 'NONE',  ( -0.000000000000000000, -3.960555881225586985E-17, 1.000000000000000000 ) ) ;
#1524 = VECTOR ( 'NONE', #967, 1000.000000000000000 ) ;
#1525 = VERTEX_POINT ( 'NONE', #2979 ) ;
#1526 = VECTOR ( 'NONE', #5008, 1000.000000000000000 ) ;
#1527 = ORIENTED_EDGE ( 'NONE', *, *, #1765, .F. ) ;
#1528 = CARTESIAN_POINT ( 'NONE',  ( 2.250000000000000444, 1.624999999999999112, -4.870572098594924348 ) ) ;
#1529 = LINE ( 'NONE', #4765, #4976 ) ;
#1530 = AXIS2_PLACEMENT_3D ( 'NONE', #1985, #810, #1645 ) ;
#1531 = VERTEX_POINT ( 'NONE', #2118 ) ;
#1532 = VECTOR ( 'NONE', #1464, 1000.000000000000000 ) ;
#1533 = LINE ( 'NONE', #3147, #3049 ) ;
#1534 = DIRECTION ( 'NONE',  ( -0.000000000000000000, -0.000000000000000000, 1.000000000000000000 ) ) ;
#1535 = ORIENTED_EDGE ( 'NONE', *, *, #1831, .T. ) ;
#1536 = CARTESIAN_POINT ( 'NONE',  ( -0.2500000000000000555, 1.750000000000000444, 2.400000000000000799 ) ) ;
#1537 = ORIENTED_EDGE ( 'NONE', *, *, #2824, .T. ) ;
#1538 = VECTOR ( 'NONE', #951, 1000.000000000000000 ) ;
#1539 = EDGE_CURVE ( 'NONE', #3008, #3589, #2582, .T. ) ;
#1540 = DIRECTION ( 'NONE',  ( 1.000000000000000000, 0.000000000000000000, -0.000000000000000000 ) ) ;
#1541 = ADVANCED_FACE ( 'NONE', ( #2951 ), #121, .F. ) ;
#1542 = DIRECTION ( 'NONE',  ( -0.000000000000000000, -1.000000000000000000, -0.000000000000000000 ) ) ;
#1543 = EDGE_CURVE ( 'NONE', #673, #2553, #3803, .T. ) ;
#1544 = CARTESIAN_POINT ( 'NONE',  ( 5.015000000000001457, 6.500000000000000000, 2.225000000000000089 ) ) ;
#1545 = DIRECTION ( 'NONE',  ( 1.000000000000000000, -6.424901762877063495E-16, 0.000000000000000000 ) ) ;
#1546 = VERTEX_POINT ( 'NONE', #1319 ) ;
#1547 = ORIENTED_EDGE ( 'NONE', *, *, #1018, .F. ) ;
#1548 = LINE ( 'NONE', #288, #3031 ) ;
#1549 = CARTESIAN_POINT ( 'NONE',  ( -5.450000000000001066, 1.624999999999999112, -2.225000000000000089 ) ) ;
#1550 = CARTESIAN_POINT ( 'NONE',  ( -0.1499999999999999112, -2.999999999999999112, 0.1499999999999990785 ) ) ;
#1551 = CARTESIAN_POINT ( 'NONE',  ( -0.2500000000000000555, 1.750000000000000222, 7.600252258054536192 ) ) ;
#1552 = ORIENTED_EDGE ( 'NONE', *, *, #5072, .F. ) ;
#1553 = CARTESIAN_POINT ( 'NONE',  ( -0.5349999999999999201, 1.624999999999998890, 0.7500000000000000000 ) ) ;
#1554 = CARTESIAN_POINT ( 'NONE',  ( -2.240000000000005986, 5.375000000000000000, -2.225000000000000089 ) ) ;
#1555 = AXIS2_PLACEMENT_3D ( 'NONE', #178, #5109, #3066 ) ;
#1556 = EDGE_LOOP ( 'NONE', ( #4816, #1466, #4900, #1736 ) ) ;
#1557 = AXIS2_PLACEMENT_3D ( 'NONE', #3231, #4853, #762 ) ;
#1558 = CARTESIAN_POINT ( 'NONE',  ( 3.750000000000000000, 0.000000000000000000, -1.250000000000000000 ) ) ;
#1559 = CARTESIAN_POINT ( 'NONE',  ( -2.465000000000000302, 1.625000000000000000, 2.224999999999999645 ) ) ;
#1560 = DIRECTION ( 'NONE',  ( 0.000000000000000000, -1.000000000000000000, 0.000000000000000000 ) ) ;
#1561 = PLANE ( 'NONE',  #1391 ) ;
#1562 = EDGE_LOOP ( 'NONE', ( #2357, #2207, #4813, #1447 ) ) ;
#1563 = VERTEX_POINT ( 'NONE', #2559 ) ;
#1564 = DIRECTION ( 'NONE',  ( 0.000000000000000000, -1.000000000000000000, 0.000000000000000000 ) ) ;
#1565 = CARTESIAN_POINT ( 'NONE',  ( 0.2500000000000002220, -8.753191851259118059E-16, -0.7499999999999993339 ) ) ;
#1566 = EDGE_CURVE ( 'NONE', #1525, #322, #1344, .T. ) ;
#1567 = EDGE_CURVE ( 'NONE', #1905, #4597, #2924, .T. ) ;
#1568 = ORIENTED_EDGE ( 'NONE', *, *, #4342, .F. ) ;
#1569 = EDGE_CURVE ( 'NONE', #2294, #2813, #4998, .T. ) ;
#1570 = LINE ( 'NONE', #2781, #1198 ) ;
#1571 = CARTESIAN_POINT ( 'NONE',  ( 0.2500000000000006661, 1.249999999999999778, 7.600252258054536192 ) ) ;
#1572 = DIRECTION ( 'NONE',  ( 1.000000000000000000, 0.000000000000000000, 0.000000000000000000 ) ) ;
#1573 = ORIENTED_EDGE ( 'NONE', *, *, #4740, .F. ) ;
#1574 = VERTEX_POINT ( 'NONE', #170 ) ;
#1575 = ADVANCED_FACE ( 'NONE', ( #1785 ), #195, .T. ) ;
#1576 = FACE_OUTER_BOUND ( 'NONE', #1907, .T. ) ;
#1577 = DIRECTION ( 'NONE',  ( 0.7071067811865584529, 0.7071067811865364705, 0.000000000000000000 ) ) ;
#1578 = CIRCLE ( 'NONE', #4309, 0.6500000000000000222 ) ;
#1579 = CARTESIAN_POINT ( 'NONE',  ( 0.2500000000000006661, 1.100000000000000533, 2.250000000000000444 ) ) ;
#1580 = CIRCLE ( 'NONE', #299, 0.1499999999999999667 ) ;
#1581 = ORIENTED_EDGE ( 'NONE', *, *, #4899, .F. ) ;
#1582 = VECTOR ( 'NONE', #3214, 1000.000000000000000 ) ;
#1583 = LINE ( 'NONE', #4845, #1789 ) ;
#1584 = ORIENTED_EDGE ( 'NONE', *, *, #686, .T. ) ;
#1585 = LINE ( 'NONE', #5268, #3844 ) ;
#1586 = ORIENTED_EDGE ( 'NONE', *, *, #2821, .T. ) ;
#1587 = ORIENTED_EDGE ( 'NONE', *, *, #1900, .F. ) ;
#1588 = PLANE ( 'NONE',  #1959 ) ;
#1589 = ORIENTED_EDGE ( 'NONE', *, *, #1245, .F. ) ;
#1590 = CARTESIAN_POINT ( 'NONE',  ( -4.765000000000000568, 6.250000000000003553, -2.225000000000000089 ) ) ;
#1591 = DIRECTION ( 'NONE',  ( 1.000000000000000000, 0.000000000000000000, 0.000000000000000000 ) ) ;
#1592 = VECTOR ( 'NONE', #4054, 1000.000000000000000 ) ;
#1593 = EDGE_LOOP ( 'NONE', ( #1381, #2497, #5185, #549 ) ) ;
#1594 = DIRECTION ( 'NONE',  ( 1.000000000000000000, 0.000000000000000000, 0.000000000000000000 ) ) ;
#1595 = SURFACE_SIDE_STYLE ('',( #3617 ) ) ;
#1596 = CARTESIAN_POINT ( 'NONE',  ( 5.950000000000000178, 0.000000000000000000, 1.750000000000000444 ) ) ;
#1597 = ORIENTED_EDGE ( 'NONE', *, *, #2643, .F. ) ;
#1598 = ORIENTED_EDGE ( 'NONE', *, *, #689, .T. ) ;
#1599 = ADVANCED_FACE ( 'NONE', ( #3833 ), #1440, .T. ) ;
#1600 = CARTESIAN_POINT ( 'NONE',  ( 5.450000000000000178, -10.14838099273102046, -2.225000000000000089 ) ) ;
#1601 = DIRECTION ( 'NONE',  ( 1.000000000000000000, 0.000000000000000000, 0.000000000000000000 ) ) ;
#1602 = PLANE ( 'NONE',  #2353 ) ;
#1603 = VECTOR ( 'NONE', #4107, 1000.000000000000000 ) ;
#1604 = CARTESIAN_POINT ( 'NONE',  ( 0.2500000000000004441, 3.250000000000000000, 0.4000000000000006328 ) ) ;
#1605 = EDGE_CURVE ( 'NONE', #2304, #2518, #3106, .T. ) ;
#1606 = EDGE_CURVE ( 'NONE', #483, #3619, #3514, .T. ) ;
#1607 = AXIS2_PLACEMENT_3D ( 'NONE', #179, #4599, #2197 ) ;
#1608 = ORIENTED_EDGE ( 'NONE', *, *, #4607, .T. ) ;
#1609 = LINE ( 'NONE', #1691, #4253 ) ;
#1610 = EDGE_LOOP ( 'NONE', ( #5258, #5194, #1431, #1244 ) ) ;
#1611 = CARTESIAN_POINT ( 'NONE',  ( 5.950000000000000178, 6.500000000000000000, -2.500000000000000000 ) ) ;
#1612 = ORIENTED_EDGE ( 'NONE', *, *, #4378, .T. ) ;
#1613 = ORIENTED_EDGE ( 'NONE', *, *, #387, .T. ) ;
#1614 = PRODUCT_DEFINITION ( 'UNKNOWN', '', #2802, #3827 ) ;
#1615 = DIRECTION ( 'NONE',  ( 1.084202172485502955E-16, -1.000000000000000000, 0.000000000000000000 ) ) ;
#1616 = ORIENTED_EDGE ( 'NONE', *, *, #4104, .F. ) ;
#1617 = CARTESIAN_POINT ( 'NONE',  ( -4.514999999999999680, 5.375000000000000000, -2.500000000000000000 ) ) ;
#1618 = ORIENTED_EDGE ( 'NONE', *, *, #5196, .T. ) ;
#1619 = DIRECTION ( 'NONE',  ( 0.000000000000000000, -1.000000000000000000, 0.000000000000000000 ) ) ;
#1620 = CARTESIAN_POINT ( 'NONE',  ( 3.750000000000000000, 6.500000000000000000, 0.7499999999999995559 ) ) ;
#1621 = VERTEX_POINT ( 'NONE', #1836 ) ;
#1622 = PLANE ( 'NONE',  #959 ) ;
#1623 = VECTOR ( 'NONE', #707, 1000.000000000000000 ) ;
#1624 = ORIENTED_EDGE ( 'NONE', *, *, #78, .T. ) ;
#1625 = ORIENTED_EDGE ( 'NONE', *, *, #2643, .T. ) ;
#1626 = DIRECTION ( 'NONE',  ( 0.000000000000000000, 0.9396926207859095381, -0.3420201433256658263 ) ) ;
#1627 = DIRECTION ( 'NONE',  ( 0.000000000000000000, 0.000000000000000000, 1.000000000000000000 ) ) ;
#1628 = ORIENTED_EDGE ( 'NONE', *, *, #4409, .T. ) ;
#1629 = LINE ( 'NONE', #3304, #2696 ) ;
#1630 = CARTESIAN_POINT ( 'NONE',  ( -0.1500000000000001887, -2.999999999999999556, 2.149999999999999911 ) ) ;
#1631 = ORIENTED_EDGE ( 'NONE', *, *, #2673, .T. ) ;
#1632 = ADVANCED_FACE ( 'NONE', ( #4300 ), #2016, .F. ) ;
#1633 = ORIENTED_EDGE ( 'NONE', *, *, #16, .T. ) ;
#1634 = ADVANCED_FACE ( 'NONE', ( #3083 ), #640, .F. ) ;
#1635 = EDGE_CURVE ( 'NONE', #4105, #4270, #5131, .T. ) ;
#1636 = VECTOR ( 'NONE', #793, 1000.000000000000000 ) ;
#1637 = CARTESIAN_POINT ( 'NONE',  ( -2.535000000000000142, 1.624999999999998446, 1.250000000000000666 ) ) ;
#1638 = LINE ( 'NONE', #3254, #2959 ) ;
#1639 = VECTOR ( 'NONE', #4898, 1000.000000000000000 ) ;
#1640 = LINE ( 'NONE', #4494, #3107 ) ;
#1641 = LINE ( 'NONE', #4061, #1639 ) ;
#1642 = VECTOR ( 'NONE', #1168, 1000.000000000000000 ) ;
#1643 = ORIENTED_EDGE ( 'NONE', *, *, #5168, .T. ) ;
#1644 = DIRECTION ( 'NONE',  ( -0.9396926207859095381, -0.000000000000000000, -0.3420201433256656598 ) ) ;
#1645 = DIRECTION ( 'NONE',  ( -0.000000000000000000, 0.000000000000000000, -1.000000000000000000 ) ) ;
#1646 = LINE ( 'NONE', #5247, #122 ) ;
#1647 = ORIENTED_EDGE ( 'NONE', *, *, #3710, .T. ) ;
#1648 = DIRECTION ( 'NONE',  ( 1.000000000000000000, 9.605334861444114745E-17, 0.000000000000000000 ) ) ;
#1649 = ORIENTED_EDGE ( 'NONE', *, *, #2997, .F. ) ;
#1650 = CARTESIAN_POINT ( 'NONE',  ( -0.2500000000000000555, 1.100000000000000089, 2.400000000000000355 ) ) ;
#1651 = ORIENTED_EDGE ( 'NONE', *, *, #356, .F. ) ;
#1652 = ORIENTED_EDGE ( 'NONE', *, *, #780, .F. ) ;
#1653 = SHAPE_REPRESENTATION ( 'S10B-PHDSS(LF)(SN)(P)', ( #344, #4434, #3495, #2891, #521, #862, #4007 ), #2561 ) ;
#1654 = DIRECTION ( 'NONE',  ( 0.000000000000000000, 2.891205793294679017E-15, -1.000000000000000000 ) ) ;
#1655 = PRODUCT_CONTEXT ( 'NONE', #1713, 'mechanical' ) ;
#1656 = LINE ( 'NONE', #4139, #1592 ) ;
#1657 = CARTESIAN_POINT ( 'NONE',  ( -5.950000000000001066, 6.274999999999999467, -0.8500000000000005329 ) ) ;
#1658 = EDGE_LOOP ( 'NONE', ( #4354, #3139, #3467, #3453 ) ) ;
#1659 = VECTOR ( 'NONE', #960, 1000.000000000000227 ) ;
#1660 = EDGE_LOOP ( 'NONE', ( #1503, #5214, #2680, #3379 ) ) ;
#1661 = EDGE_CURVE ( 'NONE', #2416, #2157, #1893, .T. ) ;
#1662 = VECTOR ( 'NONE', #3122, 1000.000000000000000 ) ;
#1663 = CARTESIAN_POINT ( 'NONE',  ( 4.950000000000000178, -1.808246407405795342, 1.750000000000000222 ) ) ;
#1664 = LINE ( 'NONE', #3284, #2687 ) ;
#1665 = VECTOR ( 'NONE', #4069, 1000.000000000000000 ) ;
#1666 = FACE_OUTER_BOUND ( 'NONE', #5063, .T. ) ;
#1667 = ADVANCED_FACE ( 'NONE', ( #4757 ), #3205, .T. ) ;
#1668 = VECTOR ( 'NONE', #192, 1000.000000000000114 ) ;
#1669 = VERTEX_POINT ( 'NONE', #4850 ) ;
#1670 = EDGE_CURVE ( 'NONE', #2621, #2606, #3486, .T. ) ;
#1671 = EDGE_CURVE ( 'NONE', #72, #3691, #246, .T. ) ;
#1672 = CARTESIAN_POINT ( 'NONE',  ( 4.250000000000000000, 6.500000000000000000, -1.250000000000000000 ) ) ;
#1673 = ORIENTED_EDGE ( 'NONE', *, *, #2386, .F. ) ;
#1674 = CARTESIAN_POINT ( 'NONE',  ( -0.2500000000000000555, -2.999999999999999556, 1.749999999999999334 ) ) ;
#1675 = DIRECTION ( 'NONE',  ( -1.000000000000000000, 0.000000000000000000, 0.000000000000000000 ) ) ;
#1676 = DIRECTION ( 'NONE',  ( 0.000000000000000000, 0.000000000000000000, -1.000000000000000000 ) ) ;
#1677 = ADVANCED_FACE ( 'NONE', ( #219 ), #1864, .F. ) ;
#1678 = ORIENTED_EDGE ( 'NONE', *, *, #174, .T. ) ;
#1679 = CARTESIAN_POINT ( 'NONE',  ( -0.5349999999999999201, 1.624999999999998890, -1.249999999999999778 ) ) ;
#1680 = CARTESIAN_POINT ( 'NONE',  ( -4.500000000000000888, 2.299999999999999822, 2.224999999999999645 ) ) ;
#1681 = VECTOR ( 'NONE', #694, 1000.000000000000000 ) ;
#1682 = CARTESIAN_POINT ( 'NONE',  ( 5.950000000000000178, 0.000000000000000000, 2.500000000000000444 ) ) ;
#1683 = LINE ( 'NONE', #1710, #1251 ) ;
#1684 = VECTOR ( 'NONE', #4083, 1000.000000000000000 ) ;
#1685 = EDGE_LOOP ( 'NONE', ( #1793, #1005, #3876, #4133, #2758, #1926, #491, #5126, #4861, #849, #460, #4561, #1872, #3745, #184, #5171, #3096 ) ) ;
#1686 = DIRECTION ( 'NONE',  ( -0.000000000000000000, 0.000000000000000000, -1.000000000000000000 ) ) ;
#1687 = SHAPE_DEFINITION_REPRESENTATION ( #4419, #1653 ) ;
#1688 = DIRECTION ( 'NONE',  ( 0.3236155771181825624, 0.3236155771181826180, 0.8891264907159898145 ) ) ;
#1689 = FACE_OUTER_BOUND ( 'NONE', #2432, .T. ) ;
#1690 = ORIENTED_EDGE ( 'NONE', *, *, #86, .F. ) ;
#1691 = CARTESIAN_POINT ( 'NONE',  ( 3.750000000000000000, 0.000000000000000000, -0.7499999999999995559 ) ) ;
#1692 = CARTESIAN_POINT ( 'NONE',  ( 4.950000000000000178, 0.000000000000000000, 1.750000000000000444 ) ) ;
#1693 = DIRECTION ( 'NONE',  ( 1.000000000000000000, -0.000000000000000000, -0.000000000000000000 ) ) ;
#1694 = VERTEX_POINT ( 'NONE', #2295 ) ;
#1695 = VECTOR ( 'NONE', #4891, 1000.000000000000000 ) ;
#1696 = VECTOR ( 'NONE', #724, 1000.000000000000000 ) ;
#1697 = CARTESIAN_POINT ( 'NONE',  ( -3.465000000000000746, 5.150000000000005684, -4.870572098594924348 ) ) ;
#1698 = ORIENTED_EDGE ( 'NONE', *, *, #1877, .F. ) ;
#1699 = CARTESIAN_POINT ( 'NONE',  ( 3.750000000000000000, 0.000000000000000000, 0.7499999999999995559 ) ) ;
#1700 = FACE_OUTER_BOUND ( 'NONE', #553, .T. ) ;
#1701 = CARTESIAN_POINT ( 'NONE',  ( -4.514999999999999680, 5.375000000000000000, 2.225000000000000089 ) ) ;
#1702 = FACE_OUTER_BOUND ( 'NONE', #2849, .T. ) ;
#1703 = AXIS2_PLACEMENT_3D ( 'NONE', #3543, #198, #4706 ) ;
#1704 = VECTOR ( 'NONE', #2729, 1000.000000000000000 ) ;
#1705 = EDGE_CURVE ( 'NONE', #26, #4094, #2410, .T. ) ;
#1706 = ORIENTED_EDGE ( 'NONE', *, *, #4836, .F. ) ;
#1707 = EDGE_CURVE ( 'NONE', #940, #1050, #3028, .T. ) ;
#1708 = AXIS2_PLACEMENT_3D ( 'NONE', #2678, #3902, #4388 ) ;
#1709 = CARTESIAN_POINT ( 'NONE',  ( 5.449999999999999289, 4.250000000000000000, -0.8500000000000005329 ) ) ;
#1710 = CARTESIAN_POINT ( 'NONE',  ( 3.750000000000000000, 0.000000000000000000, 1.250000000000000000 ) ) ;
#1711 = DIRECTION ( 'NONE',  ( -0.000000000000000000, -0.000000000000000000, 1.000000000000000000 ) ) ;
#1712 = EDGE_LOOP ( 'NONE', ( #3778, #53, #3301, #3173 ) ) ;
#1713 = APPLICATION_CONTEXT ( 'automotive_design' ) ;
#1714 = AXIS2_PLACEMENT_3D ( 'NONE', #1745, #5066, #3372 ) ;
#1715 = DIRECTION ( 'NONE',  ( 0.000000000000000000, -1.000000000000000000, -1.338521200599385475E-16 ) ) ;
#1716 = DIRECTION ( 'NONE',  ( 0.000000000000000000, 0.000000000000000000, 1.000000000000000000 ) ) ;
#1717 = DIRECTION ( 'NONE',  ( 0.000000000000000000, 0.000000000000000000, 1.000000000000000000 ) ) ;
#1718 = DIRECTION ( 'NONE',  ( 1.000000000000000000, 0.000000000000000000, 0.000000000000000000 ) ) ;
#1719 = ORIENTED_EDGE ( 'NONE', *, *, #2066, .F. ) ;
#1720 = CARTESIAN_POINT ( 'NONE',  ( 4.250000000000000000, 6.500000000000000000, -0.7499999999999995559 ) ) ;
#1721 = EDGE_CURVE ( 'NONE', #3100, #3398, #2664, .T. ) ;
#1722 = PLANE ( 'NONE',  #4626 ) ;
#1723 = ORIENTED_EDGE ( 'NONE', *, *, #4507, .T. ) ;
#1724 = LINE ( 'NONE', #3258, #3407 ) ;
#1725 = PLANE ( 'NONE',  #1978 ) ;
#1726 = DIRECTION ( 'NONE',  ( 0.000000000000000000, 2.891205793294679017E-15, -1.000000000000000000 ) ) ;
#1727 = CARTESIAN_POINT ( 'NONE',  ( -3.750000000000000000, -1.750638370251823612E-15, 0.7500000000000001110 ) ) ;
#1728 = LINE ( 'NONE', #1337, #1665 ) ;
#1729 = AXIS2_PLACEMENT_3D ( 'NONE', #2323, #1180, #1131 ) ;
#1730 = EDGE_LOOP ( 'NONE', ( #5052, #735, #1673, #654 ) ) ;
#1731 = ADVANCED_FACE ( 'NONE', ( #760 ), #1588, .F. ) ;
#1732 = CARTESIAN_POINT ( 'NONE',  ( -5.015000000000000568, 6.499999999999998224, -2.500000000000000000 ) ) ;
#1733 = CARTESIAN_POINT ( 'NONE',  ( -3.750000000000000000, 1.624999999999999778, 0.7500000000000001110 ) ) ;
#1734 = FACE_BOUND ( 'NONE', #2736, .T. ) ;
#1735 = EDGE_CURVE ( 'NONE', #2720, #2136, #4671, .T. ) ;
#1736 = ORIENTED_EDGE ( 'NONE', *, *, #1993, .F. ) ;
#1737 = ORIENTED_EDGE ( 'NONE', *, *, #4358, .T. ) ;
#1738 = DIRECTION ( 'NONE',  ( -0.000000000000000000, 1.000000000000000000, -0.000000000000000000 ) ) ;
#1739 = CARTESIAN_POINT ( 'NONE',  ( 5.449999999999999289, 6.274999999999999467, -0.8500000000000005329 ) ) ;
#1740 = CARTESIAN_POINT ( 'NONE',  ( 5.950000000000000178, 6.500000000000000000, 2.500000000000000444 ) ) ;
#1741 = VERTEX_POINT ( 'NONE', #4271 ) ;
#1742 = DIRECTION ( 'NONE',  ( 0.000000000000000000, 0.000000000000000000, -1.000000000000000000 ) ) ;
#1743 = CARTESIAN_POINT ( 'NONE',  ( 2.240000000000006430, 5.375000000000000000, 2.500000000000000444 ) ) ;
#1744 = ORIENTED_EDGE ( 'NONE', *, *, #2645, .T. ) ;
#1745 = CARTESIAN_POINT ( 'NONE',  ( -5.950000000000001066, 6.500000000000000000, 0.1250000000000001110 ) ) ;
#1746 = ORIENTED_EDGE ( 'NONE', *, *, #3612, .T. ) ;
#1747 = AXIS2_PLACEMENT_3D ( 'NONE', #2210, #5050, #1008 ) ;
#1748 = LINE ( 'NONE', #1777, #3700 ) ;
#1749 = CARTESIAN_POINT ( 'NONE',  ( -2.250000000000000444, -1.312978777688867807E-15, -0.7499999999999991118 ) ) ;
#1750 = VERTEX_POINT ( 'NONE', #3461 ) ;
#1751 = ORIENTED_EDGE ( 'NONE', *, *, #4211, .F. ) ;
#1752 = FACE_OUTER_BOUND ( 'NONE', #1183, .T. ) ;
#1753 = PLANE ( 'NONE',  #4215 ) ;
#1754 = DIRECTION ( 'NONE',  ( -1.000000000000000000, -0.000000000000000000, -0.000000000000000000 ) ) ;
#1755 = CARTESIAN_POINT ( 'NONE',  ( 2.240000000000005986, 6.499999999999997335, -2.500000000000000000 ) ) ;
#1756 = VECTOR ( 'NONE', #110, 1000.000000000000000 ) ;
#1757 = ORIENTED_EDGE ( 'NONE', *, *, #1566, .F. ) ;
#1758 = LINE ( 'NONE', #537, #1776 ) ;
#1759 = COLOUR_RGB ( '',1.000000000000000000, 1.000000000000000000, 1.000000000000000000 ) ;
#1760 = DIRECTION ( 'NONE',  ( -1.000000000000000000, 0.000000000000000000, -0.000000000000000000 ) ) ;
#1761 = PLANE ( 'NONE',  #3462 ) ;
#1762 = EDGE_CURVE ( 'NONE', #1868, #31, #4122, .T. ) ;
#1763 = EDGE_LOOP ( 'NONE', ( #1252, #418, #1062, #1417 ) ) ;
#1764 = VECTOR ( 'NONE', #5132, 1000.000000000000000 ) ;
#1765 = EDGE_CURVE ( 'NONE', #208, #2990, #4554, .T. ) ;
#1766 =( NAMED_UNIT ( * ) SI_UNIT ( $, .STERADIAN. ) SOLID_ANGLE_UNIT ( ) );
#1767 = CARTESIAN_POINT ( 'NONE',  ( -5.950000000000000178, 0.000000000000000000, 1.750000000000000444 ) ) ;
#1768 = EDGE_CURVE ( 'NONE', #3589, #1750, #3346, .T. ) ;
#1769 = LINE ( 'NONE', #3765, #2486 ) ;
#1770 = ORIENTED_EDGE ( 'NONE', *, *, #1475, .F. ) ;
#1771 = PLANE ( 'NONE',  #4867 ) ;
#1772 = ORIENTED_EDGE ( 'NONE', *, *, #2412, .F. ) ;
#1773 = EDGE_LOOP ( 'NONE', ( #2100, #4773, #4946, #2636 ) ) ;
#1774 = ORIENTED_EDGE ( 'NONE', *, *, #4777, .F. ) ;
#1775 = CARTESIAN_POINT ( 'NONE',  ( -4.500000000000000000, 3.649999999999999911, 2.224999999999999645 ) ) ;
#1776 = VECTOR ( 'NONE', #1369, 1000.000000000000000 ) ;
#1777 = CARTESIAN_POINT ( 'NONE',  ( -0.2500000000000001665, 3.250000000000000000, 7.600252258054534416 ) ) ;
#1778 = ORIENTED_EDGE ( 'NONE', *, *, #564, .T. ) ;
#1779 = VECTOR ( 'NONE', #4873, 999.9999999999998863 ) ;
#1780 = DIRECTION ( 'NONE',  ( -4.075267123698706271E-16, -0.3420201433256714330, -0.9396926207859074287 ) ) ;
#1781 = LINE ( 'NONE', #1709, #4611 ) ;
#1782 = DIRECTION ( 'NONE',  ( -0.000000000000000000, 0.000000000000000000, -1.000000000000000000 ) ) ;
#1783 = EDGE_LOOP ( 'NONE', ( #4286, #1863, #2046, #1519 ) ) ;
#1784 = ORIENTED_EDGE ( 'NONE', *, *, #2860, .F. ) ;
#1785 = FACE_OUTER_BOUND ( 'NONE', #369, .T. ) ;
#1786 = CARTESIAN_POINT ( 'NONE',  ( -4.765000000000000568, 6.250000000000003553, 2.500000000000000444 ) ) ;
#1787 = LINE ( 'NONE', #3781, #823 ) ;
#1788 = ORIENTED_EDGE ( 'NONE', *, *, #2385, .F. ) ;
#1789 = VECTOR ( 'NONE', #731, 1000.000000000000000 ) ;
#1790 = FACE_BOUND ( 'NONE', #4796, .T. ) ;
#1791 = CARTESIAN_POINT ( 'NONE',  ( 0.2500000000000002220, 6.499999999999998224, -0.7499999999999993339 ) ) ;
#1792 = EDGE_CURVE ( 'NONE', #4415, #953, #3685, .T. ) ;
#1793 = ORIENTED_EDGE ( 'NONE', *, *, #4072, .T. ) ;
#1794 = ADVANCED_FACE ( 'NONE', ( #3715 ), #898, .T. ) ;
#1795 = ADVANCED_FACE ( 'NONE', ( #2519 ), #469, .F. ) ;
#1796 = CARTESIAN_POINT ( 'NONE',  ( 5.124999999999999112, 3.649999999999999911, 2.500000000000000444 ) ) ;
#1797 = EDGE_LOOP ( 'NONE', ( #776, #826, #804, #429 ) ) ;
#1798 = EDGE_LOOP ( 'NONE', ( #956, #3911, #4433, #3849 ) ) ;
#1799 = DIRECTION ( 'NONE',  ( 0.000000000000000000, -0.000000000000000000, 1.000000000000000000 ) ) ;
#1800 = ORIENTED_EDGE ( 'NONE', *, *, #2441, .T. ) ;
#1801 = ORIENTED_EDGE ( 'NONE', *, *, #4489, .F. ) ;
#1802 = CARTESIAN_POINT ( 'NONE',  ( -0.1976364791232328721, 1.697636479123233011, 7.744119849266596134 ) ) ;
#1803 = UNCERTAINTY_MEASURE_WITH_UNIT (LENGTH_MEASURE( 1.000000000000000082E-05 ), #4002, 'distance_accuracy_value', 'NONE');
#1804 = DIRECTION ( 'NONE',  ( 0.000000000000000000, 0.000000000000000000, 1.000000000000000000 ) ) ;
#1805 = CARTESIAN_POINT ( 'NONE',  ( -0.2500000000000001665, 3.100000000000000533, 0.2500000000000002220 ) ) ;
#1806 = VECTOR ( 'NONE', #2356, 1000.000000000000000 ) ;
#1807 = AXIS2_PLACEMENT_3D ( 'NONE', #321, #349, #2402 ) ;
#1808 = EDGE_LOOP ( 'NONE', ( #4361, #2651, #4924, #834 ) ) ;
#1809 = ORIENTED_EDGE ( 'NONE', *, *, #952, .T. ) ;
#1810 = LINE ( 'NONE', #2165, #1944 ) ;
#1811 = PLANE ( 'NONE',  #4759 ) ;
#1812 = PLANE ( 'NONE',  #1255 ) ;
#1813 = ORIENTED_EDGE ( 'NONE', *, *, #4279, .T. ) ;
#1814 = LINE ( 'NONE', #2245, #3590 ) ;
#1815 = DIRECTION ( 'NONE',  ( -1.000000000000000000, 0.000000000000000000, 0.000000000000000000 ) ) ;
#1816 = CARTESIAN_POINT ( 'NONE',  ( -0.2500000000000002220, -8.753191851259118059E-16, 1.250000000000000444 ) ) ;
#1817 = ORIENTED_EDGE ( 'NONE', *, *, #4342, .T. ) ;
#1818 = CARTESIAN_POINT ( 'NONE',  ( -2.250000000000000444, -1.312978777688867807E-15, 0.7500000000000000000 ) ) ;
#1819 = ORIENTED_EDGE ( 'NONE', *, *, #1569, .F. ) ;
#1820 = VERTEX_POINT ( 'NONE', #925 ) ;
#1821 = VERTEX_POINT ( 'NONE', #2546 ) ;
#1822 = DIRECTION ( 'NONE',  ( -0.000000000000000000, -0.000000000000000000, 1.000000000000000000 ) ) ;
#1823 = VERTEX_POINT ( 'NONE', #106 ) ;
#1824 = EDGE_CURVE ( 'NONE', #4313, #1326, #1724, .T. ) ;
#1825 = EDGE_CURVE ( 'NONE', #3640, #2553, #4903, .T. ) ;
#1826 = VECTOR ( 'NONE', #582, 1000.000000000000000 ) ;
#1827 = DIRECTION ( 'NONE',  ( 1.000000000000000000, 2.460600675144407758E-16, 0.000000000000000000 ) ) ;
#1828 = EDGE_CURVE ( 'NONE', #4299, #948, #3316, .T. ) ;
#1829 = AXIS2_PLACEMENT_3D ( 'NONE', #187, #1405, #1799 ) ;
#1830 = LINE ( 'NONE', #684, #3494 ) ;
#1831 = EDGE_CURVE ( 'NONE', #864, #4617, #2042, .T. ) ;
#1832 = PLANE ( 'NONE',  #1075 ) ;
#1833 = VECTOR ( 'NONE', #1093, 1000.000000000000000 ) ;
#1834 = VERTEX_POINT ( 'NONE', #2437 ) ;
#1835 = ORIENTED_EDGE ( 'NONE', *, *, #2034, .T. ) ;
#1836 = CARTESIAN_POINT ( 'NONE',  ( 0.2500000000000004441, 3.100000000000000533, -0.2499999999999997780 ) ) ;
#1837 = CARTESIAN_POINT ( 'NONE',  ( 0.2500000000000004441, 3.750000000000000000, 0.4000000000000006328 ) ) ;
#1838 = CARTESIAN_POINT ( 'NONE',  ( -4.250000000000000000, 1.624999999999999778, 0.7500000000000001110 ) ) ;
#1839 = EDGE_CURVE ( 'NONE', #4105, #2450, #3657, .T. ) ;
#1840 = EDGE_LOOP ( 'NONE', ( #3767, #5182, #3602, #1228 ) ) ;
#1841 = CARTESIAN_POINT ( 'NONE',  ( -5.950000000000001066, 0.9249999999999996003, 2.500000000000000000 ) ) ;
#1842 = DIRECTION ( 'NONE',  ( 0.000000000000000000, 0.000000000000000000, 1.000000000000000000 ) ) ;
#1843 = FACE_OUTER_BOUND ( 'NONE', #2750, .T. ) ;
#1844 = VECTOR ( 'NONE', #1717, 1000.000000000000000 ) ;
#1845 = VERTEX_POINT ( 'NONE', #4960 ) ;
#1846 = CARTESIAN_POINT ( 'NONE',  ( -4.514999999999999680, 5.375000000000000000, 2.500000000000000444 ) ) ;
#1847 = LINE ( 'NONE', #1380, #2723 ) ;
#1848 = VERTEX_POINT ( 'NONE', #3289 ) ;
#1849 = LINE ( 'NONE', #5117, #3999 ) ;
#1850 = DIRECTION ( 'NONE',  ( 0.000000000000000000, -1.000000000000000000, 0.000000000000000000 ) ) ;
#1851 = DIRECTION ( 'NONE',  ( -0.7071067811865388020, -0.7071067811865563435, 0.000000000000000000 ) ) ;
#1852 = VERTEX_POINT ( 'NONE', #2852 ) ;
#1853 = FACE_BOUND ( 'NONE', #1477, .T. ) ;
#1854 = UNCERTAINTY_MEASURE_WITH_UNIT (LENGTH_MEASURE( 1.000000000000000082E-05 ), #3672, 'distance_accuracy_value', 'NONE');
#1855 = LINE ( 'NONE', #4778, #4624 ) ;
#1856 = CARTESIAN_POINT ( 'NONE',  ( -2.240000000000006430, 4.774999999999999467, -2.500000000000002220 ) ) ;
#1857 = EDGE_CURVE ( 'NONE', #4509, #1058, #4497, .T. ) ;
#1858 = AXIS2_PLACEMENT_3D ( 'NONE', #2745, #747, #4332 ) ;
#1859 = PRODUCT ( 'S10B-PHDSS(LF)(SN)(P)', 'S10B-PHDSS(LF)(SN)(P)', '', ( #4486 ) ) ;
#1860 = EDGE_LOOP ( 'NONE', ( #205, #1835, #3282, #1077 ) ) ;
#1861 = EDGE_CURVE ( 'NONE', #3347, #3929, #1302, .T. ) ;
#1862 = EDGE_CURVE ( 'NONE', #31, #3857, #840, .T. ) ;
#1863 = ORIENTED_EDGE ( 'NONE', *, *, #422, .T. ) ;
#1864 = PLANE ( 'NONE',  #3043 ) ;
#1865 = DIRECTION ( 'NONE',  ( -1.000000000000000000, 0.000000000000000000, -0.000000000000000000 ) ) ;
#1866 = LINE ( 'NONE', #3488, #5097 ) ;
#1867 = ORIENTED_EDGE ( 'NONE', *, *, #5067, .F. ) ;
#1868 = VERTEX_POINT ( 'NONE', #2073 ) ;
#1869 = VECTOR ( 'NONE', #1711, 1000.000000000000000 ) ;
#1870 = ADVANCED_FACE ( 'NONE', ( #2913 ), #2828, .F. ) ;
#1871 = PRODUCT_RELATED_PRODUCT_CATEGORY ( 'part', '', ( #1908 ) ) ;
#1872 = ORIENTED_EDGE ( 'NONE', *, *, #4477, .F. ) ;
#1873 = CARTESIAN_POINT ( 'NONE',  ( 0.2500000000000004441, 3.749999999999999556, 0.4000000000000010214 ) ) ;
#1874 = CARTESIAN_POINT ( 'NONE',  ( -3.465000000000000302, 1.624999999999999778, 2.500000000000000444 ) ) ;
#1875 = VERTEX_POINT ( 'NONE', #4529 ) ;
#1876 = VECTOR ( 'NONE', #4728, 1000.000000000000000 ) ;
#1877 = EDGE_CURVE ( 'NONE', #3398, #808, #870, .T. ) ;
#1878 = DIRECTION ( 'NONE',  ( -0.7071067811865563435, 0.7071067811865388020, 0.000000000000000000 ) ) ;
#1879 = VECTOR ( 'NONE', #2658, 1000.000000000000000 ) ;
#1880 = ORIENTED_EDGE ( 'NONE', *, *, #3815, .T. ) ;
#1881 = EDGE_LOOP ( 'NONE', ( #497, #4569, #555, #1586 ) ) ;
#1882 = CARTESIAN_POINT ( 'NONE',  ( -2.240000000000005986, 5.375000000000000000, -2.500000000000002220 ) ) ;
#1883 = DIRECTION ( 'NONE',  ( 0.000000000000000000, 0.7071067811865561215, -0.7071067811865390240 ) ) ;
#1884 =( GEOMETRIC_REPRESENTATION_CONTEXT ( 3 ) GLOBAL_UNCERTAINTY_ASSIGNED_CONTEXT ( ( #3881 ) ) GLOBAL_UNIT_ASSIGNED_CONTEXT ( ( #3973, #3598, #5232 ) ) REPRESENTATION_CONTEXT ( 'NONE', 'WORKASPACE' ) );
#1885 = ORIENTED_EDGE ( 'NONE', *, *, #144, .T. ) ;
#1886 = LINE ( 'NONE', #3854, #848 ) ;
#1887 = CARTESIAN_POINT ( 'NONE',  ( -4.765000000000000568, 6.250000000000003553, -2.500000000000000000 ) ) ;
#1888 = PLANE ( 'NONE',  #2340 ) ;
#1889 = EDGE_LOOP ( 'NONE', ( #3622, #4717, #315, #2877 ) ) ;
#1890 = VECTOR ( 'NONE', #4992, 1000.000000000000000 ) ;
#1891 = VERTEX_POINT ( 'NONE', #809 ) ;
#1892 = EDGE_CURVE ( 'NONE', #3190, #3942, #3870, .T. ) ;
#1893 = LINE ( 'NONE', #4325, #4592 ) ;
#1894 = VECTOR ( 'NONE', #4460, 1000.000000000000000 ) ;
#1895 = DIRECTION ( 'NONE',  ( 0.000000000000000000, 0.000000000000000000, -1.000000000000000000 ) ) ;
#1896 = DIRECTION ( 'NONE',  ( 0.000000000000000000, 0.000000000000000000, -1.000000000000000000 ) ) ;
#1897 = EDGE_CURVE ( 'NONE', #1144, #2791, #547, .T. ) ;
#1898 = LINE ( 'NONE', #3941, #2761 ) ;
#1899 = VERTEX_POINT ( 'NONE', #4256 ) ;
#1900 = EDGE_CURVE ( 'NONE', #1160, #673, #1847, .T. ) ;
#1901 = ADVANCED_FACE ( 'NONE', ( #3071 ), #5115, .F. ) ;
#1902 = FACE_OUTER_BOUND ( 'NONE', #3512, .T. ) ;
#1903 = CARTESIAN_POINT ( 'NONE',  ( -2.250000000000000444, 6.499999999999998224, 0.7500000000000000000 ) ) ;
#1904 = ADVANCED_FACE ( 'NONE', ( #3473 ), #4716, .F. ) ;
#1905 = VERTEX_POINT ( 'NONE', #574 ) ;
#1906 = CARTESIAN_POINT ( 'NONE',  ( -5.950000000000001066, 6.500000000000000000, 0.1250000000000001110 ) ) ;
#1907 = EDGE_LOOP ( 'NONE', ( #4079, #4015, #4604, #84 ) ) ;
#1908 = PRODUCT ( 'pin^SxB-PHDSS ass', 'pin^SxB-PHDSS ass', '', ( #1655 ) ) ;
#1909 = DIRECTION ( 'NONE',  ( 0.000000000000000000, -1.000000000000000000, -1.338521200599385475E-16 ) ) ;
#1910 = CARTESIAN_POINT ( 'NONE',  ( -1.749999999999999778, 6.499999999999998224, -0.7499999999999991118 ) ) ;
#1911 = VERTEX_POINT ( 'NONE', #1818 ) ;
#1912 = EDGE_CURVE ( 'NONE', #2021, #4959, #2620, .T. ) ;
#1913 = CARTESIAN_POINT ( 'NONE',  ( -4.765000000000000568, 6.250000000000003553, -2.500000000000000000 ) ) ;
#1914 = DIRECTION ( 'NONE',  ( -1.734723475976807341E-16, 0.000000000000000000, -1.000000000000000000 ) ) ;
#1915 = VECTOR ( 'NONE', #5048, 1000.000000000000000 ) ;
#1916 = ORIENTED_EDGE ( 'NONE', *, *, #2255, .F. ) ;
#1917 = ORIENTED_EDGE ( 'NONE', *, *, #1130, .F. ) ;
#1918 = VECTOR ( 'NONE', #4446, 999.9999999999998863 ) ;
#1919 = CARTESIAN_POINT ( 'NONE',  ( 5.449999999999997513, 1.625000000000001332, 2.225000000000000089 ) ) ;
#1920 = LINE ( 'NONE', #642, #1345 ) ;
#1921 = VECTOR ( 'NONE', #4616, 1000.000000000000000 ) ;
#1922 = DIRECTION ( 'NONE',  ( -2.460600675144407758E-16, -1.000000000000000000, -0.000000000000000000 ) ) ;
#1923 = DIRECTION ( 'NONE',  ( -1.000000000000000000, 0.000000000000000000, 0.000000000000000000 ) ) ;
#1924 = ORIENTED_EDGE ( 'NONE', *, *, #145, .F. ) ;
#1925 = PRESENTATION_STYLE_ASSIGNMENT (( #1078 ) ) ;
#1926 = ORIENTED_EDGE ( 'NONE', *, *, #6, .T. ) ;
#1927 = DIRECTION ( 'NONE',  ( 7.228014483236698528E-16, 1.000000000000000000, 0.000000000000000000 ) ) ;
#1928 = LINE ( 'NONE', #1155, #357 ) ;
#1929 = ADVANCED_FACE ( 'NONE', ( #2568 ), #652, .F. ) ;
#1930 = VECTOR ( 'NONE', #3956, 1000.000000000000000 ) ;
#1931 = EDGE_LOOP ( 'NONE', ( #3879, #1625, #3967, #2345 ) ) ;
#1932 = CARTESIAN_POINT ( 'NONE',  ( -5.950000000000001066, 0.9249999999999996003, 2.500000000000000000 ) ) ;
#1933 = VECTOR ( 'NONE', #1995, 1000.000000000000000 ) ;
#1934 = LINE ( 'NONE', #1458, #2512 ) ;
#1935 = ORIENTED_EDGE ( 'NONE', *, *, #3162, .T. ) ;
#1936 = CARTESIAN_POINT ( 'NONE',  ( -4.250000000000000000, -1.750638370251823612E-15, 0.7500000000000001110 ) ) ;
#1937 = LINE ( 'NONE', #4802, #4741 ) ;
#1938 = EDGE_LOOP ( 'NONE', ( #5017, #3433, #1508, #5267, #1175, #3676 ) ) ;
#1939 = ORIENTED_EDGE ( 'NONE', *, *, #1056, .T. ) ;
#1940 = CARTESIAN_POINT ( 'NONE',  ( 5.015000000000000568, 6.499999999999999112, 2.500000000000000444 ) ) ;
#1941 = DIRECTION ( 'NONE',  ( 0.000000000000000000, 0.000000000000000000, 1.000000000000000000 ) ) ;
#1942 = CARTESIAN_POINT ( 'NONE',  ( 0.2500000000000006106, 1.100000000000000755, 1.749999999999999556 ) ) ;
#1943 = PLANE ( 'NONE',  #3310 ) ;
#1944 = VECTOR ( 'NONE', #512, 1000.000000000000000 ) ;
#1945 = ORIENTED_EDGE ( 'NONE', *, *, #3359, .T. ) ;
#1946 = AXIS2_PLACEMENT_3D ( 'NONE', #4629, #4680, #972 ) ;
#1947 = DIRECTION ( 'NONE',  ( 0.000000000000000000, -0.7071067811865390240, -0.7071067811865561215 ) ) ;
#1948 = DIRECTION ( 'NONE',  ( 0.000000000000000000, 1.421904488505579654E-16, -1.000000000000000000 ) ) ;
#1949 = AXIS2_PLACEMENT_3D ( 'NONE', #3896, #3501, #5141 ) ;
#1950 = VECTOR ( 'NONE', #2968, 1000.000000000000000 ) ;
#1951 = EDGE_LOOP ( 'NONE', ( #472, #1401, #4938, #1001 ) ) ;
#1952 = VECTOR ( 'NONE', #1042, 1000.000000000000000 ) ;
#1953 = CLOSED_SHELL ( 'NONE', ( #4163, #4609, #5009, #1146, #4467, #3883, #5193, #4940, #4781, #5257, #3558, #4512, #2862, #3916, #659, #3091, #2958, #1287, #4252, #4560, #3758, #1123 ) ) ;
#1954 = ADVANCED_FACE ( 'NONE', ( #3790 ), #2279, .F. ) ;
#1955 = CARTESIAN_POINT ( 'NONE',  ( 2.250000000000000444, 1.625000000000001110, -1.249999999999999778 ) ) ;
#1956 = LINE ( 'NONE', #4876, #1309 ) ;
#1957 = ADVANCED_FACE ( 'NONE', ( #5014 ), #1771, .F. ) ;
#1958 = ORIENTED_EDGE ( 'NONE', *, *, #295, .F. ) ;
#1959 = AXIS2_PLACEMENT_3D ( 'NONE', #1189, #4441, #4037 ) ;
#1960 = ORIENTED_EDGE ( 'NONE', *, *, #1506, .T. ) ;
#1961 = PLANE ( 'NONE',  #1557 ) ;
#1962 = CARTESIAN_POINT ( 'NONE',  ( 0.2500000000000004441, 3.250000000000000000, 7.600252258054534416 ) ) ;
#1963 = EDGE_CURVE ( 'NONE', #2342, #1852, #4199, .T. ) ;
#1964 = ORIENTED_EDGE ( 'NONE', *, *, #3171, .F. ) ;
#1965 = ORIENTED_EDGE ( 'NONE', *, *, #3194, .F. ) ;
#1966 = DIRECTION ( 'NONE',  ( 9.605334861444114745E-17, -1.000000000000000000, 0.000000000000000000 ) ) ;
#1967 = CARTESIAN_POINT ( 'NONE',  ( -0.2500000000000002220, -8.753191851259118059E-16, 0.7499999999999997780 ) ) ;
#1968 = DIRECTION ( 'NONE',  ( -2.460600675144407758E-16, 1.000000000000000000, 0.000000000000000000 ) ) ;
#1969 = CARTESIAN_POINT ( 'NONE',  ( -3.465000000000000746, 4.774999999999999467, -8.724999999999999645 ) ) ;
#1970 = ORIENTED_EDGE ( 'NONE', *, *, #5136, .F. ) ;
#1971 = VERTEX_POINT ( 'NONE', #1796 ) ;
#1972 = EDGE_CURVE ( 'NONE', #520, #3992, #1033, .T. ) ;
#1973 = PLANE ( 'NONE',  #3809 ) ;
#1974 = DIRECTION ( 'NONE',  ( 0.000000000000000000, 1.000000000000000000, 1.421904488505579654E-16 ) ) ;
#1975 = DIRECTION ( 'NONE',  ( -0.000000000000000000, -0.000000000000000000, 1.000000000000000000 ) ) ;
#1976 = VECTOR ( 'NONE', #3369, 1000.000000000000000 ) ;
#1977 = VERTEX_POINT ( 'NONE', #5043 ) ;
#1978 = AXIS2_PLACEMENT_3D ( 'NONE', #3293, #1055, #230 ) ;
#1979 = LINE ( 'NONE', #3581, #3577 ) ;
#1980 = ORIENTED_EDGE ( 'NONE', *, *, #2409, .T. ) ;
#1981 = LINE ( 'NONE', #703, #1930 ) ;
#1982 = CARTESIAN_POINT ( 'NONE',  ( -2.250000000000000444, 6.499999999999998224, -0.7499999999999991118 ) ) ;
#1983 = ORIENTED_EDGE ( 'NONE', *, *, #1056, .F. ) ;
#1984 = DIRECTION ( 'NONE',  ( 0.000000000000000000, 0.000000000000000000, 1.000000000000000000 ) ) ;
#1985 = CARTESIAN_POINT ( 'NONE',  ( -0.2500000000000002220, 6.499999999999998224, 0.7499999999999997780 ) ) ;
#1986 = ORIENTED_EDGE ( 'NONE', *, *, #2286, .F. ) ;
#1987 = CARTESIAN_POINT ( 'NONE',  ( -2.240000000000005986, 5.375000000000000000, -8.724999999999999645 ) ) ;
#1988 = DIRECTION ( 'NONE',  ( 0.000000000000000000, 1.000000000000000000, 0.000000000000000000 ) ) ;
#1989 = DIRECTION ( 'NONE',  ( 1.000000000000000000, 9.605334861444114745E-17, 0.000000000000000000 ) ) ;
#1990 = EDGE_CURVE ( 'NONE', #5152, #2543, #2964, .T. ) ;
#1991 = ORIENTED_EDGE ( 'NONE', *, *, #51, .T. ) ;
#1992 = ADVANCED_FACE ( 'NONE', ( #4631 ), #974, .T. ) ;
#1993 = EDGE_CURVE ( 'NONE', #4959, #1834, #4226, .T. ) ;
#1994 = FACE_OUTER_BOUND ( 'NONE', #3679, .T. ) ;
#1995 = DIRECTION ( 'NONE',  ( 1.000000000000000000, -0.000000000000000000, -0.000000000000000000 ) ) ;
#1996 = LINE ( 'NONE', #3517, #2516 ) ;
#1997 = DIRECTION ( 'NONE',  ( 0.000000000000000000, -1.000000000000000000, -1.421904488505579654E-16 ) ) ;
#1998 = EDGE_LOOP ( 'NONE', ( #3437, #2244, #4587, #3605 ) ) ;
#1999 = VERTEX_POINT ( 'NONE', #1429 ) ;
#2000 = LINE ( 'NONE', #2029, #3897 ) ;
#2001 = APPLICATION_PROTOCOL_DEFINITION ( 'draft international standard', 'automotive_design', 1998, #3411 ) ;
#2002 = VERTEX_POINT ( 'NONE', #2251 ) ;
#2003 = DIRECTION ( 'NONE',  ( 1.000000000000000000, 0.000000000000000000, -0.000000000000000000 ) ) ;
#2004 = VECTOR ( 'NONE', #4479, 1000.000000000000000 ) ;
#2005 = CARTESIAN_POINT ( 'NONE',  ( 5.450000000000000178, 6.500000000000000000, -2.225000000000000089 ) ) ;
#2006 = ORIENTED_EDGE ( 'NONE', *, *, #4316, .T. ) ;
#2007 = DIRECTION ( 'NONE',  ( 0.000000000000000000, -0.7660444431189766812, -0.6427876096865409172 ) ) ;
#2008 = ORIENTED_EDGE ( 'NONE', *, *, #3094, .T. ) ;
#2009 = VECTOR ( 'NONE', #3079, 1000.000000000000000 ) ;
#2010 = LINE ( 'NONE', #46, #2433 ) ;
#2011 = PLANE ( 'NONE',  #3128 ) ;
#2012 = CARTESIAN_POINT ( 'NONE',  ( 5.124999999999999112, 3.649999999999999911, 2.224999999999999645 ) ) ;
#2013 = VERTEX_POINT ( 'NONE', #3040 ) ;
#2014 = ORIENTED_EDGE ( 'NONE', *, *, #5113, .T. ) ;
#2015 = VECTOR ( 'NONE', #1148, 1000.000000000000000 ) ;
#2016 = PLANE ( 'NONE',  #584 ) ;
#2017 = DIRECTION ( 'NONE',  ( 1.000000000000000000, 0.000000000000000000, -0.000000000000000000 ) ) ;
#2018 = CARTESIAN_POINT ( 'NONE',  ( -4.765000000000000568, 6.250000000000003553, -2.500000000000000000 ) ) ;
#2019 = PLANE ( 'NONE',  #562 ) ;
#2020 = VECTOR ( 'NONE', #3058, 1000.000000000000000 ) ;
#2021 = VERTEX_POINT ( 'NONE', #4686 ) ;
#2022 = EDGE_CURVE ( 'NONE', #4313, #4193, #626, .T. ) ;
#2023 = CARTESIAN_POINT ( 'NONE',  ( -4.765000000000000568, 5.624999999999993783, 2.225000000000000089 ) ) ;
#2024 = CARTESIAN_POINT ( 'NONE',  ( -4.250000000000000000, 1.624999999999999778, 1.250000000000000666 ) ) ;
#2025 = ORIENTED_EDGE ( 'NONE', *, *, #1116, .T. ) ;
#2026 = EDGE_CURVE ( 'NONE', #1905, #1190, #4009, .T. ) ;
#2027 = EDGE_CURVE ( 'NONE', #1200, #3120, #2773, .T. ) ;
#2028 = EDGE_LOOP ( 'NONE', ( #1520, #2523, #2086, #5224 ) ) ;
#2029 = CARTESIAN_POINT ( 'NONE',  ( 0.2500000000000004441, 3.100000000000000533, 0.2500000000000002220 ) ) ;
#2030 = CARTESIAN_POINT ( 'NONE',  ( 0.000000000000000000, 0.000000000000000000, 0.000000000000000000 ) ) ;
#2031 = CARTESIAN_POINT ( 'NONE',  ( -5.015000000000002345, 6.500000000000000000, -2.225000000000000089 ) ) ;
#2032 = AXIS2_PLACEMENT_3D ( 'NONE', #1600, #423, #4080 ) ;
#2033 = CARTESIAN_POINT ( 'NONE',  ( 3.750000000000000000, 6.500000000000000000, 0.7499999999999995559 ) ) ;
#2034 = EDGE_CURVE ( 'NONE', #69, #1546, #5167, .T. ) ;
#2035 = VECTOR ( 'NONE', #4277, 1000.000000000000000 ) ;
#2036 = ORIENTED_EDGE ( 'NONE', *, *, #1707, .F. ) ;
#2037 = CARTESIAN_POINT ( 'NONE',  ( -0.2500000000000000000, 1.250000000000000000, 2.400000000000000799 ) ) ;
#2038 = LINE ( 'NONE', #433, #1081 ) ;
#2039 = CARTESIAN_POINT ( 'NONE',  ( -0.2500000000000002220, -8.753191851259118059E-16, 1.250000000000000444 ) ) ;
#2040 = VERTEX_POINT ( 'NONE', #1135 ) ;
#2041 = EDGE_CURVE ( 'NONE', #2667, #1190, #1510, .T. ) ;
#2042 = LINE ( 'NONE', #1697, #4957 ) ;
#2043 = LINE ( 'NONE', #5244, #1704 ) ;
#2044 = LINE ( 'NONE', #1967, #4257 ) ;
#2045 = DIRECTION ( 'NONE',  ( 0.000000000000000000, 1.000000000000000000, 0.000000000000000000 ) ) ;
#2046 = ORIENTED_EDGE ( 'NONE', *, *, #2348, .F. ) ;
#2047 = CARTESIAN_POINT ( 'NONE',  ( -4.765000000000000568, 6.250000000000003553, -2.500000000000000000 ) ) ;
#2048 = DIRECTION ( 'NONE',  ( -0.000000000000000000, 0.000000000000000000, -1.000000000000000000 ) ) ;
#2049 = VECTOR ( 'NONE', #1109, 1000.000000000000000 ) ;
#2050 = ORIENTED_EDGE ( 'NONE', *, *, #4937, .F. ) ;
#2051 = LINE ( 'NONE', #32, #3243 ) ;
#2052 = VECTOR ( 'NONE', #1542, 1000.000000000000000 ) ;
#2053 = CARTESIAN_POINT ( 'NONE',  ( 0.1500000000000001887, -2.999999999999999112, -0.1500000000000004108 ) ) ;
#2054 = ORIENTED_EDGE ( 'NONE', *, *, #4262, .F. ) ;
#2055 = EDGE_LOOP ( 'NONE', ( #403, #39, #2461, #4340 ) ) ;
#2056 = EDGE_CURVE ( 'NONE', #1574, #987, #754, .T. ) ;
#2057 = CARTESIAN_POINT ( 'NONE',  ( -4.950000000000000178, 0.000000000000000000, 1.750000000000000444 ) ) ;
#2058 = DIRECTION ( 'NONE',  ( 0.000000000000000000, -1.421904488505579654E-16, 1.000000000000000000 ) ) ;
#2059 = EDGE_CURVE ( 'NONE', #1393, #5068, #1979, .T. ) ;
#2060 = DIRECTION ( 'NONE',  ( 0.000000000000000000, 0.000000000000000000, 1.000000000000000000 ) ) ;
#2061 = LINE ( 'NONE', #4429, #1684 ) ;
#2062 = DIRECTION ( 'NONE',  ( -1.000000000000000000, 0.000000000000000000, -0.000000000000000000 ) ) ;
#2063 = ADVANCED_FACE ( 'NONE', ( #3552 ), #3148, .T. ) ;
#2064 = ORIENTED_EDGE ( 'NONE', *, *, #720, .T. ) ;
#2065 = EDGE_CURVE ( 'NONE', #2845, #3619, #4794, .T. ) ;
#2066 = EDGE_CURVE ( 'NONE', #3663, #3086, #326, .T. ) ;
#2067 = DIRECTION ( 'NONE',  ( -0.000000000000000000, -0.3420201433256693790, -0.9396926207859082059 ) ) ;
#2068 = AXIS2_PLACEMENT_3D ( 'NONE', #1982, #2794, #4437 ) ;
#2069 = PLANE ( 'NONE',  #4747 ) ;
#2070 = CARTESIAN_POINT ( 'NONE',  ( -5.950000000000001066, 0.9249999999999996003, 2.500000000000000000 ) ) ;
#2071 = VECTOR ( 'NONE', #4556, 1000.000000000000000 ) ;
#2072 = ORIENTED_EDGE ( 'NONE', *, *, #3454, .F. ) ;
#2073 = CARTESIAN_POINT ( 'NONE',  ( 0.2500000000000006106, 1.750000000000000444, 2.400000000000000799 ) ) ;
#2074 = EDGE_LOOP ( 'NONE', ( #3045, #744, #1991, #1690 ) ) ;
#2075 = PLANE ( 'NONE',  #783 ) ;
#2076 = CARTESIAN_POINT ( 'NONE',  ( 2.465000000000001190, 5.149999999999999467, 2.224999999999999645 ) ) ;
#2077 = DIRECTION ( 'NONE',  ( -0.000000000000000000, 1.000000000000000000, -0.000000000000000000 ) ) ;
#2078 = PLANE ( 'NONE',  #3446 ) ;
#2079 = EDGE_LOOP ( 'NONE', ( #2807, #1960, #5027, #3146 ) ) ;
#2080 = CARTESIAN_POINT ( 'NONE',  ( -4.250000000000000000, -1.750638370251823612E-15, 0.7500000000000001110 ) ) ;
#2081 = LINE ( 'NONE', #3664, #276 ) ;
#2082 = DIRECTION ( 'NONE',  ( 0.000000000000000000, 0.9396926207859093161, -0.3420201433256663259 ) ) ;
#2083 = CARTESIAN_POINT ( 'NONE',  ( 3.750000000000000000, 1.624999999999999778, -4.870572098594924348 ) ) ;
#2084 = ORIENTED_EDGE ( 'NONE', *, *, #2225, .T. ) ;
#2085 = ORIENTED_EDGE ( 'NONE', *, *, #4676, .F. ) ;
#2086 = ORIENTED_EDGE ( 'NONE', *, *, #3090, .F. ) ;
#2087 = PLANE ( 'NONE',  #2032 ) ;
#2088 = CARTESIAN_POINT ( 'NONE',  ( 0.000000000000000000, 3.350000000000000089, 7.875000000000000000 ) ) ;
#2089 = CONTEXT_DEPENDENT_SHAPE_REPRESENTATION ( #3954, #916 ) ;
#2090 = ORIENTED_EDGE ( 'NONE', *, *, #5264, .F. ) ;
#2091 = CARTESIAN_POINT ( 'NONE',  ( 4.318674134265341635, 4.914168687704686178, 2.500000000000000444 ) ) ;
#2092 = FACE_OUTER_BOUND ( 'NONE', #1394, .T. ) ;
#2093 = VECTOR ( 'NONE', #5156, 1000.000000000000000 ) ;
#2094 = ORIENTED_EDGE ( 'NONE', *, *, #854, .F. ) ;
#2095 = VECTOR ( 'NONE', #1648, 1000.000000000000000 ) ;
#2096 = FACE_OUTER_BOUND ( 'NONE', #5245, .T. ) ;
#2097 = EDGE_CURVE ( 'NONE', #864, #1034, #5237, .T. ) ;
#2098 = VECTOR ( 'NONE', #3535, 1000.000000000000000 ) ;
#2099 = CARTESIAN_POINT ( 'NONE',  ( -5.450000000000001954, 6.274999999999999467, -0.8500000000000005329 ) ) ;
#2100 = ORIENTED_EDGE ( 'NONE', *, *, #3813, .T. ) ;
#2101 = EDGE_CURVE ( 'NONE', #2791, #225, #1583, .T. ) ;
#2102 = EDGE_CURVE ( 'NONE', #4533, #3925, #680, .T. ) ;
#2103 = DIRECTION ( 'NONE',  ( -0.000000000000000000, -0.000000000000000000, 1.000000000000000000 ) ) ;
#2104 = VERTEX_POINT ( 'NONE', #1955 ) ;
#2105 = CARTESIAN_POINT ( 'NONE',  ( 0.2500000000000006106, -2.725252258054540189, 1.749999999999999112 ) ) ;
#2106 = CARTESIAN_POINT ( 'NONE',  ( -5.015000000000000568, 6.499999999999998224, -2.500000000000000000 ) ) ;
#2107 = DIRECTION ( 'NONE',  ( -0.9396926207859080948, -0.3420201433256696566, -4.863199769540913410E-17 ) ) ;
#2108 = DIRECTION ( 'NONE',  ( -0.000000000000000000, -0.000000000000000000, 1.000000000000000000 ) ) ;
#2109 = CARTESIAN_POINT ( 'NONE',  ( -4.500000000000000000, 3.649999999999999911, 2.500000000000000444 ) ) ;
#2110 = ORIENTED_EDGE ( 'NONE', *, *, #1181, .F. ) ;
#2111 = LINE ( 'NONE', #4991, #759 ) ;
#2112 = FACE_OUTER_BOUND ( 'NONE', #1730, .T. ) ;
#2113 = AXIS2_PLACEMENT_3D ( 'NONE', #1347, #590, #1371 ) ;
#2114 = FACE_BOUND ( 'NONE', #65, .T. ) ;
#2115 = VECTOR ( 'NONE', #4111, 1000.000000000000000 ) ;
#2116 = ORIENTED_EDGE ( 'NONE', *, *, #1024, .F. ) ;
#2117 = ORIENTED_EDGE ( 'NONE', *, *, #5101, .F. ) ;
#2118 = CARTESIAN_POINT ( 'NONE',  ( 0.2500000000000002220, 1.625000000000000666, -1.249999999999999556 ) ) ;
#2119 = ITEM_DEFINED_TRANSFORMATION ( 'NONE', 'NONE', #4434,  #699 ) ;
#2120 = DIRECTION ( 'NONE',  ( 1.000000000000000000, 0.000000000000000000, 0.000000000000000000 ) ) ;
#2121 = PLANE ( 'NONE',  #1085 ) ;
#2122 = ORIENTED_EDGE ( 'NONE', *, *, #3841, .T. ) ;
#2123 = PLANE ( 'NONE',  #2292 ) ;
#2124 = CARTESIAN_POINT ( 'NONE',  ( -4.765000000000000568, 5.624999999999993783, 2.225000000000000089 ) ) ;
#2125 = ORIENTED_EDGE ( 'NONE', *, *, #145, .T. ) ;
#2126 = EDGE_CURVE ( 'NONE', #4745, #2662, #4435, .T. ) ;
#2127 = DIRECTION ( 'NONE',  ( -1.000000000000000000, 0.000000000000000000, -0.000000000000000000 ) ) ;
#2128 = ORIENTED_EDGE ( 'NONE', *, *, #5040, .T. ) ;
#2129 = DIRECTION ( 'NONE',  ( 0.000000000000000000, 0.000000000000000000, 1.000000000000000000 ) ) ;
#2130 = EDGE_CURVE ( 'NONE', #4656, #1905, #778, .T. ) ;
#2131 = LINE ( 'NONE', #649, #2488 ) ;
#2132 = VERTEX_POINT ( 'NONE', #3502 ) ;
#2133 = CARTESIAN_POINT ( 'NONE',  ( 5.015000000000000568, 6.499999999999999112, -2.225000000000000089 ) ) ;
#2134 = VECTOR ( 'NONE', #3951, 1000.000000000000000 ) ;
#2135 = EDGE_CURVE ( 'NONE', #4146, #3863, #1484, .T. ) ;
#2136 = VERTEX_POINT ( 'NONE', #2698 ) ;
#2137 = CLOSED_SHELL ( 'NONE', ( #5234, #1599, #1410, #4374, #5200, #4078, #1794, #2738, #3777, #81, #596, #924, #1667, #557, #4310, #3124, #3948, #5225, #5074, #177, #2808, #2063, #777, #3651, #3123, #2767, #3056, #4837, #1541, #988, #1479, #4144, #2343, #3470, #360, #5166, #1634, #2163, #625, #1104, #4464, #1929, #240, #692, #3491, #2545, #923, #5065, #1954, #5208, #3949, #4341, #2514, #14, #3485, #1209, #1151, #1677, #1904, #2991, #2482, #3153, #4402, #3255, #1387, #3642, #4709, #920, #3419, #1385, #4176, #3937, #1957, #2962, #4578, #2706, #212, #4436, #1473, #4440, #4812, #1250, #3843, #2205, #1351, #2708, #5134, #1731, #1901, #5128, #1870, #3549, #5161, #2576, #3959, #3677, #3782, #1992, #300, #3878, #690, #2711, #4469, #1057, #3943, #1318, #4008, #2748, #4712, #2987, #1030, #1325, #623, #3940, #1575, #2228, #3158, #243, #2319, #2256, #4042, #957 ) ) ;
#2138 = CARTESIAN_POINT ( 'NONE',  ( -4.250000000000000000, -1.750638370251823612E-15, -1.249999999999999334 ) ) ;
#2139 = CARTESIAN_POINT ( 'NONE',  ( -5.450000000000001066, 1.624999999999999112, 2.225000000000000089 ) ) ;
#2140 = FACE_BOUND ( 'NONE', #2619, .T. ) ;
#2141 = EDGE_LOOP ( 'NONE', ( #1924, #3272, #3743, #3004 ) ) ;
#2142 = VECTOR ( 'NONE', #3924, 1000.000000000000000 ) ;
#2143 = VECTOR ( 'NONE', #1041, 1000.000000000000000 ) ;
#2144 = DIRECTION ( 'NONE',  ( -0.000000000000000000, 0.7071067811865393571, 0.7071067811865555663 ) ) ;
#2145 = CARTESIAN_POINT ( 'NONE',  ( -3.750000000000000000, -1.750638370251823612E-15, -0.7499999999999990008 ) ) ;
#2146 = DIRECTION ( 'NONE',  ( -1.000000000000000000, -9.605334861444114745E-17, 0.000000000000000000 ) ) ;
#2147 = PLANE ( 'NONE',  #3029 ) ;
#2148 = ORIENTED_EDGE ( 'NONE', *, *, #1606, .T. ) ;
#2149 = CARTESIAN_POINT ( 'NONE',  ( -4.250000000000000000, -1.750638370251823612E-15, -0.7499999999999990008 ) ) ;
#2150 = DIRECTION ( 'NONE',  ( 0.000000000000000000, 0.000000000000000000, 1.000000000000000000 ) ) ;
#2151 = ORIENTED_EDGE ( 'NONE', *, *, #5147, .T. ) ;
#2152 = VECTOR ( 'NONE', #2834, 1000.000000000000000 ) ;
#2153 = PRODUCT ( 'SxB-PHDSS_10', 'SxB-PHDSS_10', '', ( #4892 ) ) ;
#2154 = CARTESIAN_POINT ( 'NONE',  ( -4.250000000000000000, 6.499999999999997335, 0.7500000000000001110 ) ) ;
#2155 = ORIENTED_EDGE ( 'NONE', *, *, #3979, .F. ) ;
#2156 = DIRECTION ( 'NONE',  ( 0.000000000000000000, 1.000000000000000000, 1.057758217059028608E-16 ) ) ;
#2157 = VERTEX_POINT ( 'NONE', #4336 ) ;
#2158 = DIRECTION ( 'NONE',  ( 0.9396926207859080948, -0.3420201433256697121, -4.863199769540914642E-17 ) ) ;
#2159 = PLANE ( 'NONE',  #1334 ) ;
#2160 = EDGE_CURVE ( 'NONE', #4656, #4690, #702, .T. ) ;
#2161 = CARTESIAN_POINT ( 'NONE',  ( -2.250000000000000444, -1.312978777688867807E-15, 0.7500000000000000000 ) ) ;
#2162 = EDGE_LOOP ( 'NONE', ( #1137, #1584, #3788, #1935 ) ) ;
#2163 = ADVANCED_FACE ( 'NONE', ( #2725 ), #280, .F. ) ;
#2164 = ADVANCED_FACE ( 'NONE', ( #4768 ), #4362, .T. ) ;
#2165 = CARTESIAN_POINT ( 'NONE',  ( -4.514999999999999680, 5.375000000000000000, 2.225000000000000089 ) ) ;
#2166 = CARTESIAN_POINT ( 'NONE',  ( 3.465000000000000302, 1.624999999999999778, 2.500000000000000444 ) ) ;
#2167 = CARTESIAN_POINT ( 'NONE',  ( 0.000000000000000000, -2.999999999999999112, 0.1499999999999990785 ) ) ;
#2168 = ORIENTED_EDGE ( 'NONE', *, *, #2581, .T. ) ;
#2169 = CARTESIAN_POINT ( 'NONE',  ( 4.950000000000000178, -3.000000000000000000, 0.7500000000000002220 ) ) ;
#2170 = CARTESIAN_POINT ( 'NONE',  ( 0.1500000000000007716, 1.650000000000000799, 7.875000000000000000 ) ) ;
#2171 = LINE ( 'NONE', #2124, #4284 ) ;
#2172 = ORIENTED_EDGE ( 'NONE', *, *, #3980, .F. ) ;
#2173 = AXIS2_PLACEMENT_3D ( 'NONE', #3875, #1486, #704 ) ;
#2174 = CARTESIAN_POINT ( 'NONE',  ( 3.465000000000001634, 5.375000000000000000, -8.724999999999999645 ) ) ;
#2175 = VERTEX_POINT ( 'NONE', #4493 ) ;
#2176 = VECTOR ( 'NONE', #4828, 1000.000000000000000 ) ;
#2177 = EDGE_LOOP ( 'NONE', ( #2125, #2977, #706, #66 ) ) ;
#2178 = ORIENTED_EDGE ( 'NONE', *, *, #2291, .T. ) ;
#2179 = CARTESIAN_POINT ( 'NONE',  ( -0.2500000000000000000, 1.100000000000000089, 2.400000000000000355 ) ) ;
#2180 = CARTESIAN_POINT ( 'NONE',  ( -0.1500000000000001887, 1.349999999999999645, 7.875000000000000000 ) ) ;
#2181 = EDGE_LOOP ( 'NONE', ( #1647, #2475, #1438, #3017 ) ) ;
#2182 = CARTESIAN_POINT ( 'NONE',  ( -2.240000000000006430, 4.774999999999999467, -8.724999999999999645 ) ) ;
#2183 = PLANE ( 'NONE',  #518 ) ;
#2184 = LINE ( 'NONE', #4666, #2427 ) ;
#2185 = AXIS2_PLACEMENT_3D ( 'NONE', #3329, #509, #5026 ) ;
#2186 = ORIENTED_EDGE ( 'NONE', *, *, #4937, .T. ) ;
#2187 = EDGE_CURVE ( 'NONE', #3942, #153, #4930, .T. ) ;
#2188 = DIRECTION ( 'NONE',  ( -1.230300337572202153E-16, -1.000000000000000000, 0.000000000000000000 ) ) ;
#2189 = VECTOR ( 'NONE', #1968, 1000.000000000000000 ) ;
#2190 = LINE ( 'NONE', #2638, #4583 ) ;
#2191 = DIRECTION ( 'NONE',  ( 1.000000000000000000, 0.000000000000000000, 0.000000000000000000 ) ) ;
#2192 = ADVANCED_FACE ( 'NONE', ( #2096 ), #1327, .F. ) ;
#2193 = PRODUCT_DEFINITION_SHAPE ( 'NONE', 'NONE',  #5278 ) ;
#2194 = EDGE_LOOP ( 'NONE', ( #3650, #1757, #856, #2970 ) ) ;
#2195 = EDGE_CURVE ( 'NONE', #2575, #3992, #2931, .T. ) ;
#2196 = FACE_BOUND ( 'NONE', #4482, .T. ) ;
#2197 = DIRECTION ( 'NONE',  ( 1.000000000000000000, 9.605334861444114745E-17, 0.000000000000000000 ) ) ;
#2198 = VERTEX_POINT ( 'NONE', #75 ) ;
#2199 = CARTESIAN_POINT ( 'NONE',  ( 3.465000000000001634, 4.775000000000000355, -8.724999999999999645 ) ) ;
#2200 = EDGE_LOOP ( 'NONE', ( #1358, #4413, #4981, #3762 ) ) ;
#2201 = ORIENTED_EDGE ( 'NONE', *, *, #1217, .F. ) ;
#2202 = VECTOR ( 'NONE', #2188, 1000.000000000000000 ) ;
#2203 = FACE_OUTER_BOUND ( 'NONE', #1373, .T. ) ;
#2204 = ORIENTED_EDGE ( 'NONE', *, *, #2235, .F. ) ;
#2205 = ADVANCED_FACE ( 'NONE', ( #4897 ), #2907, .F. ) ;
#2206 = VECTOR ( 'NONE', #4522, 1000.000000000000000 ) ;
#2207 = ORIENTED_EDGE ( 'NONE', *, *, #1408, .T. ) ;
#2208 = DIRECTION ( 'NONE',  ( 0.000000000000000000, 0.000000000000000000, -1.000000000000000000 ) ) ;
#2209 = LINE ( 'NONE', #2138, #3506 ) ;
#2210 = CARTESIAN_POINT ( 'NONE',  ( -4.765000000000000568, 5.624999999999993783, -2.500000000000000000 ) ) ;
#2211 = VECTOR ( 'NONE', #4723, 1000.000000000000000 ) ;
#2212 = CARTESIAN_POINT ( 'NONE',  ( 5.124999999999999112, 3.649999999999999911, 2.224999999999999645 ) ) ;
#2213 = MECHANICAL_DESIGN_GEOMETRIC_PRESENTATION_REPRESENTATION (  '', ( #3738 ), #4687 ) ;
#2214 = ORIENTED_EDGE ( 'NONE', *, *, #1661, .T. ) ;
#2215 = ORIENTED_EDGE ( 'NONE', *, *, #2588, .T. ) ;
#2216 = DIRECTION ( 'NONE',  ( 0.000000000000000000, -0.000000000000000000, -1.000000000000000000 ) ) ;
#2217 = DIRECTION ( 'NONE',  ( 0.000000000000000000, -1.000000000000000000, 0.000000000000000000 ) ) ;
#2218 = FACE_OUTER_BOUND ( 'NONE', #4475, .T. ) ;
#2219 = ORIENTED_EDGE ( 'NONE', *, *, #2702, .T. ) ;
#2220 = VECTOR ( 'NONE', #2382, 1000.000000000000000 ) ;
#2221 = EDGE_CURVE ( 'NONE', #5269, #673, #835, .T. ) ;
#2222 = FACE_BOUND ( 'NONE', #3513, .T. ) ;
#2223 = LINE ( 'NONE', #1027, #839 ) ;
#2224 = CARTESIAN_POINT ( 'NONE',  ( 0.2913815063672758332, -2.611557503727434781, 2.291381506367274667 ) ) ;
#2225 = EDGE_CURVE ( 'NONE', #655, #3, #4458, .T. ) ;
#2226 = VERTEX_POINT ( 'NONE', #44 ) ;
#2227 = EDGE_CURVE ( 'NONE', #4625, #1160, #1609, .T. ) ;
#2228 = ADVANCED_FACE ( 'NONE', ( #377 ), #2123, .T. ) ;
#2229 = CARTESIAN_POINT ( 'NONE',  ( 4.765000000000000568, 6.250000000000006217, -2.500000000000000000 ) ) ;
#2230 = EDGE_LOOP ( 'NONE', ( #2934, #811, #157, #4848 ) ) ;
#2231 = ORIENTED_EDGE ( 'NONE', *, *, #2478, .T. ) ;
#2232 = DIRECTION ( 'NONE',  ( 0.7071067811865561215, -0.7071067811865389130, 0.000000000000000000 ) ) ;
#2233 = ORIENTED_EDGE ( 'NONE', *, *, #1509, .F. ) ;
#2234 = LINE ( 'NONE', #4663, #593 ) ;
#2235 = EDGE_CURVE ( 'NONE', #4372, #2352, #4032, .T. ) ;
#2236 = DIRECTION ( 'NONE',  ( -0.000000000000000000, -0.000000000000000000, 1.000000000000000000 ) ) ;
#2237 = LINE ( 'NONE', #1755, #222 ) ;
#2238 = AXIS2_PLACEMENT_3D ( 'NONE', #2670, #4177, #4307 ) ;
#2239 = EDGE_LOOP ( 'NONE', ( #4259, #2838, #3286, #1317 ) ) ;
#2240 = EDGE_LOOP ( 'NONE', ( #4886, #4496, #3578, #3971 ) ) ;
#2241 = DIRECTION ( 'NONE',  ( 0.000000000000000000, 0.000000000000000000, -1.000000000000000000 ) ) ;
#2242 = CARTESIAN_POINT ( 'NONE',  ( 1.749999999999999778, 6.499999999999999112, -0.7499999999999994449 ) ) ;
#2243 = CARTESIAN_POINT ( 'NONE',  ( -4.765000000000000568, 6.250000000000003553, 2.225000000000000089 ) ) ;
#2244 = ORIENTED_EDGE ( 'NONE', *, *, #502, .F. ) ;
#2245 = CARTESIAN_POINT ( 'NONE',  ( -5.124999999999999112, 2.299999999999999822, 2.224999999999999645 ) ) ;
#2246 = CARTESIAN_POINT ( 'NONE',  ( 4.950000000000000178, 0.000000000000000000, -2.500000000000000000 ) ) ;
#2247 = CARTESIAN_POINT ( 'NONE',  ( 2.465000000000000302, 1.625000000000000888, 2.225000000000000089 ) ) ;
#2248 = DIRECTION ( 'NONE',  ( 0.000000000000000000, -0.000000000000000000, 1.000000000000000000 ) ) ;
#2249 = ORIENTED_EDGE ( 'NONE', *, *, #1861, .F. ) ;
#2250 = EDGE_CURVE ( 'NONE', #1326, #3526, #3224, .T. ) ;
#2251 = CARTESIAN_POINT ( 'NONE',  ( -1.749999999999999778, 1.625000000000000222, -1.249999999999999556 ) ) ;
#2252 = ORIENTED_EDGE ( 'NONE', *, *, #397, .T. ) ;
#2253 = VERTEX_POINT ( 'NONE', #4551 ) ;
#2254 = CARTESIAN_POINT ( 'NONE',  ( -1.749999999999999778, -1.312978777688867807E-15, -0.7499999999999991118 ) ) ;
#2255 = EDGE_CURVE ( 'NONE', #1823, #5269, #803, .T. ) ;
#2256 = ADVANCED_FACE ( 'NONE', ( #2513 ), #893, .F. ) ;
#2257 = ORIENTED_EDGE ( 'NONE', *, *, #4317, .F. ) ;
#2258 = VECTOR ( 'NONE', #242, 1000.000000000000000 ) ;
#2259 = CARTESIAN_POINT ( 'NONE',  ( -4.535000000000000142, 1.624999999999998002, 0.7500000000000003331 ) ) ;
#2260 = DIRECTION ( 'NONE',  ( -1.000000000000000000, 2.168404344971009115E-16, 0.000000000000000000 ) ) ;
#2261 = VECTOR ( 'NONE', #4557, 1000.000000000000000 ) ;
#2262 = LINE ( 'NONE', #4751, #1377 ) ;
#2263 = DIRECTION ( 'NONE',  ( 1.000000000000000000, 1.146823756899791466E-32, -1.084202172485503571E-16 ) ) ;
#2264 = EDGE_CURVE ( 'NONE', #2845, #2621, #4143, .T. ) ;
#2265 = ORIENTED_EDGE ( 'NONE', *, *, #961, .T. ) ;
#2266 = EDGE_LOOP ( 'NONE', ( #4347, #4688, #257, #3322 ) ) ;
#2267 = CARTESIAN_POINT ( 'NONE',  ( -0.2500000000000001665, -2.999999999999999112, 0.2499999999999993616 ) ) ;
#2268 = LINE ( 'NONE', #3913, #1427 ) ;
#2269 = LINE ( 'NONE', #3997, #392 ) ;
#2270 = CARTESIAN_POINT ( 'NONE',  ( -0.2500000000000002220, -8.753191851259118059E-16, -0.7499999999999993339 ) ) ;
#2271 = ORIENTED_EDGE ( 'NONE', *, *, #4971, .F. ) ;
#2272 = ORIENTED_EDGE ( 'NONE', *, *, #147, .T. ) ;
#2273 = CARTESIAN_POINT ( 'NONE',  ( -4.514999999999999680, 5.375000000000000000, -2.500000000000000000 ) ) ;
#2274 = LINE ( 'NONE', #1873, #3212 ) ;
#2275 = CARTESIAN_POINT ( 'NONE',  ( 5.015000000000000568, 6.499999999999999112, -2.500000000000000000 ) ) ;
#2276 = AXIS2_PLACEMENT_3D ( 'NONE', #1837, #4758, #3968 ) ;
#2277 = VERTEX_POINT ( 'NONE', #3341 ) ;
#2278 = PLANE ( 'NONE',  #1949 ) ;
#2279 = PLANE ( 'NONE',  #1714 ) ;
#2280 = ORIENTED_EDGE ( 'NONE', *, *, #561, .F. ) ;
#2281 = ORIENTED_EDGE ( 'NONE', *, *, #2414, .F. ) ;
#2282 = FACE_OUTER_BOUND ( 'NONE', #1889, .T. ) ;
#2283 = CARTESIAN_POINT ( 'NONE',  ( 2.250000000000000444, 6.499999999999999112, -1.249999999999999778 ) ) ;
#2284 = ORIENTED_EDGE ( 'NONE', *, *, #3753, .T. ) ;
#2285 = EDGE_CURVE ( 'NONE', #4577, #1236, #2431, .T. ) ;
#2286 = EDGE_CURVE ( 'NONE', #3857, #523, #405, .T. ) ;
#2287 = LINE ( 'NONE', #3127, #3996 ) ;
#2288 = VECTOR ( 'NONE', #4427, 1000.000000000000000 ) ;
#2289 = CARTESIAN_POINT ( 'NONE',  ( -5.450000000000001954, 4.250000000000000000, -0.8500000000000005329 ) ) ;
#2290 = CARTESIAN_POINT ( 'NONE',  ( -0.2500000000000001665, 3.250000000000000000, 0.4000000000000006328 ) ) ;
#2291 = EDGE_CURVE ( 'NONE', #4205, #668, #1638, .T. ) ;
#2292 = AXIS2_PLACEMENT_3D ( 'NONE', #1663, #2459, #2007 ) ;
#2293 = ORIENTED_EDGE ( 'NONE', *, *, #5147, .F. ) ;
#2294 = VERTEX_POINT ( 'NONE', #572 ) ;
#2295 = CARTESIAN_POINT ( 'NONE',  ( 2.250000000000000444, 0.000000000000000000, -0.7499999999999994449 ) ) ;
#2296 = FACE_OUTER_BOUND ( 'NONE', #922, .T. ) ;
#2297 = DIRECTION ( 'NONE',  ( -1.084202172485502955E-16, 1.000000000000000000, 0.000000000000000000 ) ) ;
#2298 = VERTEX_POINT ( 'NONE', #995 ) ;
#2299 = CARTESIAN_POINT ( 'NONE',  ( 0.2500000000000004441, 3.100000000000000533, -0.2499999999999997780 ) ) ;
#2300 = CARTESIAN_POINT ( 'NONE',  ( -4.250000000000000000, -1.750638370251823612E-15, 1.250000000000000666 ) ) ;
#2301 = EDGE_LOOP ( 'NONE', ( #1788, #158, #2616, #1368, #2853, #3401 ) ) ;
#2302 = CARTESIAN_POINT ( 'NONE',  ( 3.690000000000002167, 5.375000000000000000, -2.500000000000000000 ) ) ;
#2303 = VECTOR ( 'NONE', #3211, 1000.000000000000000 ) ;
#2304 = VERTEX_POINT ( 'NONE', #598 ) ;
#2305 = CARTESIAN_POINT ( 'NONE',  ( 4.500000000000000000, 3.649999999999999911, -4.870572098594924348 ) ) ;
#2306 = ORIENTED_EDGE ( 'NONE', *, *, #1862, .T. ) ;
#2307 = LINE ( 'NONE', #1066, #5271 ) ;
#2308 = DIRECTION ( 'NONE',  ( 0.000000000000000000, -1.000000000000000000, 0.000000000000000000 ) ) ;
#2309 = CARTESIAN_POINT ( 'NONE',  ( 5.124999999999999112, 3.649999999999999911, -4.870572098594924348 ) ) ;
#2310 = ORIENTED_EDGE ( 'NONE', *, *, #4670, .F. ) ;
#2311 = VECTOR ( 'NONE', #5174, 1000.000000000000000 ) ;
#2312 = ORIENTED_EDGE ( 'NONE', *, *, #2135, .T. ) ;
#2313 = EDGE_CURVE ( 'NONE', #2489, #3347, #516, .T. ) ;
#2314 = VECTOR ( 'NONE', #228, 1000.000000000000000 ) ;
#2315 = DIRECTION ( 'NONE',  ( 0.7071067811865584529, 0.7071067811865364705, -0.000000000000000000 ) ) ;
#2316 = CARTESIAN_POINT ( 'NONE',  ( -2.465000000000001190, 1.624999999999999778, 2.225000000000000089 ) ) ;
#2317 = VECTOR ( 'NONE', #3037, 1000.000000000000000 ) ;
#2318 = CARTESIAN_POINT ( 'NONE',  ( -4.950000000000000178, -3.000000000000000000, -2.500000000000000000 ) ) ;
#2319 = ADVANCED_FACE ( 'NONE', ( #3067 ), #5110, .F. ) ;
#2320 = EDGE_CURVE ( 'NONE', #2684, #2580, #3812, .T. ) ;
#2321 = ORIENTED_EDGE ( 'NONE', *, *, #4211, .T. ) ;
#2322 = CARTESIAN_POINT ( 'NONE',  ( 4.250000000000000000, 1.624999999999999556, -4.870572098594924348 ) ) ;
#2323 = CARTESIAN_POINT ( 'NONE',  ( 0.2500000000000006106, 1.750000000000000666, 7.600252258054536192 ) ) ;
#2324 = ORIENTED_EDGE ( 'NONE', *, *, #4980, .T. ) ;
#2325 = DIRECTION ( 'NONE',  ( 2.460600675144407758E-16, -1.000000000000000000, 0.000000000000000000 ) ) ;
#2326 = ORIENTED_EDGE ( 'NONE', *, *, #4116, .T. ) ;
#2327 = DIRECTION ( 'NONE',  ( 0.000000000000000000, -0.000000000000000000, 1.000000000000000000 ) ) ;
#2328 = DIRECTION ( 'NONE',  ( 0.000000000000000000, -1.000000000000000000, 0.000000000000000000 ) ) ;
#2329 = VERTEX_POINT ( 'NONE', #2170 ) ;
#2330 = ORIENTED_EDGE ( 'NONE', *, *, #4920, .T. ) ;
#2331 = CARTESIAN_POINT ( 'NONE',  ( 4.318674134265341635, 4.914168687704686178, 2.400000000000000799 ) ) ;
#2332 = CARTESIAN_POINT ( 'NONE',  ( -4.500000000000000888, 2.299999999999999822, 2.500000000000000444 ) ) ;
#2333 = VECTOR ( 'NONE', #2836, 1000.000000000000114 ) ;
#2334 = VERTEX_POINT ( 'NONE', #2587 ) ;
#2335 = ORIENTED_EDGE ( 'NONE', *, *, #3983, .T. ) ;
#2336 = VECTOR ( 'NONE', #413, 1000.000000000000000 ) ;
#2337 = LINE ( 'NONE', #1940, #74 ) ;
#2338 = VECTOR ( 'NONE', #5020, 1000.000000000000000 ) ;
#2339 = LINE ( 'NONE', #743, #1681 ) ;
#2340 = AXIS2_PLACEMENT_3D ( 'NONE', #2309, #3934, #3103 ) ;
#2341 = CARTESIAN_POINT ( 'NONE',  ( 5.950000000000000178, 6.500000000000000000, 2.500000000000000444 ) ) ;
#2342 = VERTEX_POINT ( 'NONE', #1767 ) ;
#2343 = ADVANCED_FACE ( 'NONE', ( #4223 ), #2540, .F. ) ;
#2344 = EDGE_CURVE ( 'NONE', #578, #1911, #2223, .T. ) ;
#2345 = ORIENTED_EDGE ( 'NONE', *, *, #3721, .T. ) ;
#2346 = PLANE ( 'NONE',  #3990 ) ;
#2347 = FACE_OUTER_BOUND ( 'NONE', #2177, .T. ) ;
#2348 = EDGE_CURVE ( 'NONE', #4997, #1485, #4169, .T. ) ;
#2349 = EDGE_LOOP ( 'NONE', ( #682, #2649, #2072, #1986 ) ) ;
#2350 = CARTESIAN_POINT ( 'NONE',  ( -5.950000000000001066, 4.250000000000000000, -0.8500000000000005329 ) ) ;
#2351 = AXIS2_PLACEMENT_3D ( 'NONE', #1125, #272, #4809 ) ;
#2352 = VERTEX_POINT ( 'NONE', #3786 ) ;
#2353 = AXIS2_PLACEMENT_3D ( 'NONE', #4893, #2480, #888 ) ;
#2354 = LINE ( 'NONE', #3675, #1023 ) ;
#2355 = LINE ( 'NONE', #3984, #148 ) ;
#2356 = DIRECTION ( 'NONE',  ( 1.000000000000000000, 0.000000000000000000, 0.000000000000000000 ) ) ;
#2357 = ORIENTED_EDGE ( 'NONE', *, *, #2549, .T. ) ;
#2358 = ORIENTED_EDGE ( 'NONE', *, *, #4077, .T. ) ;
#2359 = LINE ( 'NONE', #1590, #1642 ) ;
#2360 = PRODUCT_DEFINITION_SHAPE ( 'NONE', 'NONE',  #5275 ) ;
#2361 = CARTESIAN_POINT ( 'NONE',  ( 4.765000000000000568, 5.624999999999994671, 2.225000000000000089 ) ) ;
#2362 = EDGE_CURVE ( 'NONE', #2518, #4657, #2647, .T. ) ;
#2363 = CARTESIAN_POINT ( 'NONE',  ( -4.500000000000000000, 3.649999999999999911, -4.870572098594924348 ) ) ;
#2364 = VERTEX_POINT ( 'NONE', #5036 ) ;
#2365 = ORIENTED_EDGE ( 'NONE', *, *, #332, .T. ) ;
#2366 = FACE_OUTER_BOUND ( 'NONE', #2585, .T. ) ;
#2367 = FACE_OUTER_BOUND ( 'NONE', #5217, .T. ) ;
#2368 = LINE ( 'NONE', #3138, #3186 ) ;
#2369 = DIRECTION ( 'NONE',  ( 0.000000000000000000, -1.000000000000000000, -1.199175254041795517E-16 ) ) ;
#2370 = VECTOR ( 'NONE', #4722, 1000.000000000000000 ) ;
#2371 = ORIENTED_EDGE ( 'NONE', *, *, #2344, .T. ) ;
#2372 = DIRECTION ( 'NONE',  ( 0.000000000000000000, 0.000000000000000000, -1.000000000000000000 ) ) ;
#2373 = CARTESIAN_POINT ( 'NONE',  ( 0.000000000000000000, 0.000000000000000000, 0.000000000000000000 ) ) ;
#2374 = LINE ( 'NONE', #2322, #2626 ) ;
#2375 = CARTESIAN_POINT ( 'NONE',  ( 3.465000000000000302, 1.624999999999999778, -4.870572098594924348 ) ) ;
#2376 = LINE ( 'NONE', #2083, #386 ) ;
#2377 = VECTOR ( 'NONE', #4833, 1000.000000000000000 ) ;
#2378 = VECTOR ( 'NONE', #4732, 1000.000000000000000 ) ;
#2379 = ORIENTED_EDGE ( 'NONE', *, *, #3880, .F. ) ;
#2380 = AXIS2_PLACEMENT_3D ( 'NONE', #3206, #812, #2803 ) ;
#2381 = AXIS2_PLACEMENT_3D ( 'NONE', #1512, #4010, #2327 ) ;
#2382 = DIRECTION ( 'NONE',  ( 0.000000000000000000, -1.000000000000000000, 0.000000000000000000 ) ) ;
#2383 = DIRECTION ( 'NONE',  ( -0.000000000000000000, -0.000000000000000000, 1.000000000000000000 ) ) ;
#2384 = ORIENTED_EDGE ( 'NONE', *, *, #2041, .F. ) ;
#2385 = EDGE_CURVE ( 'NONE', #605, #3929, #945, .T. ) ;
#2386 = EDGE_CURVE ( 'NONE', #120, #1140, #3839, .T. ) ;
#2387 = VECTOR ( 'NONE', #3981, 1000.000000000000000 ) ;
#2388 = DIRECTION ( 'NONE',  ( 0.000000000000000000, -0.7071067811865390240, -0.7071067811865561215 ) ) ;
#2389 = ORIENTED_EDGE ( 'NONE', *, *, #4779, .F. ) ;
#2390 = PRESENTATION_LAYER_ASSIGNMENT (  '', '', ( #2644 ) ) ;
#2391 = LINE ( 'NONE', #2804, #5059 ) ;
#2392 = CARTESIAN_POINT ( 'NONE',  ( 0.000000000000000000, 6.500000000000000000, 0.000000000000000000 ) ) ;
#2393 = CARTESIAN_POINT ( 'NONE',  ( 3.750000000000000000, 0.000000000000000000, -1.250000000000000000 ) ) ;
#2394 = ORIENTED_EDGE ( 'NONE', *, *, #5006, .F. ) ;
#2395 = EDGE_CURVE ( 'NONE', #4153, #208, #1400, .T. ) ;
#2396 = PLANE ( 'NONE',  #25 ) ;
#2397 = EDGE_LOOP ( 'NONE', ( #4806, #770, #4006, #2993 ) ) ;
#2398 = EDGE_LOOP ( 'NONE', ( #1207, #1153, #494, #1365 ) ) ;
#2399 = DIRECTION ( 'NONE',  ( -0.000000000000000000, 1.000000000000000000, 1.057758217059028608E-16 ) ) ;
#2400 = DIRECTION ( 'NONE',  ( -0.000000000000000000, -0.000000000000000000, 1.000000000000000000 ) ) ;
#2401 = CARTESIAN_POINT ( 'NONE',  ( 5.124999999999999112, 2.299999999999999822, -4.870572098594924348 ) ) ;
#2402 = DIRECTION ( 'NONE',  ( 0.5000000000000011102, -0.8660254037844380415, 0.000000000000000000 ) ) ;
#2403 = ORIENTED_EDGE ( 'NONE', *, *, #1217, .T. ) ;
#2404 = VECTOR ( 'NONE', #499, 1000.000000000000114 ) ;
#2405 = DIRECTION ( 'NONE',  ( -0.000000000000000000, -0.000000000000000000, 1.000000000000000000 ) ) ;
#2406 = CARTESIAN_POINT ( 'NONE',  ( 0.1500000000000002165, 0.000000000000000000, 7.875000000000000000 ) ) ;
#2407 = FACE_OUTER_BOUND ( 'NONE', #5079, .T. ) ;
#2408 = ORIENTED_EDGE ( 'NONE', *, *, #3392, .T. ) ;
#2409 = EDGE_CURVE ( 'NONE', #3691, #3919, #2618, .T. ) ;
#2410 = LINE ( 'NONE', #1469, #250 ) ;
#2411 = CARTESIAN_POINT ( 'NONE',  ( 5.015000000000000568, 6.499999999999999112, 2.500000000000000444 ) ) ;
#2412 = EDGE_CURVE ( 'NONE', #1750, #2845, #4251, .T. ) ;
#2413 = CARTESIAN_POINT ( 'NONE',  ( 4.514999999999999680, 5.375000000000000000, -2.225000000000000089 ) ) ;
#2414 = EDGE_CURVE ( 'NONE', #4550, #1848, #203, .T. ) ;
#2415 = CARTESIAN_POINT ( 'NONE',  ( 4.950000000000000178, -3.000000000000000000, -2.500000000000000000 ) ) ;
#2416 = VERTEX_POINT ( 'NONE', #1376 ) ;
#2417 =( LENGTH_UNIT ( ) NAMED_UNIT ( * ) SI_UNIT ( .MILLI., .METRE. ) );
#2418 = EDGE_CURVE ( 'NONE', #2157, #3459, #5088, .T. ) ;
#2419 = CARTESIAN_POINT ( 'NONE',  ( 4.765000000000000568, 5.624999999999994671, 2.500000000000000444 ) ) ;
#2420 =( NAMED_UNIT ( * ) PLANE_ANGLE_UNIT ( ) SI_UNIT ( $, .RADIAN. ) );
#2421 = ORIENTED_EDGE ( 'NONE', *, *, #858, .T. ) ;
#2422 = ORIENTED_EDGE ( 'NONE', *, *, #2735, .F. ) ;
#2423 = CARTESIAN_POINT ( 'NONE',  ( 1.749999999999999778, 1.625000000000001110, 0.7499999999999996669 ) ) ;
#2424 = DIRECTION ( 'NONE',  ( -1.000000000000000000, 0.000000000000000000, -0.000000000000000000 ) ) ;
#2425 = SHAPE_DEFINITION_REPRESENTATION ( #822, #4242 ) ;
#2426 = LINE ( 'NONE', #9, #4150 ) ;
#2427 = VECTOR ( 'NONE', #983, 1000.000000000000000 ) ;
#2428 = CARTESIAN_POINT ( 'NONE',  ( 2.250000000000000444, 6.499999999999999112, 0.7499999999999996669 ) ) ;
#2429 = EDGE_CURVE ( 'NONE', #3832, #194, #1451, .T. ) ;
#2430 = ORIENTED_EDGE ( 'NONE', *, *, #2932, .T. ) ;
#2431 = LINE ( 'NONE', #3627, #169 ) ;
#2432 = EDGE_LOOP ( 'NONE', ( #1746, #4783, #1046, #2837 ) ) ;
#2433 = VECTOR ( 'NONE', #895, 1000.000000000000000 ) ;
#2434 = LINE ( 'NONE', #756, #278 ) ;
#2435 = EDGE_LOOP ( 'NONE', ( #4356, #2663, #484, #1678 ) ) ;
#2436 = PRESENTATION_LAYER_ASSIGNMENT (  '', '', ( #996 ) ) ;
#2437 = CARTESIAN_POINT ( 'NONE',  ( 0.2500000000000006106, 1.750000000000000444, 7.600252258054536192 ) ) ;
#2438 = DIRECTION ( 'NONE',  ( 0.000000000000000000, 0.000000000000000000, -1.000000000000000000 ) ) ;
#2439 = PLANE ( 'NONE',  #1134 ) ;
#2440 = DIRECTION ( 'NONE',  ( -1.000000000000000000, -6.424901762877063495E-16, 0.000000000000000000 ) ) ;
#2441 = EDGE_CURVE ( 'NONE', #1190, #4690, #3764, .T. ) ;
#2442 = CARTESIAN_POINT ( 'NONE',  ( 4.250000000000000000, 0.000000000000000000, 0.7499999999999995559 ) ) ;
#2443 = AXIS2_PLACEMENT_3D ( 'NONE', #2760, #1048, #742 ) ;
#2444 = VERTEX_POINT ( 'NONE', #2564 ) ;
#2445 = LINE ( 'NONE', #4073, #697 ) ;
#2446 = LINE ( 'NONE', #3798, #3569 ) ;
#2447 = CARTESIAN_POINT ( 'NONE',  ( -2.250000000000000444, 1.625000000000000222, 1.250000000000000444 ) ) ;
#2448 = DIRECTION ( 'NONE',  ( 0.000000000000000000, 6.672013369141562259E-16, -1.000000000000000000 ) ) ;
#2449 = EDGE_LOOP ( 'NONE', ( #4870, #1880, #1270, #261 ) ) ;
#2450 = VERTEX_POINT ( 'NONE', #4196 ) ;
#2451 = LINE ( 'NONE', #4485, #4335 ) ;
#2452 = FACE_OUTER_BOUND ( 'NONE', #4502, .T. ) ;
#2453 = ORIENTED_EDGE ( 'NONE', *, *, #3217, .T. ) ;
#2454 = LINE ( 'NONE', #2787, #997 ) ;
#2455 = AXIS2_PLACEMENT_3D ( 'NONE', #1072, #614, #1984 ) ;
#2456 = DIRECTION ( 'NONE',  ( -0.000000000000000000, 1.000000000000000000, 1.057758217059028608E-16 ) ) ;
#2457 = VECTOR ( 'NONE', #3736, 1000.000000000000000 ) ;
#2458 = ORIENTED_EDGE ( 'NONE', *, *, #3163, .F. ) ;
#2459 = DIRECTION ( 'NONE',  ( 0.000000000000000000, -0.6427876096865409172, 0.7660444431189766812 ) ) ;
#2460 = CARTESIAN_POINT ( 'NONE',  ( 1.749999999999999778, 1.625000000000001110, -1.249999999999999778 ) ) ;
#2461 = ORIENTED_EDGE ( 'NONE', *, *, #3069, .T. ) ;
#2462 = CARTESIAN_POINT ( 'NONE',  ( 0.2500000000000006661, 1.250000000000000000, 2.400000000000000799 ) ) ;
#2463 = ORIENTED_EDGE ( 'NONE', *, *, #3332, .F. ) ;
#2464 = DIRECTION ( 'NONE',  ( 0.000000000000000000, -0.000000000000000000, 1.000000000000000000 ) ) ;
#2465 = DIRECTION ( 'NONE',  ( 1.734723475976806848E-16, -0.000000000000000000, 1.000000000000000000 ) ) ;
#2466 = CARTESIAN_POINT ( 'NONE',  ( -0.2500000000000000000, 1.250000000000000000, 7.600252258054536192 ) ) ;
#2467 = DIRECTION ( 'NONE',  ( 0.000000000000000000, 0.000000000000000000, -1.000000000000000000 ) ) ;
#2468 = FACE_OUTER_BOUND ( 'NONE', #998, .T. ) ;
#2469 = VECTOR ( 'NONE', #2637, 1000.000000000000000 ) ;
#2470 = ORIENTED_EDGE ( 'NONE', *, *, #268, .F. ) ;
#2471 = FACE_OUTER_BOUND ( 'NONE', #3117, .T. ) ;
#2472 = PRESENTATION_STYLE_ASSIGNMENT (( #880 ) ) ;
#2473 = CARTESIAN_POINT ( 'NONE',  ( -0.2500000000000000555, 1.750000000000000222, 2.400000000000000799 ) ) ;
#2474 = CARTESIAN_POINT ( 'NONE',  ( 3.626052147056688213, 4.914168687704686178, 2.500000000000000444 ) ) ;
#2475 = ORIENTED_EDGE ( 'NONE', *, *, #4807, .T. ) ;
#2476 = VERTEX_POINT ( 'NONE', #543 ) ;
#2477 = ORIENTED_EDGE ( 'NONE', *, *, #4045, .F. ) ;
#2478 = EDGE_CURVE ( 'NONE', #258, #5119, #4382, .T. ) ;
#2479 = LINE ( 'NONE', #4001, #1603 ) ;
#2480 = DIRECTION ( 'NONE',  ( 0.000000000000000000, 0.000000000000000000, 1.000000000000000000 ) ) ;
#2481 = PLANE ( 'NONE',  #653 ) ;
#2482 = ADVANCED_FACE ( 'NONE', ( #3498 ), #2346, .F. ) ;
#2483 = EDGE_CURVE ( 'NONE', #5269, #3640, #2374, .T. ) ;
#2484 = ORIENTED_EDGE ( 'NONE', *, *, #3523, .T. ) ;
#2485 = CARTESIAN_POINT ( 'NONE',  ( 3.465000000000001634, 4.775000000000000355, -2.225000000000000089 ) ) ;
#2486 = VECTOR ( 'NONE', #4171, 1000.000000000000000 ) ;
#2487 = LINE ( 'NONE', #2984, #4973 ) ;
#2488 = VECTOR ( 'NONE', #872, 1000.000000000000000 ) ;
#2489 = VERTEX_POINT ( 'NONE', #648 ) ;
#2490 = PRODUCT_DEFINITION ( 'UNKNOWN', '', #4613, #3352 ) ;
#2491 = CARTESIAN_POINT ( 'NONE',  ( -4.765000000000000568, 5.624999999999993783, 2.500000000000000444 ) ) ;
#2492 = ORIENTED_EDGE ( 'NONE', *, *, #2735, .T. ) ;
#2493 = CARTESIAN_POINT ( 'NONE',  ( -4.250000000000000000, 1.624999999999998002, -0.7499999999999992228 ) ) ;
#2494 = DIRECTION ( 'NONE',  ( -1.000000000000000000, 2.168404344971009115E-16, 0.000000000000000000 ) ) ;
#2495 = LINE ( 'NONE', #1701, #1950 ) ;
#2496 = PLANE ( 'NONE',  #3371 ) ;
#2497 = ORIENTED_EDGE ( 'NONE', *, *, #3292, .T. ) ;
#2498 = CARTESIAN_POINT ( 'NONE',  ( -0.2500000000000002220, 6.499999999999998224, -0.7499999999999993339 ) ) ;
#2499 = UNCERTAINTY_MEASURE_WITH_UNIT (LENGTH_MEASURE( 1.000000000000000082E-05 ), #3213, 'distance_accuracy_value', 'NONE');
#2500 = CARTESIAN_POINT ( 'NONE',  ( 5.950000000000000178, 6.274999999999999467, -0.8500000000000005329 ) ) ;
#2501 = CARTESIAN_POINT ( 'NONE',  ( -5.950000000000001066, 4.250000000000000000, -0.1000000000000004774 ) ) ;
#2502 = DIRECTION ( 'NONE',  ( 0.000000000000000000, 0.000000000000000000, 1.000000000000000000 ) ) ;
#2503 = DIRECTION ( 'NONE',  ( 1.000000000000000000, 1.084202172485503448E-16, 4.294043290675019302E-33 ) ) ;
#2504 = ORIENTED_EDGE ( 'NONE', *, *, #3752, .F. ) ;
#2505 = LINE ( 'NONE', #3005, #751 ) ;
#2506 = PLANE ( 'NONE',  #3993 ) ;
#2507 = CARTESIAN_POINT ( 'NONE',  ( -5.950000000000001066, 6.500000000000000000, -2.500000000000000000 ) ) ;
#2508 = CARTESIAN_POINT ( 'NONE',  ( 5.950000000000000178, -3.000000000000000000, 0.7500000000000002220 ) ) ;
#2509 = EDGE_CURVE ( 'NONE', #3763, #2552, #275, .T. ) ;
#2510 = ORIENTED_EDGE ( 'NONE', *, *, #3845, .T. ) ;
#2511 = EDGE_CURVE ( 'NONE', #3919, #2796, #1106, .T. ) ;
#2512 = VECTOR ( 'NONE', #2232, 1000.000000000000000 ) ;
#2513 = FACE_OUTER_BOUND ( 'NONE', #2652, .T. ) ;
#2514 = ADVANCED_FACE ( 'NONE', ( #1902 ), #2769, .F. ) ;
#2515 = DIRECTION ( 'NONE',  ( 1.734723475976806848E-16, -0.000000000000000000, 1.000000000000000000 ) ) ;
#2516 = VECTOR ( 'NONE', #1199, 1000.000000000000000 ) ;
#2517 = FACE_BOUND ( 'NONE', #4123, .T. ) ;
#2518 = VERTEX_POINT ( 'NONE', #2721 ) ;
#2519 = FACE_OUTER_BOUND ( 'NONE', #5016, .T. ) ;
#2520 = EDGE_LOOP ( 'NONE', ( #534, #1258, #613, #2128 ) ) ;
#2521 = DIRECTION ( 'NONE',  ( -0.000000000000000000, -0.7660444431189765702, -0.6427876096865409172 ) ) ;
#2522 = PLANE ( 'NONE',  #981 ) ;
#2523 = ORIENTED_EDGE ( 'NONE', *, *, #4971, .T. ) ;
#2524 = DIRECTION ( 'NONE',  ( -1.000000000000000000, 0.000000000000000000, -0.000000000000000000 ) ) ;
#2525 = ADVANCED_FACE ( 'NONE', ( #348 ), #297, .F. ) ;
#2526 = CARTESIAN_POINT ( 'NONE',  ( -4.250000000000000000, 6.499999999999997335, -0.7499999999999990008 ) ) ;
#2527 = CARTESIAN_POINT ( 'NONE',  ( -0.2500000000000000000, -2.725252258054540189, 2.250000000000000000 ) ) ;
#2528 = DIRECTION ( 'NONE',  ( -1.000000000000000000, 0.000000000000000000, 0.000000000000000000 ) ) ;
#2529 = DIRECTION ( 'NONE',  ( 0.000000000000000000, 0.000000000000000000, 1.000000000000000000 ) ) ;
#2530 = AXIS2_PLACEMENT_3D ( 'NONE', #3435, #1760, #5031 ) ;
#2531 = FACE_OUTER_BOUND ( 'NONE', #3125, .T. ) ;
#2532 = ORIENTED_EDGE ( 'NONE', *, *, #459, .T. ) ;
#2533 = CARTESIAN_POINT ( 'NONE',  ( -5.950000000000001066, 6.275000000000004796, -0.1000000000000002137 ) ) ;
#2534 = CONTEXT_DEPENDENT_SHAPE_REPRESENTATION ( #5062, #5013 ) ;
#2535 = ORIENTED_EDGE ( 'NONE', *, *, #4740, .T. ) ;
#2536 = DIRECTION ( 'NONE',  ( -0.000000000000000000, 0.000000000000000000, 1.000000000000000000 ) ) ;
#2537 = CARTESIAN_POINT ( 'NONE',  ( -4.250000000000000000, 6.499999999999997335, -1.249999999999999334 ) ) ;
#2538 = EDGE_LOOP ( 'NONE', ( #1649, #5143, #292, #5064 ) ) ;
#2539 = AXIS2_PLACEMENT_3D ( 'NONE', #5004, #3680, #4528 ) ;
#2540 = PLANE ( 'NONE',  #1607 ) ;
#2541 = AXIS2_PLACEMENT_3D ( 'NONE', #4058, #2067, #1298 ) ;
#2542 = DIRECTION ( 'NONE',  ( 0.000000000000000000, 0.000000000000000000, -1.000000000000000000 ) ) ;
#2543 = VERTEX_POINT ( 'NONE', #3114 ) ;
#2544 = EDGE_CURVE ( 'NONE', #4889, #3935, #4764, .T. ) ;
#2545 = ADVANCED_FACE ( 'NONE', ( #3522 ), #3975, .F. ) ;
#2546 = CARTESIAN_POINT ( 'NONE',  ( -5.450000000000001954, 6.500000000000000000, -2.225000000000000089 ) ) ;
#2547 = CARTESIAN_POINT ( 'NONE',  ( -2.535000000000000142, 1.624999999999998446, 0.7500000000000002220 ) ) ;
#2548 = LINE ( 'NONE', #5045, #3615 ) ;
#2549 = EDGE_CURVE ( 'NONE', #655, #2476, #696, .T. ) ;
#2550 = FACE_OUTER_BOUND ( 'NONE', #958, .T. ) ;
#2551 = EDGE_CURVE ( 'NONE', #4530, #77, #3599, .T. ) ;
#2552 = VERTEX_POINT ( 'NONE', #1054 ) ;
#2553 = VERTEX_POINT ( 'NONE', #1079 ) ;
#2554 = LINE ( 'NONE', #2182, #5080 ) ;
#2555 = DIRECTION ( 'NONE',  ( 0.3236155771181826180, 0.3236155771181824514, -0.8891264907159899256 ) ) ;
#2556 = LINE ( 'NONE', #4185, #1668 ) ;
#2557 = ORIENTED_EDGE ( 'NONE', *, *, #4379, .F. ) ;
#2558 = VECTOR ( 'NONE', #2577, 1000.000000000000000 ) ;
#2559 = CARTESIAN_POINT ( 'NONE',  ( 4.250000000000000000, 1.624999999999999556, 1.250000000000000222 ) ) ;
#2560 = DIRECTION ( 'NONE',  ( -1.000000000000000000, 0.000000000000000000, 0.000000000000000000 ) ) ;
#2561 =( GEOMETRIC_REPRESENTATION_CONTEXT ( 3 ) GLOBAL_UNCERTAINTY_ASSIGNED_CONTEXT ( ( #1854 ) ) GLOBAL_UNIT_ASSIGNED_CONTEXT ( ( #3672, #1231, #4454 ) ) REPRESENTATION_CONTEXT ( 'NONE', 'WORKASPACE' ) );
#2562 = CARTESIAN_POINT ( 'NONE',  ( -3.750000000000000000, -1.750638370251823612E-15, 1.250000000000000666 ) ) ;
#2563 = ORIENTED_EDGE ( 'NONE', *, *, #4818, .T. ) ;
#2564 = CARTESIAN_POINT ( 'NONE',  ( -4.514999999999999680, 5.375000000000000000, 2.225000000000000089 ) ) ;
#2565 = CARTESIAN_POINT ( 'NONE',  ( 0.1500000000000008271, 1.349999999999999645, 7.875000000000000000 ) ) ;
#2566 = EDGE_LOOP ( 'NONE', ( #380, #2201, #3620, #650 ) ) ;
#2567 = VECTOR ( 'NONE', #4047, 1000.000000000000000 ) ;
#2568 = FACE_OUTER_BOUND ( 'NONE', #3793, .T. ) ;
#2569 = EDGE_LOOP ( 'NONE', ( #1885, #2786, #5135, #2403 ) ) ;
#2570 = ORIENTED_EDGE ( 'NONE', *, *, #599, .T. ) ;
#2571 = DIRECTION ( 'NONE',  ( -1.000000000000000000, 0.000000000000000000, 0.000000000000000000 ) ) ;
#2572 = CARTESIAN_POINT ( 'NONE',  ( 5.950000000000000178, 0.9249999999999996003, 2.500000000000000000 ) ) ;
#2573 = ORIENTED_EDGE ( 'NONE', *, *, #4805, .F. ) ;
#2574 = EDGE_CURVE ( 'NONE', #4324, #3197, #3143, .T. ) ;
#2575 = VERTEX_POINT ( 'NONE', #676 ) ;
#2576 = ADVANCED_FACE ( 'NONE', ( #4406 ), #1129, .F. ) ;
#2577 = DIRECTION ( 'NONE',  ( -1.000000000000000000, 0.000000000000000000, 0.000000000000000000 ) ) ;
#2578 = DIRECTION ( 'NONE',  ( -1.000000000000000000, -4.336808689942011820E-16, 0.000000000000000000 ) ) ;
#2579 = EDGE_CURVE ( 'NONE', #1058, #69, #3170, .T. ) ;
#2580 = VERTEX_POINT ( 'NONE', #2669 ) ;
#2581 = EDGE_CURVE ( 'NONE', #2040, #1845, #2274, .T. ) ;
#2582 = LINE ( 'NONE', #4216, #5028 ) ;
#2583 = DIRECTION ( 'NONE',  ( 1.000000000000000000, 0.000000000000000000, -0.000000000000000000 ) ) ;
#2584 = DIRECTION ( 'NONE',  ( -1.000000000000000000, 0.000000000000000000, 0.000000000000000000 ) ) ;
#2585 = EDGE_LOOP ( 'NONE', ( #4632, #1867, #4571, #2257 ) ) ;
#2586 = DIRECTION ( 'NONE',  ( -0.000000000000000000, 0.000000000000000000, 1.000000000000000000 ) ) ;
#2587 = CARTESIAN_POINT ( 'NONE',  ( -0.2500000000000000555, -2.725252258054540189, 1.749999999999999334 ) ) ;
#2588 = EDGE_CURVE ( 'NONE', #1621, #3404, #4735, .T. ) ;
#2589 = CIRCLE ( 'NONE', #2756, 0.6500000000000003553 ) ;
#2590 = ORIENTED_EDGE ( 'NONE', *, *, #1963, .T. ) ;
#2591 = VECTOR ( 'NONE', #3529, 1000.000000000000000 ) ;
#2592 = DIRECTION ( 'NONE',  ( 1.000000000000000000, 0.000000000000000000, -0.000000000000000000 ) ) ;
#2593 = ORIENTED_EDGE ( 'NONE', *, *, #820, .F. ) ;
#2594 = VECTOR ( 'NONE', #61, 1000.000000000000000 ) ;
#2595 = ORIENTED_EDGE ( 'NONE', *, *, #544, .F. ) ;
#2596 = ORIENTED_EDGE ( 'NONE', *, *, #2320, .T. ) ;
#2597 = LINE ( 'NONE', #2624, #2930 ) ;
#2598 = EDGE_LOOP ( 'NONE', ( #4031, #4125, #1359, #3250 ) ) ;
#2599 = DIRECTION ( 'NONE',  ( 0.000000000000000000, -0.9396926207859095381, -0.3420201433256658263 ) ) ;
#2600 = EDGE_CURVE ( 'NONE', #4193, #3663, #1233, .T. ) ;
#2601 = DIRECTION ( 'NONE',  ( -0.000000000000000000, -0.000000000000000000, -1.000000000000000000 ) ) ;
#2602 = CARTESIAN_POINT ( 'NONE',  ( -5.450000000000001954, 6.275000000000004796, -0.1000000000000002137 ) ) ;
#2603 = LINE ( 'NONE', #2212, #2009 ) ;
#2604 = EDGE_CURVE ( 'NONE', #1694, #3200, #1629, .T. ) ;
#2605 = ORIENTED_EDGE ( 'NONE', *, *, #78, .F. ) ;
#2606 = VERTEX_POINT ( 'NONE', #3673 ) ;
#2607 = EDGE_CURVE ( 'NONE', #944, #287, #3705, .T. ) ;
#2608 = DIRECTION ( 'NONE',  ( 0.000000000000000000, -1.000000000000000000, 0.000000000000000000 ) ) ;
#2609 = VECTOR ( 'NONE', #1074, 1000.000000000000000 ) ;
#2610 = ADVANCED_FACE ( 'NONE', ( #401 ), #2902, .F. ) ;
#2611 = ITEM_DEFINED_TRANSFORMATION ( 'NONE', 'NONE', #4007,  #699 ) ;
#2612 = DIRECTION ( 'NONE',  ( -0.000000000000000000, 1.000000000000000000, 1.421904488505579654E-16 ) ) ;
#2613 = AXIS2_PLACEMENT_3D ( 'NONE', #2818, #2003, #4865 ) ;
#2614 = DIRECTION ( 'NONE',  ( -0.000000000000000000, -1.000000000000000000, -0.000000000000000000 ) ) ;
#2615 = EDGE_CURVE ( 'NONE', #808, #4450, #1205, .T. ) ;
#2616 = ORIENTED_EDGE ( 'NONE', *, *, #1083, .T. ) ;
#2617 = FACE_BOUND ( 'NONE', #2162, .T. ) ;
#2618 = LINE ( 'NONE', #229, #3814 ) ;
#2619 = EDGE_LOOP ( 'NONE', ( #452, #2036, #4050, #4138 ) ) ;
#2620 = LINE ( 'NONE', #1061, #4180 ) ;
#2621 = VERTEX_POINT ( 'NONE', #3221 ) ;
#2622 = VERTEX_POINT ( 'NONE', #3732 ) ;
#2623 = AXIS2_PLACEMENT_3D ( 'NONE', #2871, #1626, #4515 ) ;
#2624 = CARTESIAN_POINT ( 'NONE',  ( 3.750000000000000000, 0.000000000000000000, 0.7499999999999995559 ) ) ;
#2625 = ORIENTED_EDGE ( 'NONE', *, *, #2798, .F. ) ;
#2626 = VECTOR ( 'NONE', #2694, 1000.000000000000000 ) ;
#2627 = VERTEX_POINT ( 'NONE', #40 ) ;
#2628 = DIRECTION ( 'NONE',  ( 0.3236155771181827290, -0.3236155771181821739, 0.8891264907159899256 ) ) ;
#2629 = LINE ( 'NONE', #3048, #4432 ) ;
#2630 = VECTOR ( 'NONE', #1257, 1000.000000000000000 ) ;
#2631 = CARTESIAN_POINT ( 'NONE',  ( -4.514999999999999680, 5.375000000000000000, -2.500000000000000000 ) ) ;
#2632 = VECTOR ( 'NONE', #3825, 1000.000000000000000 ) ;
#2633 = LINE ( 'NONE', #3800, #4225 ) ;
#2634 = VECTOR ( 'NONE', #4095, 1000.000000000000000 ) ;
#2635 = ORIENTED_EDGE ( 'NONE', *, *, #980, .T. ) ;
#2636 = ORIENTED_EDGE ( 'NONE', *, *, #664, .F. ) ;
#2637 = DIRECTION ( 'NONE',  ( -0.000000000000000000, -1.000000000000000000, -0.000000000000000000 ) ) ;
#2638 = CARTESIAN_POINT ( 'NONE',  ( 4.950000000000000178, -3.000000000000000000, 0.7500000000000002220 ) ) ;
#2639 = LINE ( 'NONE', #616, #3796 ) ;
#2640 = CARTESIAN_POINT ( 'NONE',  ( -1.749999999999999778, 1.625000000000000222, 0.7500000000000000000 ) ) ;
#2641 = ORIENTED_EDGE ( 'NONE', *, *, #3219, .F. ) ;
#2642 = VECTOR ( 'NONE', #3768, 1000.000000000000000 ) ;
#2643 = EDGE_CURVE ( 'NONE', #4408, #1875, #2454, .T. ) ;
#2644 = STYLED_ITEM ( 'NONE', ( #1925 ), #5127 ) ;
#2645 = EDGE_CURVE ( 'NONE', #2676, #3978, #2426, .T. ) ;
#2646 = CARTESIAN_POINT ( 'NONE',  ( -3.750000000000000000, 6.499999999999997335, -0.7499999999999990008 ) ) ;
#2647 = LINE ( 'NONE', #1791, #586 ) ;
#2648 = DIRECTION ( 'NONE',  ( 0.000000000000000000, 0.000000000000000000, 1.000000000000000000 ) ) ;
#2649 = ORIENTED_EDGE ( 'NONE', *, *, #1912, .T. ) ;
#2650 = CARTESIAN_POINT ( 'NONE',  ( 0.000000000000000000, 0.000000000000000000, 2.400000000000000799 ) ) ;
#2651 = ORIENTED_EDGE ( 'NONE', *, *, #544, .T. ) ;
#2652 = EDGE_LOOP ( 'NONE', ( #639, #3265, #4782, #4721 ) ) ;
#2653 = CARTESIAN_POINT ( 'NONE',  ( 2.250000000000000444, -4.376595925629559029E-16, 1.250000000000000222 ) ) ;
#2654 = DIRECTION ( 'NONE',  ( -0.000000000000000000, 1.000000000000000000, 1.421904488505579654E-16 ) ) ;
#2655 = ORIENTED_EDGE ( 'NONE', *, *, #4115, .T. ) ;
#2656 = EDGE_LOOP ( 'NONE', ( #1801, #4635, #4835, #2701 ) ) ;
#2657 = DIRECTION ( 'NONE',  ( -1.000000000000000000, 0.000000000000000000, -0.000000000000000000 ) ) ;
#2658 = DIRECTION ( 'NONE',  ( -0.000000000000000000, -0.000000000000000000, 1.000000000000000000 ) ) ;
#2659 = LINE ( 'NONE', #3078, #2681 ) ;
#2660 = CARTESIAN_POINT ( 'NONE',  ( 5.950000000000000178, 6.500000000000000000, 2.500000000000000444 ) ) ;
#2661 = AXIS2_PLACEMENT_3D ( 'NONE', #1080, #4736, #698 ) ;
#2662 = VERTEX_POINT ( 'NONE', #3623 ) ;
#2663 = ORIENTED_EDGE ( 'NONE', *, *, #5223, .T. ) ;
#2664 = LINE ( 'NONE', #5243, #1876 ) ;
#2665 = PLANE ( 'NONE',  #827 ) ;
#2666 = CARTESIAN_POINT ( 'NONE',  ( 0.1500000000000008271, -2.999999999999999556, 2.149999999999999911 ) ) ;
#2667 = VERTEX_POINT ( 'NONE', #2842 ) ;
#2668 = LINE ( 'NONE', #2273, #3245 ) ;
#2669 = CARTESIAN_POINT ( 'NONE',  ( 5.450000000000000178, 6.500000000000000888, 0.1250000000000007494 ) ) ;
#2670 = CARTESIAN_POINT ( 'NONE',  ( 3.972363140661015368, 4.314340451562332923, 2.400000000000000799 ) ) ;
#2671 = EDGE_CURVE ( 'NONE', #1563, #1393, #2061, .T. ) ;
#2672 = ORIENTED_EDGE ( 'NONE', *, *, #468, .T. ) ;
#2673 = EDGE_CURVE ( 'NONE', #5096, #274, #1656, .T. ) ;
#2674 = CARTESIAN_POINT ( 'NONE',  ( 0.2500000000000006661, 1.250000000000000000, 2.400000000000000799 ) ) ;
#2675 = DIRECTION ( 'NONE',  ( 0.000000000000000000, 0.000000000000000000, -1.000000000000000000 ) ) ;
#2676 = VERTEX_POINT ( 'NONE', #486 ) ;
#2677 = VERTEX_POINT ( 'NONE', #2031 ) ;
#2678 = CARTESIAN_POINT ( 'NONE',  ( -5.015000000000000568, 6.499999999999998224, -2.500000000000000000 ) ) ;
#2679 = DIRECTION ( 'NONE',  ( -0.000000000000000000, 0.000000000000000000, -1.000000000000000000 ) ) ;
#2680 = ORIENTED_EDGE ( 'NONE', *, *, #1018, .T. ) ;
#2681 = VECTOR ( 'NONE', #4370, 1000.000000000000000 ) ;
#2682 = PLANE ( 'NONE',  #4882 ) ;
#2683 = CARTESIAN_POINT ( 'NONE',  ( -5.950000000000001066, 4.250000000000000000, -0.8500000000000005329 ) ) ;
#2684 = VERTEX_POINT ( 'NONE', #3248 ) ;
#2685 = ORIENTED_EDGE ( 'NONE', *, *, #850, .T. ) ;
#2686 = CARTESIAN_POINT ( 'NONE',  ( -5.950000000000001066, 6.274999999999999467, -0.8500000000000005329 ) ) ;
#2687 = VECTOR ( 'NONE', #2515, 1000.000000000000000 ) ;
#2688 = CARTESIAN_POINT ( 'NONE',  ( -3.690000000000000391, 5.375000000000000000, 2.500000000000000444 ) ) ;
#2689 = FACE_OUTER_BOUND ( 'NONE', #3885, .T. ) ;
#2690 = DIRECTION ( 'NONE',  ( 1.000000000000000000, 0.000000000000000000, 0.000000000000000000 ) ) ;
#2691 = ORIENTED_EDGE ( 'NONE', *, *, #1445, .F. ) ;
#2692 = VECTOR ( 'NONE', #2191, 1000.000000000000000 ) ;
#2693 = FILL_AREA_STYLE_COLOUR ( '', #2908 ) ;
#2694 = DIRECTION ( 'NONE',  ( 0.000000000000000000, 0.000000000000000000, -1.000000000000000000 ) ) ;
#2695 = CARTESIAN_POINT ( 'NONE',  ( -1.749999999999999778, -1.312978777688867807E-15, -1.249999999999999556 ) ) ;
#2696 = VECTOR ( 'NONE', #374, 1000.000000000000000 ) ;
#2697 = ORIENTED_EDGE ( 'NONE', *, *, #4902, .F. ) ;
#2698 = CARTESIAN_POINT ( 'NONE',  ( -5.950000000000000178, -3.000000000000000000, -2.500000000000000000 ) ) ;
#2699 = ORIENTED_EDGE ( 'NONE', *, *, #3219, .T. ) ;
#2700 = CARTESIAN_POINT ( 'NONE',  ( 5.015000000000001457, 6.500000000000000000, -2.225000000000000089 ) ) ;
#2701 = ORIENTED_EDGE ( 'NONE', *, *, #3681, .F. ) ;
#2702 = EDGE_CURVE ( 'NONE', #1971, #4188, #4925, .T. ) ;
#2703 = EDGE_CURVE ( 'NONE', #2021, #322, #774, .T. ) ;
#2704 = CARTESIAN_POINT ( 'NONE',  ( 2.465000000000000302, 1.625000000000000000, -4.870572098594924348 ) ) ;
#2705 = VECTOR ( 'NONE', #1419, 1000.000000000000000 ) ;
#2706 = ADVANCED_FACE ( 'NONE', ( #97 ), #4952, .F. ) ;
#2707 = LINE ( 'NONE', #1936, #4355 ) ;
#2708 = ADVANCED_FACE ( 'NONE', ( #426, #4487 ), #1602, .F. ) ;
#2709 = CARTESIAN_POINT ( 'NONE',  ( 5.449999999999999289, 6.275000000000004796, -0.1000000000000002137 ) ) ;
#2710 = VECTOR ( 'NONE', #3036, 1000.000000000000000 ) ;
#2711 = ADVANCED_FACE ( 'NONE', ( #1262 ), #3279, .T. ) ;
#2712 = VERTEX_POINT ( 'NONE', #2091 ) ;
#2713 = EDGE_LOOP ( 'NONE', ( #3867, #2914, #2384, #36, #3377, #5108, #814, #750, #3376, #3244, #4610, #2734, #3448, #1698, #5230, #1819, #4655, #3573, #1229, #1652, #4895, #1082, #3073, #807 ) ) ;
#2714 = DIRECTION ( 'NONE',  ( 0.7071067811865561215, 0.7071067811865389130, 0.000000000000000000 ) ) ;
#2715 = CARTESIAN_POINT ( 'NONE',  ( 0.000000000000000000, -2.168404344971008868E-16, 7.875000000000000000 ) ) ;
#2716 = CARTESIAN_POINT ( 'NONE',  ( -2.250000000000000444, 1.624999999999998446, -4.870572098594924348 ) ) ;
#2717 = LINE ( 'NONE', #3618, #730 ) ;
#2718 = ORIENTED_EDGE ( 'NONE', *, *, #3553, .T. ) ;
#2719 = DIRECTION ( 'NONE',  ( 0.000000000000000000, 0.000000000000000000, 1.000000000000000000 ) ) ;
#2720 = VERTEX_POINT ( 'NONE', #2507 ) ;
#2721 = CARTESIAN_POINT ( 'NONE',  ( 0.2500000000000002220, 1.625000000000000666, -0.7499999999999993339 ) ) ;
#2722 = FACE_OUTER_BOUND ( 'NONE', #3149, .T. ) ;
#2723 = VECTOR ( 'NONE', #183, 1000.000000000000000 ) ;
#2724 = ORIENTED_EDGE ( 'NONE', *, *, #662, .T. ) ;
#2725 = FACE_OUTER_BOUND ( 'NONE', #4693, .T. ) ;
#2726 = PLANE ( 'NONE',  #2381 ) ;
#2727 = DIRECTION ( 'NONE',  ( 1.000000000000000000, 4.336808689942011820E-16, 0.000000000000000000 ) ) ;
#2728 = ORIENTED_EDGE ( 'NONE', *, *, #1184, .F. ) ;
#2729 = DIRECTION ( 'NONE',  ( 1.084202172485502955E-16, -6.617026289364699094E-17, 1.000000000000000000 ) ) ;
#2730 = CARTESIAN_POINT ( 'NONE',  ( 3.465000000000000302, 1.624999999999999778, 0.7499999999999997780 ) ) ;
#2731 = CARTESIAN_POINT ( 'NONE',  ( -5.950000000000001066, 0.4249999999999999889, 2.149999999999999911 ) ) ;
#2732 = DIRECTION ( 'NONE',  ( -0.000000000000000000, 1.000000000000000000, 1.338521200599385475E-16 ) ) ;
#2733 = EDGE_CURVE ( 'NONE', #932, #4986, #70, .T. ) ;
#2734 = ORIENTED_EDGE ( 'NONE', *, *, #2927, .F. ) ;
#2735 = EDGE_CURVE ( 'NONE', #5241, #3936, #2190, .T. ) ;
#2736 = EDGE_LOOP ( 'NONE', ( #4036, #3261, #396, #8 ) ) ;
#2737 = AXIS2_PLACEMENT_3D ( 'NONE', #127, #1354, #1268 ) ;
#2738 = ADVANCED_FACE ( 'NONE', ( #589 ), #3361, .T. ) ;
#2739 = FACE_OUTER_BOUND ( 'NONE', #4581, .T. ) ;
#2740 = DIRECTION ( 'NONE',  ( -1.000000000000000000, 2.460600675144407758E-16, 0.000000000000000000 ) ) ;
#2741 = VECTOR ( 'NONE', #4383, 1000.000000000000000 ) ;
#2742 = LINE ( 'NONE', #4425, #3737 ) ;
#2743 = ORIENTED_EDGE ( 'NONE', *, *, #752, .T. ) ;
#2744 = FILL_AREA_STYLE ('',( #2693 ) ) ;
#2745 = CARTESIAN_POINT ( 'NONE',  ( -3.465000000000000746, 4.774999999999999467, -8.724999999999999645 ) ) ;
#2746 = DIRECTION ( 'NONE',  ( 1.000000000000000000, 0.000000000000000000, 0.000000000000000000 ) ) ;
#2747 = ORIENTED_EDGE ( 'NONE', *, *, #1279, .T. ) ;
#2748 = ADVANCED_FACE ( 'NONE', ( #3834 ), #1811, .T. ) ;
#2749 = CARTESIAN_POINT ( 'NONE',  ( 3.465000000000000746, 5.150000000000004796, 2.500000000000000444 ) ) ;
#2750 = EDGE_LOOP ( 'NONE', ( #1537, #2982, #4000, #5249 ) ) ;
#2751 = DIRECTION ( 'NONE',  ( -1.000000000000000000, -0.000000000000000000, 0.000000000000000000 ) ) ;
#2752 = DIRECTION ( 'NONE',  ( 0.000000000000000000, -1.000000000000000000, 0.000000000000000000 ) ) ;
#2753 = ORIENTED_EDGE ( 'NONE', *, *, #714, .T. ) ;
#2754 = CARTESIAN_POINT ( 'NONE',  ( -5.950000000000001066, 6.500000000000000000, 0.1250000000000001110 ) ) ;
#2755 = DIRECTION ( 'NONE',  ( -0.000000000000000000, -0.7660444431189765702, -0.6427876096865409172 ) ) ;
#2756 = AXIS2_PLACEMENT_3D ( 'NONE', #824, #910, #2448 ) ;
#2757 = EDGE_LOOP ( 'NONE', ( #4162, #4212, #4048, #5021 ) ) ;
#2758 = ORIENTED_EDGE ( 'NONE', *, *, #4872, .T. ) ;
#2759 = CIRCLE ( 'NONE', #5242, 0.1499999999999999667 ) ;
#2760 = CARTESIAN_POINT ( 'NONE',  ( -0.1500000000000000500, -2.999999999999999556, 3.499999999999999556 ) ) ;
#2761 = VECTOR ( 'NONE', #1922, 1000.000000000000000 ) ;
#2762 = PLANE ( 'NONE',  #5010 ) ;
#2763 = EDGE_CURVE ( 'NONE', #5104, #3707, #914, .T. ) ;
#2764 = DIRECTION ( 'NONE',  ( 1.000000000000000000, -2.168404344971009115E-16, 0.000000000000000000 ) ) ;
#2765 = CARTESIAN_POINT ( 'NONE',  ( 0.000000000000000000, -2.999999999999999556, 3.499999999999999112 ) ) ;
#2766 = EDGE_LOOP ( 'NONE', ( #4630, #3472, #667, #5151 ) ) ;
#2767 = ADVANCED_FACE ( 'NONE', ( #4978 ), #1420, .T. ) ;
#2768 = SHAPE_REPRESENTATION_RELATIONSHIP ( 'NONE' , 'NONE' ,  #1488, #5127 ) ;
#2769 = PLANE ( 'NONE',  #1272 ) ;
#2770 = LINE ( 'NONE', #3524, #2741 ) ;
#2771 = EDGE_CURVE ( 'NONE', #4200, #1332, #615, .T. ) ;
#2772 = ORIENTED_EDGE ( 'NONE', *, *, #3064, .T. ) ;
#2773 = LINE ( 'NONE', #4410, #5042 ) ;
#2774 = AXIS2_PLACEMENT_3D ( 'NONE', #1323, #41, #2062 ) ;
#2775 = AXIS2_PLACEMENT_3D ( 'NONE', #5251, #4099, #1226 ) ;
#2776 = DIRECTION ( 'NONE',  ( 0.000000000000000000, -1.000000000000000000, -0.000000000000000000 ) ) ;
#2777 = ORIENTED_EDGE ( 'NONE', *, *, #180, .F. ) ;
#2778 = DIRECTION ( 'NONE',  ( 0.7071067811865563435, -0.7071067811865388020, 0.000000000000000000 ) ) ;
#2779 = CARTESIAN_POINT ( 'NONE',  ( 1.749999999999999778, 1.625000000000001110, 1.250000000000000222 ) ) ;
#2780 = VERTEX_POINT ( 'NONE', #3804 ) ;
#2781 = CARTESIAN_POINT ( 'NONE',  ( 5.950000000000000178, 0.9250000000000000444, 2.149999999999999911 ) ) ;
#2782 = LINE ( 'NONE', #3239, #2594 ) ;
#2783 = CARTESIAN_POINT ( 'NONE',  ( 2.250000000000000444, 1.625000000000001110, -0.7499999999999994449 ) ) ;
#2784 = VERTEX_POINT ( 'NONE', #4999 ) ;
#2785 = DIRECTION ( 'NONE',  ( 1.000000000000000000, 0.000000000000000000, -0.000000000000000000 ) ) ;
#2786 = ORIENTED_EDGE ( 'NONE', *, *, #4667, .T. ) ;
#2787 = CARTESIAN_POINT ( 'NONE',  ( 0.2500000000000006661, -2.725252258054540189, 2.250000000000000000 ) ) ;
#2788 = CARTESIAN_POINT ( 'NONE',  ( 0.1342909437369697034, -3.043160277363617272, -0.1342909437369699532 ) ) ;
#2789 = VECTOR ( 'NONE', #4817, 1000.000000000000000 ) ;
#2790 = EDGE_CURVE ( 'NONE', #605, #5012, #172, .T. ) ;
#2791 = VERTEX_POINT ( 'NONE', #3337 ) ;
#2792 = EDGE_CURVE ( 'NONE', #3929, #4961, #4166, .T. ) ;
#2793 = CARTESIAN_POINT ( 'NONE',  ( 3.465000000000000746, 5.150000000000004796, -4.870572098594924348 ) ) ;
#2794 = DIRECTION ( 'NONE',  ( 0.000000000000000000, 0.000000000000000000, -1.000000000000000000 ) ) ;
#2795 = ORIENTED_EDGE ( 'NONE', *, *, #3253, .T. ) ;
#2796 = VERTEX_POINT ( 'NONE', #2145 ) ;
#2797 = VECTOR ( 'NONE', #1615, 1000.000000000000000 ) ;
#2798 = EDGE_CURVE ( 'NONE', #1343, #761, #3030, .T. ) ;
#2799 = CIRCLE ( 'NONE', #12, 0.6500000000000001332 ) ;
#2800 = DIRECTION ( 'NONE',  ( 0.000000000000000000, 0.000000000000000000, 1.000000000000000000 ) ) ;
#2801 = EDGE_LOOP ( 'NONE', ( #3795, #4918, #4059, #4553 ) ) ;
#2802 = PRODUCT_DEFINITION_FORMATION_WITH_SPECIFIED_SOURCE ( 'ANY', '', #2153, .NOT_KNOWN. ) ;
#2803 = DIRECTION ( 'NONE',  ( -1.000000000000000000, 0.000000000000000000, -0.000000000000000000 ) ) ;
#2804 = CARTESIAN_POINT ( 'NONE',  ( 1.465000000000000080, 1.624999999999999334, -0.7499999999999996669 ) ) ;
#2805 = LINE ( 'NONE', #4801, #5086 ) ;
#2806 = LINE ( 'NONE', #2076, #1918 ) ;
#2807 = ORIENTED_EDGE ( 'NONE', *, *, #721, .T. ) ;
#2808 = ADVANCED_FACE ( 'NONE', ( #4574 ), #4673, .T. ) ;
#2809 = CARTESIAN_POINT ( 'NONE',  ( 2.465000000000000746, 5.149999999999999467, 2.224999999999999645 ) ) ;
#2810 = LINE ( 'NONE', #768, #2093 ) ;
#2811 = ORIENTED_EDGE ( 'NONE', *, *, #3909, .T. ) ;
#2812 = VECTOR ( 'NONE', #1339, 1000.000000000000000 ) ;
#2813 = VERTEX_POINT ( 'NONE', #1786 ) ;
#2814 = DIRECTION ( 'NONE',  ( 0.000000000000000000, 0.000000000000000000, -1.000000000000000000 ) ) ;
#2815 = FACE_OUTER_BOUND ( 'NONE', #1133, .T. ) ;
#2816 = CARTESIAN_POINT ( 'NONE',  ( 6.000000000000000000, 3.577867169202160010E-18, 0.000000000000000000 ) ) ;
#2817 = ORIENTED_EDGE ( 'NONE', *, *, #664, .T. ) ;
#2818 = CARTESIAN_POINT ( 'NONE',  ( 0.000000000000000000, 3.100000000000000089, 0.4000000000000001887 ) ) ;
#2819 = FACE_OUTER_BOUND ( 'NONE', #1763, .T. ) ;
#2820 = EDGE_LOOP ( 'NONE', ( #4233, #1433, #2825, #4227 ) ) ;
#2821 = EDGE_CURVE ( 'NONE', #2253, #1694, #3760, .T. ) ;
#2822 = DIRECTION ( 'NONE',  ( 0.000000000000000000, -1.000000000000000000, 0.000000000000000000 ) ) ;
#2823 = LINE ( 'NONE', #330, #1894 ) ;
#2824 = EDGE_CURVE ( 'NONE', #3190, #2677, #4272, .T. ) ;
#2825 = ORIENTED_EDGE ( 'NONE', *, *, #4966, .T. ) ;
#2826 = EDGE_CURVE ( 'NONE', #1823, #1160, #3006, .T. ) ;
#2827 = EDGE_CURVE ( 'NONE', #274, #2253, #4645, .T. ) ;
#2828 = PLANE ( 'NONE',  #5203 ) ;
#2829 = LINE ( 'NONE', #4466, #1278 ) ;
#2830 = DIRECTION ( 'NONE',  ( -1.000000000000000000, 0.000000000000000000, -0.000000000000000000 ) ) ;
#2831 = LINE ( 'NONE', #3294, #904 ) ;
#2832 = EDGE_CURVE ( 'NONE', #2845, #1232, #3860, .T. ) ;
#2833 = ORIENTED_EDGE ( 'NONE', *, *, #4045, .T. ) ;
#2834 = DIRECTION ( 'NONE',  ( 0.7071067811865561215, 0.7071067811865389130, -0.000000000000000000 ) ) ;
#2835 = CARTESIAN_POINT ( 'NONE',  ( -0.2500000000000002220, 1.624999999999998890, -4.870572098594924348 ) ) ;
#2836 = DIRECTION ( 'NONE',  ( 0.000000000000000000, -0.7071067811865393571, -0.7071067811865555663 ) ) ;
#2837 = ORIENTED_EDGE ( 'NONE', *, *, #3118, .F. ) ;
#2838 = ORIENTED_EDGE ( 'NONE', *, *, #753, .T. ) ;
#2839 = EDGE_CURVE ( 'NONE', #3216, #2667, #123, .T. ) ;
#2840 = VECTOR ( 'NONE', #1822, 1000.000000000000000 ) ;
#2841 = CARTESIAN_POINT ( 'NONE',  ( -5.124999999999999112, 3.649999999999999911, 2.224999999999999645 ) ) ;
#2842 = CARTESIAN_POINT ( 'NONE',  ( 3.465000000000000302, 1.624999999999999778, 2.500000000000000444 ) ) ;
#2843 = AXIS2_PLACEMENT_3D ( 'NONE', #1805, #3755, #1782 ) ;
#2844 = DIRECTION ( 'NONE',  ( 1.000000000000000000, 0.000000000000000000, -0.000000000000000000 ) ) ;
#2845 = VERTEX_POINT ( 'NONE', #3780 ) ;
#2846 = DIRECTION ( 'NONE',  ( 1.000000000000000000, 2.869677711329156774E-32, -4.336808689942011327E-16 ) ) ;
#2847 = VECTOR ( 'NONE', #350, 1000.000000000000000 ) ;
#2848 = CARTESIAN_POINT ( 'NONE',  ( -2.240000000000005986, 5.375000000000000000, -8.724999999999999645 ) ) ;
#2849 = EDGE_LOOP ( 'NONE', ( #2389, #251, #2006, #2168 ) ) ;
#2850 = MECHANICAL_DESIGN_GEOMETRIC_PRESENTATION_REPRESENTATION (  '', ( #996 ), #1240 ) ;
#2851 = LINE ( 'NONE', #3315, #838 ) ;
#2852 = CARTESIAN_POINT ( 'NONE',  ( -5.950000000000000178, -1.808246407405795342, 1.750000000000000222 ) ) ;
#2853 = ORIENTED_EDGE ( 'NONE', *, *, #5130, .T. ) ;
#2854 = DIRECTION ( 'NONE',  ( 1.000000000000000000, -0.000000000000000000, -0.000000000000000000 ) ) ;
#2855 = DIRECTION ( 'NONE',  ( 1.000000000000000000, -2.168404344971009115E-16, 0.000000000000000000 ) ) ;
#2856 = VERTEX_POINT ( 'NONE', #271 ) ;
#2857 = DIRECTION ( 'NONE',  ( -1.000000000000000000, 0.000000000000000000, 0.000000000000000000 ) ) ;
#2858 = EDGE_CURVE ( 'NONE', #225, #944, #2337, .T. ) ;
#2859 = FACE_OUTER_BOUND ( 'NONE', #3062, .T. ) ;
#2860 = EDGE_CURVE ( 'NONE', #3492, #520, #2268, .T. ) ;
#2861 = ORIENTED_EDGE ( 'NONE', *, *, #902, .T. ) ;
#2862 = ADVANCED_FACE ( 'NONE', ( #2296 ), #1442, .F. ) ;
#2863 = LINE ( 'NONE', #2080, #1449 ) ;
#2864 = LINE ( 'NONE', #60, #2303 ) ;
#2865 = PLANE ( 'NONE',  #3378 ) ;
#2866 = ADVANCED_FACE ( 'NONE', ( #3888 ), #3515, .F. ) ;
#2867 = CARTESIAN_POINT ( 'NONE',  ( -0.2500000000000000555, 1.100000000000000533, 1.749999999999999778 ) ) ;
#2868 = EDGE_LOOP ( 'NONE', ( #4049, #4591, #4463, #4247 ) ) ;
#2869 = ORIENTED_EDGE ( 'NONE', *, *, #594, .F. ) ;
#2870 = ORIENTED_EDGE ( 'NONE', *, *, #3557, .T. ) ;
#2871 = CARTESIAN_POINT ( 'NONE',  ( 0.2500000000000004441, 3.250000000000000000, 7.600252258054534416 ) ) ;
#2872 = CARTESIAN_POINT ( 'NONE',  ( 4.000000000000000000, 2.385244779468106673E-18, 0.000000000000000000 ) ) ;
#2873 = CARTESIAN_POINT ( 'NONE',  ( 4.250000000000000000, 6.500000000000000000, 0.7499999999999995559 ) ) ;
#2874 = AXIS2_PLACEMENT_3D ( 'NONE', #4135, #4572, #913 ) ;
#2875 = CARTESIAN_POINT ( 'NONE',  ( 0.2500000000000006661, -2.999999999999999556, 2.250000000000000000 ) ) ;
#2876 = VECTOR ( 'NONE', #253, 1000.000000000000000 ) ;
#2877 = ORIENTED_EDGE ( 'NONE', *, *, #1569, .T. ) ;
#2878 = DIRECTION ( 'NONE',  ( 0.000000000000000000, -1.000000000000000000, 0.000000000000000000 ) ) ;
#2879 = VECTOR ( 'NONE', #442, 1000.000000000000000 ) ;
#2880 = COLOUR_RGB ( '',0.7960784313725489669, 0.8235294117647058432, 0.9372549019607843146 ) ;
#2881 = LINE ( 'NONE', #5038, #1976 ) ;
#2882 = EDGE_LOOP ( 'NONE', ( #1980, #279, #3966, #339 ) ) ;
#2883 = DIRECTION ( 'NONE',  ( -1.000000000000000000, -7.228014483236699514E-16, 0.000000000000000000 ) ) ;
#2884 = ORIENTED_EDGE ( 'NONE', *, *, #1792, .F. ) ;
#2885 = DIRECTION ( 'NONE',  ( 0.000000000000000000, -1.421904488505579654E-16, 1.000000000000000000 ) ) ;
#2886 = LINE ( 'NONE', #3718, #4544 ) ;
#2887 = CARTESIAN_POINT ( 'NONE',  ( 0.000000000000000000, 3.649999999999999467, 7.875000000000000000 ) ) ;
#2888 = CARTESIAN_POINT ( 'NONE',  ( 5.450000000000000178, -10.14838099273102046, 2.225000000000000089 ) ) ;
#2889 = AXIS2_PLACEMENT_3D ( 'NONE', #1185, #256, #1084 ) ;
#2890 = ORIENTED_EDGE ( 'NONE', *, *, #140, .F. ) ;
#2891 = AXIS2_PLACEMENT_3D ( 'NONE', #1261, #38, #3645 ) ;
#2892 = LINE ( 'NONE', #878, #4516 ) ;
#2893 = EDGE_CURVE ( 'NONE', #4408, #4889, #4808, .T. ) ;
#2894 = CARTESIAN_POINT ( 'NONE',  ( 4.250000000000000000, 0.000000000000000000, 1.250000000000000000 ) ) ;
#2895 = CARTESIAN_POINT ( 'NONE',  ( -4.514999999999999680, 5.375000000000000000, -2.500000000000000000 ) ) ;
#2896 = DIRECTION ( 'NONE',  ( 1.000000000000000000, 0.000000000000000000, 0.000000000000000000 ) ) ;
#2897 = ADVANCED_FACE ( 'NONE', ( #247 ), #5204, .F. ) ;
#2898 = ORIENTED_EDGE ( 'NONE', *, *, #2544, .F. ) ;
#2899 = EDGE_CURVE ( 'NONE', #307, #4330, #5154, .T. ) ;
#2900 = LINE ( 'NONE', #2057, #2288 ) ;
#2901 = CARTESIAN_POINT ( 'NONE',  ( -0.2500000000000002220, 6.499999999999998224, -1.249999999999999556 ) ) ;
#2902 = CYLINDRICAL_SURFACE ( 'NONE', #2613, 0.1499999999999999667 ) ;
#2903 = DIRECTION ( 'NONE',  ( 1.000000000000000000, 0.000000000000000000, 0.000000000000000000 ) ) ;
#2904 = EDGE_CURVE ( 'NONE', #4597, #2489, #3165, .T. ) ;
#2905 = ORIENTED_EDGE ( 'NONE', *, *, #4213, .F. ) ;
#2906 = DIRECTION ( 'NONE',  ( 0.3236155771181866703, -0.8891264907159868169, -0.3236155771181865592 ) ) ;
#2907 = PLANE ( 'NONE',  #3065 ) ;
#2908 = COLOUR_RGB ( '',1.000000000000000000, 1.000000000000000000, 1.000000000000000000 ) ;
#2909 = CARTESIAN_POINT ( 'NONE',  ( -4.950000000000000178, -3.000000000000000000, 0.7500000000000002220 ) ) ;
#2910 = VECTOR ( 'NONE', #2746, 1000.000000000000000 ) ;
#2911 = ORIENTED_EDGE ( 'NONE', *, *, #3023, .F. ) ;
#2912 = EDGE_CURVE ( 'NONE', #583, #4291, #1548, .T. ) ;
#2913 = FACE_OUTER_BOUND ( 'NONE', #128, .T. ) ;
#2914 = ORIENTED_EDGE ( 'NONE', *, *, #2441, .F. ) ;
#2915 = CARTESIAN_POINT ( 'NONE',  ( 3.750000000000000000, 1.624999999999999778, -4.870572098594924348 ) ) ;
#2916 = ORIENTED_EDGE ( 'NONE', *, *, #1446, .F. ) ;
#2917 = DIRECTION ( 'NONE',  ( 0.000000000000000000, -1.421904488505579654E-16, 1.000000000000000000 ) ) ;
#2918 = DIRECTION ( 'NONE',  ( 0.000000000000000000, 0.000000000000000000, -1.000000000000000000 ) ) ;
#2919 = DIRECTION ( 'NONE',  ( -1.000000000000000000, -0.000000000000000000, 0.000000000000000000 ) ) ;
#2920 = ORIENTED_EDGE ( 'NONE', *, *, #3069, .F. ) ;
#2921 = DIRECTION ( 'NONE',  ( 0.000000000000000000, -1.199175254041795517E-16, 1.000000000000000000 ) ) ;
#2922 = DIRECTION ( 'NONE',  ( -0.000000000000000000, -0.000000000000000000, 1.000000000000000000 ) ) ;
#2923 = EDGE_LOOP ( 'NONE', ( #3331, #1608, #3503, #19 ) ) ;
#2924 = LINE ( 'NONE', #5081, #2202 ) ;
#2925 = DIRECTION ( 'NONE',  ( -0.000000000000000000, -0.000000000000000000, 1.000000000000000000 ) ) ;
#2926 = PLANE ( 'NONE',  #2992 ) ;
#2927 = EDGE_CURVE ( 'NONE', #4450, #4617, #1499, .T. ) ;
#2928 = ORIENTED_EDGE ( 'NONE', *, *, #3909, .F. ) ;
#2929 = EDGE_CURVE ( 'NONE', #1127, #3537, #1099, .T. ) ;
#2930 = VECTOR ( 'NONE', #4229, 1000.000000000000000 ) ;
#2931 = LINE ( 'NONE', #2485, #3638 ) ;
#2932 = EDGE_CURVE ( 'NONE', #3358, #3832, #5179, .T. ) ;
#2933 = DIRECTION ( 'NONE',  ( 1.000000000000000000, 0.000000000000000000, -0.000000000000000000 ) ) ;
#2934 = ORIENTED_EDGE ( 'NONE', *, *, #4248, .F. ) ;
#2935 = DIRECTION ( 'NONE',  ( 0.000000000000000000, -1.000000000000000000, 0.000000000000000000 ) ) ;
#2936 = ORIENTED_EDGE ( 'NONE', *, *, #984, .T. ) ;
#2937 = CARTESIAN_POINT ( 'NONE',  ( -4.250000000000000000, 6.499999999999997335, 1.250000000000000666 ) ) ;
#2938 = LINE ( 'NONE', #2133, #1497 ) ;
#2939 = PLANE ( 'NONE',  #176 ) ;
#2940 = DIRECTION ( 'NONE',  ( 0.000000000000000000, 0.000000000000000000, 1.000000000000000000 ) ) ;
#2941 = VECTOR ( 'NONE', #1234, 1000.000000000000114 ) ;
#2942 = ORIENTED_EDGE ( 'NONE', *, *, #1181, .T. ) ;
#2943 = CARTESIAN_POINT ( 'NONE',  ( 2.250000000000000444, 1.625000000000000000, 1.250000000000000222 ) ) ;
#2944 = LINE ( 'NONE', #962, #2558 ) ;
#2945 = LINE ( 'NONE', #4564, #1826 ) ;
#2946 = DIRECTION ( 'NONE',  ( -2.168404344971008868E-16, -1.000000000000000000, 0.000000000000000000 ) ) ;
#2947 = CARTESIAN_POINT ( 'NONE',  ( 0.2500000000000006661, 1.249999999999999778, 7.600252258054536192 ) ) ;
#2948 = VECTOR ( 'NONE', #3108, 999.9999999999998863 ) ;
#2949 = ORIENTED_EDGE ( 'NONE', *, *, #2600, .F. ) ;
#2950 = ORIENTED_EDGE ( 'NONE', *, *, #3648, .T. ) ;
#2951 = FACE_OUTER_BOUND ( 'NONE', #3792, .T. ) ;
#2952 = CARTESIAN_POINT ( 'NONE',  ( 1.749999999999999778, 6.499999999999999112, -1.249999999999999778 ) ) ;
#2953 = DIRECTION ( 'NONE',  ( 0.000000000000000000, -0.3420201433256697121, 0.9396926207859080948 ) ) ;
#2954 = EDGE_LOOP ( 'NONE', ( #4640, #4239, #245, #438 ) ) ;
#2955 = AXIS2_PLACEMENT_3D ( 'NONE', #2533, #4165, #1715 ) ;
#2956 = DIRECTION ( 'NONE',  ( 1.084202172485502832E-16, 0.000000000000000000, 1.000000000000000000 ) ) ;
#2957 = DIRECTION ( 'NONE',  ( 0.7071067811865550112, 0.7071067811865400232, -0.000000000000000000 ) ) ;
#2958 = ADVANCED_FACE ( 'NONE', ( #1147 ), #5106, .T. ) ;
#2959 = VECTOR ( 'NONE', #2846, 1000.000000000000000 ) ;
#2960 = LINE ( 'NONE', #545, #4194 ) ;
#2961 = ORIENTED_EDGE ( 'NONE', *, *, #4907, .T. ) ;
#2962 = ADVANCED_FACE ( 'NONE', ( #220 ), #2665, .F. ) ;
#2963 = ADVANCED_FACE ( 'NONE', ( #2366 ), #1073, .F. ) ;
#2964 = LINE ( 'NONE', #3420, #421 ) ;
#2965 = ORIENTED_EDGE ( 'NONE', *, *, #3454, .T. ) ;
#2966 = ORIENTED_EDGE ( 'NONE', *, *, #3586, .T. ) ;
#2967 = DIRECTION ( 'NONE',  ( -1.000000000000000000, -1.230300337572201660E-16, 0.000000000000000000 ) ) ;
#2968 = DIRECTION ( 'NONE',  ( -1.000000000000000000, -9.605334861444114745E-17, 0.000000000000000000 ) ) ;
#2969 = DIRECTION ( 'NONE',  ( -0.000000000000000000, -1.239088197126290669E-15, 1.000000000000000000 ) ) ;
#2970 = ORIENTED_EDGE ( 'NONE', *, *, #1912, .F. ) ;
#2971 = EDGE_CURVE ( 'NONE', #5119, #2132, #3463, .T. ) ;
#2972 = ORIENTED_EDGE ( 'NONE', *, *, #4746, .F. ) ;
#2973 = LINE ( 'NONE', #1388, #1659 ) ;
#2974 = LINE ( 'NONE', #1389, #946 ) ;
#2975 = DIRECTION ( 'NONE',  ( 0.000000000000000000, 0.000000000000000000, -1.000000000000000000 ) ) ;
#2976 = VERTEX_POINT ( 'NONE', #4785 ) ;
#2977 = ORIENTED_EDGE ( 'NONE', *, *, #3808, .F. ) ;
#2978 = VECTOR ( 'NONE', #2555, 1000.000000000000000 ) ;
#2979 = CARTESIAN_POINT ( 'NONE',  ( -0.1500000000000002442, 1.650000000000000577, 7.875000000000000000 ) ) ;
#2980 = DIRECTION ( 'NONE',  ( -0.000000000000000000, 0.000000000000000000, 1.000000000000000000 ) ) ;
#2981 = LINE ( 'NONE', #4191, #3713 ) ;
#2982 = ORIENTED_EDGE ( 'NONE', *, *, #4896, .T. ) ;
#2983 = DIRECTION ( 'NONE',  ( 0.000000000000000000, 0.000000000000000000, -1.000000000000000000 ) ) ;
#2984 = CARTESIAN_POINT ( 'NONE',  ( -1.749999999999999778, 6.499999999999998224, 0.7500000000000000000 ) ) ;
#2985 = ORIENTED_EDGE ( 'NONE', *, *, #2344, .F. ) ;
#2986 = VECTOR ( 'NONE', #1490, 1000.000000000000000 ) ;
#2987 = ADVANCED_FACE ( 'NONE', ( #2739 ), #712, .T. ) ;
#2988 = AXIS2_PLACEMENT_3D ( 'NONE', #3892, #1375, #542 ) ;
#2989 = DIRECTION ( 'NONE',  ( 0.000000000000000000, 0.7071067811865561215, -0.7071067811865390240 ) ) ;
#2990 = VERTEX_POINT ( 'NONE', #3185 ) ;
#2991 = ADVANCED_FACE ( 'NONE', ( #1994 ), #1282, .F. ) ;
#2992 = AXIS2_PLACEMENT_3D ( 'NONE', #2033, #2844, #833 ) ;
#2993 = ORIENTED_EDGE ( 'NONE', *, *, #2250, .T. ) ;
#2994 = CARTESIAN_POINT ( 'NONE',  ( 4.950000000000000178, 0.000000000000000000, 1.750000000000000444 ) ) ;
#2995 = VERTEX_POINT ( 'NONE', #2894 ) ;
#2996 = EDGE_CURVE ( 'NONE', #1999, #2575, #4478, .T. ) ;
#2997 = EDGE_CURVE ( 'NONE', #2476, #1398, #4535, .T. ) ;
#2998 = ORIENTED_EDGE ( 'NONE', *, *, #2832, .F. ) ;
#2999 = FACE_OUTER_BOUND ( 'NONE', #4919, .T. ) ;
#3000 = CARTESIAN_POINT ( 'NONE',  ( 1.749999999999999778, 6.499999999999999112, 1.250000000000000222 ) ) ;
#3001 = CARTESIAN_POINT ( 'NONE',  ( -5.950000000000001066, 6.500000000000000000, 0.1250000000000001110 ) ) ;
#3002 = CARTESIAN_POINT ( 'NONE',  ( -4.250000000000000000, 6.499999999999997335, 0.7500000000000001110 ) ) ;
#3003 = EDGE_LOOP ( 'NONE', ( #4513, #791, #4449, #2330 ) ) ;
#3004 = ORIENTED_EDGE ( 'NONE', *, *, #4181, .F. ) ;
#3005 = CARTESIAN_POINT ( 'NONE',  ( -5.950000000000001066, 4.250000000000000000, -0.8500000000000005329 ) ) ;
#3006 = LINE ( 'NONE', #941, #918 ) ;
#3007 = LINE ( 'NONE', #3436, #4057 ) ;
#3008 = VERTEX_POINT ( 'NONE', #416 ) ;
#3009 = DIRECTION ( 'NONE',  ( -1.000000000000000000, -1.146823756899791055E-32, 1.084202172485502832E-16 ) ) ;
#3010 = DIRECTION ( 'NONE',  ( -0.000000000000000000, -1.000000000000000000, -0.000000000000000000 ) ) ;
#3011 = VECTOR ( 'NONE', #2854, 1000.000000000000000 ) ;
#3012 = ORIENTED_EDGE ( 'NONE', *, *, #5196, .F. ) ;
#3013 = VECTOR ( 'NONE', #109, 1000.000000000000000 ) ;
#3014 = DIRECTION ( 'NONE',  ( 1.000000000000000000, 4.336808689942011820E-16, 0.000000000000000000 ) ) ;
#3015 = VECTOR ( 'NONE', #5181, 1000.000000000000000 ) ;
#3016 = ORIENTED_EDGE ( 'NONE', *, *, #2056, .F. ) ;
#3017 = ORIENTED_EDGE ( 'NONE', *, *, #303, .T. ) ;
#3018 = CARTESIAN_POINT ( 'NONE',  ( 0.2500000000000006661, -2.999999999999999556, 2.250000000000000000 ) ) ;
#3019 = ORIENTED_EDGE ( 'NONE', *, *, #5163, .F. ) ;
#3020 = FACE_BOUND ( 'NONE', #3895, .T. ) ;
#3021 = PLANE ( 'NONE',  #4182 ) ;
#3022 = LINE ( 'NONE', #2602, #1921 ) ;
#3023 = EDGE_CURVE ( 'NONE', #3550, #1820, #2081, .T. ) ;
#3024 = ORIENTED_EDGE ( 'NONE', *, *, #2511, .F. ) ;
#3025 = EDGE_CURVE ( 'NONE', #72, #120, #4830, .T. ) ;
#3026 = EDGE_CURVE ( 'NONE', #1977, #2791, #767, .T. ) ;
#3027 = ORIENTED_EDGE ( 'NONE', *, *, #4636, .F. ) ;
#3028 = LINE ( 'NONE', #3912, #3210 ) ;
#3029 = AXIS2_PLACEMENT_3D ( 'NONE', #3761, #942, #3032 ) ;
#3030 = LINE ( 'NONE', #1396, #1844 ) ;
#3031 = VECTOR ( 'NONE', #3540, 1000.000000000000000 ) ;
#3032 = DIRECTION ( 'NONE',  ( 0.000000000000000000, -0.000000000000000000, 1.000000000000000000 ) ) ;
#3033 = LINE ( 'NONE', #1020, #50 ) ;
#3034 = EDGE_LOOP ( 'NONE', ( #336, #4788, #4275, #3373 ) ) ;
#3035 = CARTESIAN_POINT ( 'NONE',  ( -4.250000000000000000, 6.499999999999997335, 0.7500000000000001110 ) ) ;
#3036 = DIRECTION ( 'NONE',  ( 0.000000000000000000, 0.000000000000000000, -1.000000000000000000 ) ) ;
#3037 = DIRECTION ( 'NONE',  ( 0.000000000000000000, 0.000000000000000000, 1.000000000000000000 ) ) ;
#3038 = ORIENTED_EDGE ( 'NONE', *, *, #51, .F. ) ;
#3039 = EDGE_CURVE ( 'NONE', #801, #2253, #2864, .T. ) ;
#3040 = CARTESIAN_POINT ( 'NONE',  ( -4.950000000000000178, 0.000000000000000000, 1.750000000000000444 ) ) ;
#3041 = EDGE_LOOP ( 'NONE', ( #2861, #1472, #5129, #3364, #2655, #4085, #4748, #3113, #3991, #5207, #2394, #2942, #3595, #2214, #5146, #1616, #1065, #795, #3641, #3684, #4141, #4076, #1744, #1624 ) ) ;
#3042 = ORIENTED_EDGE ( 'NONE', *, *, #854, .T. ) ;
#3043 = AXIS2_PLACEMENT_3D ( 'NONE', #3057, #3606, #2714 ) ;
#3044 = CARTESIAN_POINT ( 'NONE',  ( -4.500000000000000000, 3.649999999999999911, -4.870572098594924348 ) ) ;
#3045 = ORIENTED_EDGE ( 'NONE', *, *, #4775, .F. ) ;
#3046 = ORIENTED_EDGE ( 'NONE', *, *, #4878, .T. ) ;
#3047 = PLANE ( 'NONE',  #467 ) ;
#3048 = CARTESIAN_POINT ( 'NONE',  ( 4.514999999999999680, 5.375000000000000000, -2.500000000000000000 ) ) ;
#3049 = VECTOR ( 'NONE', #4793, 1000.000000000000000 ) ;
#3050 = FACE_OUTER_BOUND ( 'NONE', #1222, .T. ) ;
#3051 = AXIS2_PLACEMENT_3D ( 'NONE', #1336, #4908, #2467 ) ;
#3052 = DIRECTION ( 'NONE',  ( 1.000000000000000000, -0.000000000000000000, -0.000000000000000000 ) ) ;
#3053 = AXIS2_PLACEMENT_3D ( 'NONE', #2498, #4207, #2524 ) ;
#3054 = ORIENTED_EDGE ( 'NONE', *, *, #3332, .T. ) ;
#3055 = ORIENTED_EDGE ( 'NONE', *, *, #4843, .F. ) ;
#3056 = ADVANCED_FACE ( 'NONE', ( #4504 ), #1622, .F. ) ;
#3057 = CARTESIAN_POINT ( 'NONE',  ( 4.765000000000000568, 5.624999999999994671, -2.500000000000000000 ) ) ;
#3058 = DIRECTION ( 'NONE',  ( 1.000000000000000000, 2.168404344971008868E-16, -0.000000000000000000 ) ) ;
#3059 = DIRECTION ( 'NONE',  ( -0.000000000000000000, 0.000000000000000000, -1.000000000000000000 ) ) ;
#3060 = EDGE_CURVE ( 'NONE', #3273, #4677, #2445, .T. ) ;
#3061 = CARTESIAN_POINT ( 'NONE',  ( -0.2500000000000002220, 6.499999999999998224, 1.250000000000000444 ) ) ;
#3062 = EDGE_LOOP ( 'NONE', ( #488, #168, #133, #4387 ) ) ;
#3063 = VECTOR ( 'NONE', #3014, 1000.000000000000000 ) ;
#3064 = EDGE_CURVE ( 'NONE', #3925, #5152, #2051, .T. ) ;
#3065 = AXIS2_PLACEMENT_3D ( 'NONE', #492, #17, #1266 ) ;
#3066 = DIRECTION ( 'NONE',  ( 0.000000000000000000, -0.000000000000000000, 1.000000000000000000 ) ) ;
#3067 = FACE_OUTER_BOUND ( 'NONE', #266, .T. ) ;
#3068 = DIRECTION ( 'NONE',  ( -0.000000000000000000, -0.000000000000000000, 1.000000000000000000 ) ) ;
#3069 = EDGE_CURVE ( 'NONE', #3935, #523, #2799, .T. ) ;
#3070 = VERTEX_POINT ( 'NONE', #4020 ) ;
#3071 = FACE_OUTER_BOUND ( 'NONE', #563, .T. ) ;
#3072 = ORIENTED_EDGE ( 'NONE', *, *, #459, .F. ) ;
#3073 = ORIENTED_EDGE ( 'NONE', *, *, #2101, .F. ) ;
#3074 = LINE ( 'NONE', #4290, #3783 ) ;
#3075 = VERTEX_POINT ( 'NONE', #1680 ) ;
#3076 = LINE ( 'NONE', #4234, #2632 ) ;
#3077 = PLANE ( 'NONE',  #5047 ) ;
#3078 = CARTESIAN_POINT ( 'NONE',  ( 3.972363140661015368, 4.314340451562332923, 2.400000000000000799 ) ) ;
#3079 = DIRECTION ( 'NONE',  ( 0.000000000000000000, -1.000000000000000000, 0.000000000000000000 ) ) ;
#3080 = VECTOR ( 'NONE', #736, 1000.000000000000000 ) ;
#3081 = ORIENTED_EDGE ( 'NONE', *, *, #3551, .F. ) ;
#3082 = ORIENTED_EDGE ( 'NONE', *, *, #2671, .T. ) ;
#3083 = FACE_OUTER_BOUND ( 'NONE', #2520, .T. ) ;
#3084 = CARTESIAN_POINT ( 'NONE',  ( 2.465000000000001190, 5.149999999999999467, -4.870572098594924348 ) ) ;
#3085 = PLANE ( 'NONE',  #3288 ) ;
#3086 = VERTEX_POINT ( 'NONE', #2809 ) ;
#3087 = PRESENTATION_STYLE_ASSIGNMENT (( #4381 ) ) ;
#3088 = CARTESIAN_POINT ( 'NONE',  ( -3.465000000000000302, 1.624999999999999778, 2.500000000000000444 ) ) ;
#3089 = PLANE ( 'NONE',  #1807 ) ;
#3090 = EDGE_CURVE ( 'NONE', #1495, #4928, #3268, .T. ) ;
#3091 = ADVANCED_FACE ( 'NONE', ( #2471 ), #2396, .T. ) ;
#3092 = VERTEX_POINT ( 'NONE', #391 ) ;
#3093 = EDGE_CURVE ( 'NONE', #5093, #231, #1570, .T. ) ;
#3094 = EDGE_CURVE ( 'NONE', #213, #1495, #1197, .T. ) ;
#3095 = CARTESIAN_POINT ( 'NONE',  ( -0.2500000000000000000, -2.999999999999999556, 2.149999999999999911 ) ) ;
#3096 = ORIENTED_EDGE ( 'NONE', *, *, #3163, .T. ) ;
#3097 = LINE ( 'NONE', #607, #3444 ) ;
#3098 = ORIENTED_EDGE ( 'NONE', *, *, #2971, .T. ) ;
#3099 = VECTOR ( 'NONE', #2857, 1000.000000000000000 ) ;
#3100 = VERTEX_POINT ( 'NONE', #2023 ) ;
#3101 = AXIS2_PLACEMENT_3D ( 'NONE', #5077, #611, #4993 ) ;
#3102 = CARTESIAN_POINT ( 'NONE',  ( 1.465000000000000080, 1.624999999999999334, 1.250000000000000444 ) ) ;
#3103 = DIRECTION ( 'NONE',  ( 0.000000000000000000, -0.000000000000000000, 1.000000000000000000 ) ) ;
#3104 = ORIENTED_EDGE ( 'NONE', *, *, #4836, .T. ) ;
#3105 = ORIENTED_EDGE ( 'NONE', *, *, #2160, .T. ) ;
#3106 = LINE ( 'NONE', #784, #167 ) ;
#3107 = VECTOR ( 'NONE', #4034, 1000.000000000000000 ) ;
#3108 = DIRECTION ( 'NONE',  ( 0.7071067811865563435, -0.7071067811865388020, 0.000000000000000000 ) ) ;
#3109 = DIRECTION ( 'NONE',  ( -1.000000000000000000, 0.000000000000000000, 0.000000000000000000 ) ) ;
#3110 = DIRECTION ( 'NONE',  ( 0.000000000000000000, -0.000000000000000000, 1.000000000000000000 ) ) ;
#3111 = ORIENTED_EDGE ( 'NONE', *, *, #749, .T. ) ;
#3112 = AXIS2_PLACEMENT_3D ( 'NONE', #514, #3059, #2584 ) ;
#3113 = ORIENTED_EDGE ( 'NONE', *, *, #3296, .T. ) ;
#3114 = CARTESIAN_POINT ( 'NONE',  ( -5.450000000000001954, 6.499999999999999112, -1.074999999999994627 ) ) ;
#3115 = LINE ( 'NONE', #1554, #4287 ) ;
#3116 = VECTOR ( 'NONE', #2925, 1000.000000000000000 ) ;
#3117 = EDGE_LOOP ( 'NONE', ( #2833, #3837, #4110, #3614 ) ) ;
#3118 = EDGE_CURVE ( 'NONE', #2277, #4625, #3637, .T. ) ;
#3119 = DIRECTION ( 'NONE',  ( 0.000000000000000000, -0.7071067811865393571, -0.7071067811865555663 ) ) ;
#3120 = VERTEX_POINT ( 'NONE', #5024 ) ;
#3121 = LINE ( 'NONE', #3175, #4692 ) ;
#3122 = DIRECTION ( 'NONE',  ( 1.000000000000000000, -2.168404344971009115E-16, 0.000000000000000000 ) ) ;
#3123 = ADVANCED_FACE ( 'NONE', ( #4209 ), #2183, .T. ) ;
#3124 = ADVANCED_FACE ( 'NONE', ( #2112 ), #3726, .T. ) ;
#3125 = EDGE_LOOP ( 'NONE', ( #100, #617, #540, #575 ) ) ;
#3126 = EDGE_CURVE ( 'NONE', #283, #120, #2209, .T. ) ;
#3127 = CARTESIAN_POINT ( 'NONE',  ( 4.500000000000000000, 3.649999999999999911, 2.224999999999999645 ) ) ;
#3128 = AXIS2_PLACEMENT_3D ( 'NONE', #3474, #2814, #1202 ) ;
#3129 = CARTESIAN_POINT ( 'NONE',  ( 2.465000000000000302, 1.625000000000000000, 2.500000000000000444 ) ) ;
#3130 = LINE ( 'NONE', #4780, #3532 ) ;
#3131 = ADVANCED_FACE ( 'NONE', ( #908 ), #3021, .T. ) ;
#3132 = VECTOR ( 'NONE', #3653, 1000.000000000000000 ) ;
#3133 = ORIENTED_EDGE ( 'NONE', *, *, #3140, .F. ) ;
#3134 = ORIENTED_EDGE ( 'NONE', *, *, #140, .T. ) ;
#3135 = VECTOR ( 'NONE', #2108, 1000.000000000000000 ) ;
#3136 = DIRECTION ( 'NONE',  ( 0.9396926207859095381, 0.000000000000000000, -0.3420201433256656598 ) ) ;
#3137 = PLANE ( 'NONE',  #2351 ) ;
#3138 = CARTESIAN_POINT ( 'NONE',  ( 1.749999999999999778, 6.499999999999999112, 0.7499999999999996669 ) ) ;
#3139 = ORIENTED_EDGE ( 'NONE', *, *, #5053, .T. ) ;
#3140 = EDGE_CURVE ( 'NONE', #695, #4745, #5049, .T. ) ;
#3141 =( LENGTH_UNIT ( ) NAMED_UNIT ( * ) SI_UNIT ( .MILLI., .METRE. ) );
#3142 = EDGE_LOOP ( 'NONE', ( #4877, #1618, #2379, #5270 ) ) ;
#3143 = LINE ( 'NONE', #4790, #4593 ) ;
#3144 = LINE ( 'NONE', #5235, #3344 ) ;
#3145 = VECTOR ( 'NONE', #1243, 1000.000000000000000 ) ;
#3146 = ORIENTED_EDGE ( 'NONE', *, *, #2615, .T. ) ;
#3147 = CARTESIAN_POINT ( 'NONE',  ( 5.950000000000000178, 6.500000000000000000, -2.500000000000000000 ) ) ;
#3148 = PLANE ( 'NONE',  #2889 ) ;
#3149 = EDGE_LOOP ( 'NONE', ( #111, #2625, #4168, #1045, #867, #2249, #527, #1809, #2596, #2233 ) ) ;
#3150 = FACE_OUTER_BOUND ( 'NONE', #2230, .T. ) ;
#3151 = VERTEX_POINT ( 'NONE', #530 ) ;
#3152 = EDGE_CURVE ( 'NONE', #5012, #1343, #1781, .T. ) ;
#3153 = ADVANCED_FACE ( 'NONE', ( #4589 ), #3828, .F. ) ;
#3154 = LINE ( 'NONE', #2888, #4255 ) ;
#3155 = VERTEX_POINT ( 'NONE', #2500 ) ;
#3156 = CARTESIAN_POINT ( 'NONE',  ( -0.2500000000000001665, 3.750000000000000000, 0.4000000000000006328 ) ) ;
#3157 = DIRECTION ( 'NONE',  ( -1.000000000000000000, 0.000000000000000000, -0.000000000000000000 ) ) ;
#3158 = ADVANCED_FACE ( 'NONE', ( #4130 ), #1313, .T. ) ;
#3159 = EDGE_CURVE ( 'NONE', #2329, #1834, #581, .T. ) ;
#3160 = EDGE_LOOP ( 'NONE', ( #2116, #2458, #1598, #2635 ) ) ;
#3161 = ORIENTED_EDGE ( 'NONE', *, *, #428, .T. ) ;
#3162 = EDGE_CURVE ( 'NONE', #3, #4997, #136, .T. ) ;
#3163 = EDGE_CURVE ( 'NONE', #658, #331, #2974, .T. ) ;
#3164 = AXIS2_PLACEMENT_3D ( 'NONE', #1841, #597, #5087 ) ;
#3165 = LINE ( 'NONE', #1919, #2020 ) ;
#3166 = LINE ( 'NONE', #248, #2189 ) ;
#3167 = VECTOR ( 'NONE', #427, 1000.000000000000000 ) ;
#3168 = LINE ( 'NONE', #4810, #4901 ) ;
#3169 = ORIENTED_EDGE ( 'NONE', *, *, #1324, .T. ) ;
#3170 = LINE ( 'NONE', #1553, #4849 ) ;
#3171 = EDGE_CURVE ( 'NONE', #1891, #2304, #4236, .T. ) ;
#3172 = CARTESIAN_POINT ( 'NONE',  ( 5.015000000000000568, 6.499999999999999112, 2.225000000000000089 ) ) ;
#3173 = ORIENTED_EDGE ( 'NONE', *, *, #385, .T. ) ;
#3174 = CARTESIAN_POINT ( 'NONE',  ( 5.950000000000000178, 4.250000000000000000, -0.1000000000000004774 ) ) ;
#3175 = CARTESIAN_POINT ( 'NONE',  ( -5.124999999999999112, 3.649999999999999911, -4.870572098594924348 ) ) ;
#3176 = FACE_OUTER_BOUND ( 'NONE', #1660, .T. ) ;
#3177 = EDGE_LOOP ( 'NONE', ( #2050, #4988, #1010, #2326 ) ) ;
#3178 = DIRECTION ( 'NONE',  ( 1.000000000000000000, -0.000000000000000000, -0.000000000000000000 ) ) ;
#3179 = CARTESIAN_POINT ( 'NONE',  ( 2.465000000000001190, 5.149999999999999467, 2.500000000000000444 ) ) ;
#3180 = FACE_OUTER_BOUND ( 'NONE', #2820, .T. ) ;
#3181 = AXIS2_PLACEMENT_3D ( 'NONE', #285, #737, #1914 ) ;
#3182 = ORIENTED_EDGE ( 'NONE', *, *, #2286, .T. ) ;
#3183 = AXIS2_PLACEMENT_3D ( 'NONE', #3588, #764, #4906 ) ;
#3184 = EDGE_CURVE ( 'NONE', #2304, #4677, #4184, .T. ) ;
#3185 = CARTESIAN_POINT ( 'NONE',  ( -2.240000000000006430, 4.774999999999999467, -2.225000000000000089 ) ) ;
#3186 = VECTOR ( 'NONE', #5228, 1000.000000000000000 ) ;
#3187 = LINE ( 'NONE', #1100, #2015 ) ;
#3188 = CARTESIAN_POINT ( 'NONE',  ( 4.765000000000000568, 5.624999999999994671, -2.225000000000000089 ) ) ;
#3189 = DIRECTION ( 'NONE',  ( 4.075267123698715639E-16, -0.9396926207859094271, -0.3420201433256659929 ) ) ;
#3190 = VERTEX_POINT ( 'NONE', #1732 ) ;
#3191 = EDGE_CURVE ( 'NONE', #2580, #96, #3353, .T. ) ;
#3192 = EDGE_CURVE ( 'NONE', #1845, #5044, #2944, .T. ) ;
#3193 = EDGE_LOOP ( 'NONE', ( #3038, #4292, #1527, #4739, #2310, #3251, #1311, #3236, #1737, #446, #3915, #4990, #3257, #2972, #1330, #831, #2085, #1108, #1461, #1552 ) ) ;
#3194 = EDGE_CURVE ( 'NONE', #4193, #2552, #559, .T. ) ;
#3195 = DIRECTION ( 'NONE',  ( 0.7071067811865584529, 0.7071067811865364705, 0.000000000000000000 ) ) ;
#3196 = SURFACE_SIDE_STYLE ('',( #4789 ) ) ;
#3197 = VERTEX_POINT ( 'NONE', #5075 ) ;
#3198 = CARTESIAN_POINT ( 'NONE',  ( -4.514999999999999680, 5.375000000000000000, 2.500000000000000444 ) ) ;
#3199 = LINE ( 'NONE', #1604, #3167 ) ;
#3200 = VERTEX_POINT ( 'NONE', #1517 ) ;
#3201 = DIRECTION ( 'NONE',  ( 2.460600675144407758E-16, 1.000000000000000000, -0.000000000000000000 ) ) ;
#3202 = VECTOR ( 'NONE', #5055, 1000.000000000000000 ) ;
#3203 = DIRECTION ( 'NONE',  ( -0.000000000000000000, -0.000000000000000000, 1.000000000000000000 ) ) ;
#3204 = ORIENTED_EDGE ( 'NONE', *, *, #5040, .F. ) ;
#3205 = PLANE ( 'NONE',  #4939 ) ;
#3206 = CARTESIAN_POINT ( 'NONE',  ( 3.750000000000000000, 6.500000000000000000, 1.250000000000000000 ) ) ;
#3207 = FACE_OUTER_BOUND ( 'NONE', #912, .T. ) ;
#3208 = CARTESIAN_POINT ( 'NONE',  ( -3.465000000000000746, 5.150000000000005684, 2.500000000000000444 ) ) ;
#3209 = ORIENTED_EDGE ( 'NONE', *, *, #1825, .F. ) ;
#3210 = VECTOR ( 'NONE', #1047, 1000.000000000000000 ) ;
#3211 = DIRECTION ( 'NONE',  ( -0.000000000000000000, -0.000000000000000000, 1.000000000000000000 ) ) ;
#3212 = VECTOR ( 'NONE', #5137, 1000.000000000000000 ) ;
#3213 =( LENGTH_UNIT ( ) NAMED_UNIT ( * ) SI_UNIT ( .MILLI., .METRE. ) );
#3214 = DIRECTION ( 'NONE',  ( 0.7071067811865561215, 0.7071067811865389130, 0.000000000000000000 ) ) ;
#3215 = ORIENTED_EDGE ( 'NONE', *, *, #3880, .T. ) ;
#3216 = VERTEX_POINT ( 'NONE', #3129 ) ;
#3217 = EDGE_CURVE ( 'NONE', #4070, #2813, #634, .T. ) ;
#3218 = CARTESIAN_POINT ( 'NONE',  ( -4.250000000000000000, 6.499999999999997335, 1.250000000000000666 ) ) ;
#3219 = EDGE_CURVE ( 'NONE', #4324, #1848, #1855, .T. ) ;
#3220 = APPLICATION_PROTOCOL_DEFINITION ( 'draft international standard', 'automotive_design', 1998, #1713 ) ;
#3221 = CARTESIAN_POINT ( 'NONE',  ( -0.2500000000000001665, -2.725252258054537080, 0.2499999999999994171 ) ) ;
#3222 = CARTESIAN_POINT ( 'NONE',  ( -5.950000000000001066, 6.500000000000000000, -1.074999999999995515 ) ) ;
#3223 = EDGE_LOOP ( 'NONE', ( #1547, #1723, #4443, #3443 ) ) ;
#3224 = LINE ( 'NONE', #4086, #1779 ) ;
#3225 = EDGE_LOOP ( 'NONE', ( #943, #819, #4040, #4605 ) ) ;
#3226 = CARTESIAN_POINT ( 'NONE',  ( 5.449999999999999289, 6.274999999999999467, -0.8500000000000005329 ) ) ;
#3227 = CARTESIAN_POINT ( 'NONE',  ( 0.2500000000000006106, 1.750000000000000666, 2.400000000000000799 ) ) ;
#3228 = ORIENTED_EDGE ( 'NONE', *, *, #2929, .F. ) ;
#3229 = AXIS2_PLACEMENT_3D ( 'NONE', #4638, #2921, #4615 ) ;
#3230 = CARTESIAN_POINT ( 'NONE',  ( 5.450000000000000178, -10.14838099273102046, -2.225000000000000089 ) ) ;
#3231 = CARTESIAN_POINT ( 'NONE',  ( 0.000000000000000000, 6.500000000000000000, 0.000000000000000000 ) ) ;
#3232 = EDGE_LOOP ( 'NONE', ( #2430, #4996, #301 ) ) ;
#3233 = EDGE_CURVE ( 'NONE', #2, #415, #284, .T. ) ;
#3234 = LINE ( 'NONE', #55, #2176 ) ;
#3235 = PLANE ( 'NONE',  #4573 ) ;
#3236 = ORIENTED_EDGE ( 'NONE', *, *, #4896, .F. ) ;
#3237 = SURFACE_SIDE_STYLE ('',( #4476 ) ) ;
#3238 = DIRECTION ( 'NONE',  ( -0.000000000000000000, -0.000000000000000000, 1.000000000000000000 ) ) ;
#3239 = CARTESIAN_POINT ( 'NONE',  ( -0.1500000000000002442, -2.999999999999999556, 1.749999999999999334 ) ) ;
#3240 = LINE ( 'NONE', #4101, #2333 ) ;
#3241 = LINE ( 'NONE', #2341, #2377 ) ;
#3242 = VERTEX_POINT ( 'NONE', #4724 ) ;
#3243 = VECTOR ( 'NONE', #365, 1000.000000000000000 ) ;
#3244 = ORIENTED_EDGE ( 'NONE', *, *, #2509, .F. ) ;
#3245 = VECTOR ( 'NONE', #1399, 1000.000000000000000 ) ;
#3246 = CARTESIAN_POINT ( 'NONE',  ( 1.749999999999999778, 6.499999999999999112, 0.7499999999999996669 ) ) ;
#3247 = AXIS2_PLACEMENT_3D ( 'NONE', #2106, #1029, #4531 ) ;
#3248 = CARTESIAN_POINT ( 'NONE',  ( 5.450000000000000178, 6.500000000000000000, 2.225000000000000089 ) ) ;
#3249 = CARTESIAN_POINT ( 'NONE',  ( -0.2500000000000000555, 1.100000000000000755, 1.749999999999999778 ) ) ;
#3250 = ORIENTED_EDGE ( 'NONE', *, *, #4708, .F. ) ;
#3251 = ORIENTED_EDGE ( 'NONE', *, *, #2899, .F. ) ;
#3252 = DIRECTION ( 'NONE',  ( 1.000000000000000000, -2.168404344971009115E-16, 0.000000000000000000 ) ) ;
#3253 = EDGE_CURVE ( 'NONE', #583, #1911, #1463, .T. ) ;
#3254 = CARTESIAN_POINT ( 'NONE',  ( 0.2500000000000006661, -2.999999999999999556, 1.849999999999998979 ) ) ;
#3255 = ADVANCED_FACE ( 'NONE', ( #262 ), #2682, .F. ) ;
#3256 = DIRECTION ( 'NONE',  ( -1.084202172485502832E-16, 6.617026289364699094E-17, -1.000000000000000000 ) ) ;
#3257 = ORIENTED_EDGE ( 'NONE', *, *, #2792, .T. ) ;
#3258 = CARTESIAN_POINT ( 'NONE',  ( -2.465000000000001190, 5.149999999999999467, -4.870572098594924348 ) ) ;
#3259 = DIRECTION ( 'NONE',  ( 0.000000000000000000, 2.891205793294679017E-15, -1.000000000000000000 ) ) ;
#3260 = CARTESIAN_POINT ( 'NONE',  ( -2.240000000000005986, 5.375000000000000000, 2.500000000000000444 ) ) ;
#3261 = ORIENTED_EDGE ( 'NONE', *, *, #2671, .F. ) ;
#3262 = CARTESIAN_POINT ( 'NONE',  ( -0.2500000000000002220, -8.753191851259118059E-16, -0.7499999999999993339 ) ) ;
#3263 = CARTESIAN_POINT ( 'NONE',  ( 5.950000000000000178, 0.4249999999999999889, 2.500000000000000000 ) ) ;
#3264 = CARTESIAN_POINT ( 'NONE',  ( 0.2500000000000004441, 3.100000000000000533, -0.2499999999999997780 ) ) ;
#3265 = ORIENTED_EDGE ( 'NONE', *, *, #4737, .F. ) ;
#3266 = SURFACE_STYLE_USAGE ( .BOTH. , #3237 ) ;
#3267 = VECTOR ( 'NONE', #2885, 1000.000000000000000 ) ;
#3268 = LINE ( 'NONE', #3591, #3667 ) ;
#3269 = FILL_AREA_STYLE_COLOUR ( '', #1759 ) ;
#3270 = LINE ( 'NONE', #4762, #2378 ) ;
#3271 = DIRECTION ( 'NONE',  ( 0.3236155771181827290, -0.3236155771181826735, -0.8891264907159899256 ) ) ;
#3272 = ORIENTED_EDGE ( 'NONE', *, *, #5250, .F. ) ;
#3273 = VERTEX_POINT ( 'NONE', #1435 ) ;
#3274 = VECTOR ( 'NONE', #2328, 1000.000000000000000 ) ;
#3275 = CARTESIAN_POINT ( 'NONE',  ( 5.015000000000000568, 6.499999999999999112, -2.500000000000000000 ) ) ;
#3276 = CARTESIAN_POINT ( 'NONE',  ( -5.124999999999999112, 3.649999999999999911, -4.870572098594924348 ) ) ;
#3277 = DIRECTION ( 'NONE',  ( 1.000000000000000000, 0.000000000000000000, 0.000000000000000000 ) ) ;
#3278 = VERTEX_POINT ( 'NONE', #4368 ) ;
#3279 = PLANE ( 'NONE',  #3716 ) ;
#3280 = VECTOR ( 'NONE', #2922, 1000.000000000000000 ) ;
#3281 = LINE ( 'NONE', #4894, #4022 ) ;
#3282 = ORIENTED_EDGE ( 'NONE', *, *, #714, .F. ) ;
#3283 = DIRECTION ( 'NONE',  ( 0.000000000000000000, -0.000000000000000000, -1.000000000000000000 ) ) ;
#3284 = CARTESIAN_POINT ( 'NONE',  ( -5.950000000000000178, 0.000000000000000000, 2.500000000000000444 ) ) ;
#3285 = DIRECTION ( 'NONE',  ( 4.336808689942011820E-16, -1.000000000000000000, -3.960555881225586985E-17 ) ) ;
#3286 = ORIENTED_EDGE ( 'NONE', *, *, #2771, .T. ) ;
#3287 = EDGE_CURVE ( 'NONE', #4291, #3092, #1830, .T. ) ;
#3288 = AXIS2_PLACEMENT_3D ( 'NONE', #3541, #5180, #3890 ) ;
#3289 = CARTESIAN_POINT ( 'NONE',  ( -5.450000000000001954, 6.500000000000000000, 2.225000000000000089 ) ) ;
#3290 = VECTOR ( 'NONE', #5082, 1000.000000000000000 ) ;
#3291 = EDGE_LOOP ( 'NONE', ( #4977, #3821, #638, #1303 ) ) ;
#3292 = EDGE_CURVE ( 'NONE', #3816, #2175, #5149, .T. ) ;
#3293 = CARTESIAN_POINT ( 'NONE',  ( -0.2500000000000002220, 6.499999999999998224, -0.7499999999999993339 ) ) ;
#3294 = CARTESIAN_POINT ( 'NONE',  ( -4.514999999999999680, 5.375000000000000000, -2.225000000000000089 ) ) ;
#3295 = CARTESIAN_POINT ( 'NONE',  ( -5.950000000000001066, 6.500000000000000000, -1.074999999999995515 ) ) ;
#3296 = EDGE_CURVE ( 'NONE', #3386, #1669, #1067, .T. ) ;
#3297 = ORIENTED_EDGE ( 'NONE', *, *, #4842, .F. ) ;
#3298 = DIRECTION ( 'NONE',  ( 0.9396926207859075397, -0.3420201433256711554, -1.245132408912501541E-16 ) ) ;
#3299 = FILL_AREA_STYLE ('',( #4888 ) ) ;
#3300 = LINE ( 'NONE', #4969, #3442 ) ;
#3301 = ORIENTED_EDGE ( 'NONE', *, *, #528, .T. ) ;
#3302 = LINE ( 'NONE', #3621, #1524 ) ;
#3303 = DIRECTION ( 'NONE',  ( 0.000000000000000000, 0.000000000000000000, 1.000000000000000000 ) ) ;
#3304 = CARTESIAN_POINT ( 'NONE',  ( 2.250000000000000444, -4.376595925629559029E-16, -0.7499999999999994449 ) ) ;
#3305 = CIRCLE ( 'NONE', #4071, 0.1499999999999999667 ) ;
#3306 = LINE ( 'NONE', #4112, #2941 ) ;
#3307 = VECTOR ( 'NONE', #1154, 1000.000000000000000 ) ;
#3308 = ORIENTED_EDGE ( 'NONE', *, *, #2362, .T. ) ;
#3309 = DIRECTION ( 'NONE',  ( -0.000000000000000000, -0.000000000000000000, -1.000000000000000000 ) ) ;
#3310 = AXIS2_PLACEMENT_3D ( 'NONE', #1551, #3189, #769 ) ;
#3311 = AXIS2_PLACEMENT_3D ( 'NONE', #4826, #4065, #1166 ) ;
#3312 = VECTOR ( 'NONE', #4941, 1000.000000000000000 ) ;
#3313 = DIRECTION ( 'NONE',  ( 0.000000000000000000, 0.000000000000000000, -1.000000000000000000 ) ) ;
#3314 = ORIENTED_EDGE ( 'NONE', *, *, #3523, .F. ) ;
#3315 = CARTESIAN_POINT ( 'NONE',  ( -0.2500000000000002220, -8.753191851259118059E-16, 0.7499999999999997780 ) ) ;
#3316 = LINE ( 'NONE', #79, #3145 ) ;
#3317 = EDGE_LOOP ( 'NONE', ( #3418, #5201, #1568, #80, #5236, #2641, #2905, #723, #691, #976 ) ) ;
#3318 = DIRECTION ( 'NONE',  ( 1.000000000000000000, -0.000000000000000000, -0.000000000000000000 ) ) ;
#3319 = ORIENTED_EDGE ( 'NONE', *, *, #4, .F. ) ;
#3320 = DIRECTION ( 'NONE',  ( 1.230300337572201660E-16, -1.000000000000000000, 0.000000000000000000 ) ) ;
#3321 = VECTOR ( 'NONE', #3445, 1000.000000000000000 ) ;
#3322 = ORIENTED_EDGE ( 'NONE', *, *, #2034, .F. ) ;
#3323 = CARTESIAN_POINT ( 'NONE',  ( -2.250000000000000444, 1.625000000000000222, -1.249999999999999556 ) ) ;
#3324 = EDGE_CURVE ( 'NONE', #1393, #59, #663, .T. ) ;
#3325 = DIRECTION ( 'NONE',  ( 0.000000000000000000, 0.000000000000000000, -1.000000000000000000 ) ) ;
#3326 = LINE ( 'NONE', #366, #1501 ) ;
#3327 = EDGE_CURVE ( 'NONE', #2226, #5152, #4295, .T. ) ;
#3328 = FACE_BOUND ( 'NONE', #3351, .T. ) ;
#3329 = CARTESIAN_POINT ( 'NONE',  ( 5.124999999999999112, 3.649999999999999911, -4.870572098594924348 ) ) ;
#3330 = PLANE ( 'NONE',  #1448 ) ;
#3331 = ORIENTED_EDGE ( 'NONE', *, *, #528, .F. ) ;
#3332 = EDGE_CURVE ( 'NONE', #4905, #3820, #5099, .T. ) ;
#3333 = ORIENTED_EDGE ( 'NONE', *, *, #3126, .F. ) ;
#3334 = DIRECTION ( 'NONE',  ( 1.000000000000000000, -0.000000000000000000, -0.000000000000000000 ) ) ;
#3335 = CARTESIAN_POINT ( 'NONE',  ( 4.000000000000000000, 2.500000000000000000, 2.499999999999999112 ) ) ;
#3336 = ORIENTED_EDGE ( 'NONE', *, *, #1705, .F. ) ;
#3337 = CARTESIAN_POINT ( 'NONE',  ( 4.765000000000000568, 5.624999999999994671, 2.500000000000000444 ) ) ;
#3338 = FACE_OUTER_BOUND ( 'NONE', #3784, .T. ) ;
#3339 = ORIENTED_EDGE ( 'NONE', *, *, #561, .T. ) ;
#3340 = LINE ( 'NONE', #404, #1407 ) ;
#3341 = CARTESIAN_POINT ( 'NONE',  ( 3.750000000000000000, 1.625000000000001332, -1.250000000000000000 ) ) ;
#3342 = VECTOR ( 'NONE', #3203, 1000.000000000000000 ) ;
#3343 = DIRECTION ( 'NONE',  ( 0.000000000000000000, -1.000000000000000000, -0.000000000000000000 ) ) ;
#3344 = VECTOR ( 'NONE', #4004, 1000.000000000000000 ) ;
#3345 = EDGE_LOOP ( 'NONE', ( #3922, #500, #4689, #3801 ) ) ;
#3346 = LINE ( 'NONE', #410, #341 ) ;
#3347 = VERTEX_POINT ( 'NONE', #215 ) ;
#3348 = DIRECTION ( 'NONE',  ( 1.084202172485502832E-16, -6.617026289364699094E-17, 1.000000000000000000 ) ) ;
#3349 = DIRECTION ( 'NONE',  ( 0.000000000000000000, 1.057758217059028608E-16, -1.000000000000000000 ) ) ;
#3350 = LINE ( 'NONE', #2259, #2370 ) ;
#3351 = EDGE_LOOP ( 'NONE', ( #2691, #1201, #1964, #3449 ) ) ;
#3352 = PRODUCT_DEFINITION_CONTEXT ( 'detailed design', #3411, 'design' ) ;
#3353 = LINE ( 'NONE', #3001, #2812 ) ;
#3354 = CARTESIAN_POINT ( 'NONE',  ( -0.2500000000000001665, 3.250000000000000000, 7.600252258054534416 ) ) ;
#3355 = CARTESIAN_POINT ( 'NONE',  ( 3.465000000000000302, 1.624999999999999778, -4.870572098594924348 ) ) ;
#3356 = CARTESIAN_POINT ( 'NONE',  ( -1.749999999999999778, 6.499999999999998224, -1.249999999999999556 ) ) ;
#3357 = VERTEX_POINT ( 'NONE', #1007 ) ;
#3358 = VERTEX_POINT ( 'NONE', #2331 ) ;
#3359 = EDGE_CURVE ( 'NONE', #3386, #3556, #2629, .T. ) ;
#3360 = DIRECTION ( 'NONE',  ( 0.000000000000000000, 0.000000000000000000, -1.000000000000000000 ) ) ;
#3361 = PLANE ( 'NONE',  #3384 ) ;
#3362 = DIRECTION ( 'NONE',  ( -1.000000000000000000, -1.252287328451659087E-15, 0.000000000000000000 ) ) ;
#3363 = EDGE_CURVE ( 'NONE', #4577, #655, #4697, .T. ) ;
#3364 = ORIENTED_EDGE ( 'NONE', *, *, #4349, .T. ) ;
#3365 = PRESENTATION_LAYER_ASSIGNMENT (  '', '', ( #4043 ) ) ;
#3366 = DIRECTION ( 'NONE',  ( -1.000000000000000000, -2.869677711329156774E-32, 4.336808689942011327E-16 ) ) ;
#3367 = DIRECTION ( 'NONE',  ( -0.000000000000000000, -0.000000000000000000, 1.000000000000000000 ) ) ;
#3368 = EDGE_CURVE ( 'NONE', #1481, #2712, #2262, .T. ) ;
#3369 = DIRECTION ( 'NONE',  ( -0.000000000000000000, 1.000000000000000000, 1.057758217059028608E-16 ) ) ;
#3370 = ORIENTED_EDGE ( 'NONE', *, *, #303, .F. ) ;
#3371 = AXIS2_PLACEMENT_3D ( 'NONE', #4128, #847, #2048 ) ;
#3372 = DIRECTION ( 'NONE',  ( 0.000000000000000000, -0.7071067811865393571, -0.7071067811865555663 ) ) ;
#3373 = ORIENTED_EDGE ( 'NONE', *, *, #4511, .T. ) ;
#3374 = DIRECTION ( 'NONE',  ( 0.3236155771181820628, 0.3236155771181821739, 0.8891264907159901476 ) ) ;
#3375 = CARTESIAN_POINT ( 'NONE',  ( -4.765000000000000568, 5.624999999999993783, -2.225000000000000089 ) ) ;
#3376 = ORIENTED_EDGE ( 'NONE', *, *, #4241, .F. ) ;
#3377 = ORIENTED_EDGE ( 'NONE', *, *, #385, .F. ) ;
#3378 = AXIS2_PLACEMENT_3D ( 'NONE', #1173, #2082, #4506 ) ;
#3379 = ORIENTED_EDGE ( 'NONE', *, *, #2126, .T. ) ;
#3380 = LINE ( 'NONE', #4588, #1915 ) ;
#3381 = DIRECTION ( 'NONE',  ( 1.000000000000000000, 9.605334861444114745E-17, 0.000000000000000000 ) ) ;
#3382 = DIRECTION ( 'NONE',  ( 0.000000000000000000, 6.672013369141565217E-16, -1.000000000000000000 ) ) ;
#3383 = DIRECTION ( 'NONE',  ( 6.424901762877063495E-16, -1.000000000000000000, 0.000000000000000000 ) ) ;
#3384 = AXIS2_PLACEMENT_3D ( 'NONE', #3388, #2583, #196 ) ;
#3385 = VERTEX_POINT ( 'NONE', #1092 ) ;
#3386 = VERTEX_POINT ( 'NONE', #3882 ) ;
#3387 = FACE_OUTER_BOUND ( 'NONE', #781, .T. ) ;
#3388 = CARTESIAN_POINT ( 'NONE',  ( -2.250000000000000444, 6.499999999999998224, 0.7500000000000000000 ) ) ;
#3389 = CARTESIAN_POINT ( 'NONE',  ( -1.749999999999999778, 6.499999999999998224, 0.7500000000000000000 ) ) ;
#3390 = EDGE_CURVE ( 'NONE', #953, #2450, #2707, .T. ) ;
#3391 = EDGE_LOOP ( 'NONE', ( #973, #1035, #679, #1800 ) ) ;
#3392 = EDGE_CURVE ( 'NONE', #658, #4411, #241, .T. ) ;
#3393 = VECTOR ( 'NONE', #2144, 1000.000000000000114 ) ;
#3394 = DIRECTION ( 'NONE',  ( 1.000000000000000000, 0.000000000000000000, 0.000000000000000000 ) ) ;
#3395 = CARTESIAN_POINT ( 'NONE',  ( 1.749999999999999778, -4.376595925629559029E-16, 0.7499999999999996669 ) ) ;
#3396 = VECTOR ( 'NONE', #3367, 1000.000000000000000 ) ;
#3397 = FACE_OUTER_BOUND ( 'NONE', #2055, .T. ) ;
#3398 = VERTEX_POINT ( 'NONE', #4266 ) ;
#3399 = CARTESIAN_POINT ( 'NONE',  ( -5.950000000000000178, 0.000000000000000000, 1.750000000000000444 ) ) ;
#3400 = ORIENTED_EDGE ( 'NONE', *, *, #3118, .T. ) ;
#3401 = ORIENTED_EDGE ( 'NONE', *, *, #2792, .F. ) ;
#3402 = ORIENTED_EDGE ( 'NONE', *, *, #3877, .T. ) ;
#3403 = LINE ( 'NONE', #1003, #4647 ) ;
#3404 = VERTEX_POINT ( 'NONE', #5122 ) ;
#3405 = ORIENTED_EDGE ( 'NONE', *, *, #4576, .F. ) ;
#3406 = CARTESIAN_POINT ( 'NONE',  ( 0.2500000000000006106, 1.750000000000000666, 7.600252258054536192 ) ) ;
#3407 = VECTOR ( 'NONE', #437, 1000.000000000000000 ) ;
#3408 = PLANE ( 'NONE',  #1747 ) ;
#3409 = ORIENTED_EDGE ( 'NONE', *, *, #3681, .T. ) ;
#3410 = ORIENTED_EDGE ( 'NONE', *, *, #1721, .F. ) ;
#3411 = APPLICATION_CONTEXT ( 'automotive_design' ) ;
#3412 = CARTESIAN_POINT ( 'NONE',  ( -0.1500000000000000500, -2.331034670843834533E-16, 7.875000000000000000 ) ) ;
#3413 = DIRECTION ( 'NONE',  ( 1.000000000000000000, 0.000000000000000000, 0.000000000000000000 ) ) ;
#3414 = CARTESIAN_POINT ( 'NONE',  ( -5.450000000000001954, 4.250000000000000000, -0.1000000000000004774 ) ) ;
#3415 = ORIENTED_EDGE ( 'NONE', *, *, #3845, .F. ) ;
#3416 = FACE_BOUND ( 'NONE', #2868, .T. ) ;
#3417 = CARTESIAN_POINT ( 'NONE',  ( 5.450000000000000178, 1.625000000000001332, 2.225000000000000089 ) ) ;
#3418 = ORIENTED_EDGE ( 'NONE', *, *, #3327, .F. ) ;
#3419 = ADVANCED_FACE ( 'NONE', ( #610 ), #3077, .F. ) ;
#3420 = CARTESIAN_POINT ( 'NONE',  ( -5.450000000000001954, 6.274999999999999467, -0.8500000000000005329 ) ) ;
#3421 = ORIENTED_EDGE ( 'NONE', *, *, #2733, .T. ) ;
#3422 = VECTOR ( 'NONE', #4681, 1000.000000000000227 ) ;
#3423 = ORIENTED_EDGE ( 'NONE', *, *, #2971, .F. ) ;
#3424 = ORIENTED_EDGE ( 'NONE', *, *, #310, .T. ) ;
#3425 = CARTESIAN_POINT ( 'NONE',  ( -5.950000000000000178, 6.500000000000000000, 2.500000000000000444 ) ) ;
#3426 = EDGE_CURVE ( 'NONE', #2712, #194, #4394, .T. ) ;
#3427 = ORIENTED_EDGE ( 'NONE', *, *, #1972, .F. ) ;
#3428 = CARTESIAN_POINT ( 'NONE',  ( -4.514999999999999680, 5.375000000000000000, 2.500000000000000444 ) ) ;
#3429 = CARTESIAN_POINT ( 'NONE',  ( -2.465000000000000302, 1.625000000000000000, -4.870572098594924348 ) ) ;
#3430 = LINE ( 'NONE', #1068, #1952 ) ;
#3431 = FACE_OUTER_BOUND ( 'NONE', #3160, .T. ) ;
#3432 = ORIENTED_EDGE ( 'NONE', *, *, #3026, .T. ) ;
#3433 = ORIENTED_EDGE ( 'NONE', *, *, #5003, .T. ) ;
#3434 = CARTESIAN_POINT ( 'NONE',  ( 4.765000000000000568, 6.250000000000006217, -2.500000000000000000 ) ) ;
#3435 = CARTESIAN_POINT ( 'NONE',  ( 0.2500000000000002220, 6.499999999999998224, -0.7499999999999993339 ) ) ;
#3436 = CARTESIAN_POINT ( 'NONE',  ( 1.749999999999999778, 1.624999999999999334, -4.870572098594924348 ) ) ;
#3437 = ORIENTED_EDGE ( 'NONE', *, *, #711, .T. ) ;
#3438 = FACE_OUTER_BOUND ( 'NONE', #4151, .T. ) ;
#3439 = CARTESIAN_POINT ( 'NONE',  ( 4.250000000000000000, 1.625000000000001332, -0.7499999999999995559 ) ) ;
#3440 = CARTESIAN_POINT ( 'NONE',  ( -5.450000000000001954, 6.500000000000000000, 2.225000000000000089 ) ) ;
#3441 = CARTESIAN_POINT ( 'NONE',  ( -4.950000000000000178, -3.000000000000000000, -2.500000000000000000 ) ) ;
#3442 = VECTOR ( 'NONE', #4481, 1000.000000000000000 ) ;
#3443 = ORIENTED_EDGE ( 'NONE', *, *, #3140, .T. ) ;
#3444 = VECTOR ( 'NONE', #2654, 1000.000000000000000 ) ;
#3445 = DIRECTION ( 'NONE',  ( -0.000000000000000000, -1.000000000000000000, -1.199175254041795517E-16 ) ) ;
#3446 = AXIS2_PLACEMENT_3D ( 'NONE', #3264, #2919, #2940 ) ;
#3447 = ORIENTED_EDGE ( 'NONE', *, *, #2291, .F. ) ;
#3448 = ORIENTED_EDGE ( 'NONE', *, *, #2615, .F. ) ;
#3449 = ORIENTED_EDGE ( 'NONE', *, *, #752, .F. ) ;
#3450 = LINE ( 'NONE', #4691, #4909 ) ;
#3451 = ORIENTED_EDGE ( 'NONE', *, *, #5187, .T. ) ;
#3452 = EDGE_CURVE ( 'NONE', #153, #307, #2359, .T. ) ;
#3453 = ORIENTED_EDGE ( 'NONE', *, *, #938, .T. ) ;
#3454 = EDGE_CURVE ( 'NONE', #523, #4959, #24, .T. ) ;
#3455 = CARTESIAN_POINT ( 'NONE',  ( 0.2500000000000004441, -2.725252258054537080, 0.2499999999999994171 ) ) ;
#3456 = DIRECTION ( 'NONE',  ( -1.000000000000000000, 2.168404344971009115E-16, 0.000000000000000000 ) ) ;
#3457 = LINE ( 'NONE', #3511, #2258 ) ;
#3458 = CARTESIAN_POINT ( 'NONE',  ( 4.765000000000000568, 6.250000000000006217, 2.500000000000000444 ) ) ;
#3459 = VERTEX_POINT ( 'NONE', #4016 ) ;
#3460 = ORIENTED_EDGE ( 'NONE', *, *, #2255, .T. ) ;
#3461 = CARTESIAN_POINT ( 'NONE',  ( 0.2500000000000004441, -2.725252258054537080, -0.2500000000000006106 ) ) ;
#3462 = AXIS2_PLACEMENT_3D ( 'NONE', #3389, #3805, #173 ) ;
#3463 = LINE ( 'NONE', #641, #5098 ) ;
#3464 = VECTOR ( 'NONE', #1688, 1000.000000000000227 ) ;
#3465 = LINE ( 'NONE', #1443, #1426 ) ;
#3466 = FACE_OUTER_BOUND ( 'NONE', #4451, .T. ) ;
#3467 = ORIENTED_EDGE ( 'NONE', *, *, #1348, .T. ) ;
#3468 = FACE_BOUND ( 'NONE', #1797, .T. ) ;
#3469 = CARTESIAN_POINT ( 'NONE',  ( -0.2500000000000001665, -2.725252258054537080, -0.2500000000000006106 ) ) ;
#3470 = ADVANCED_FACE ( 'NONE', ( #3988 ), #383, .F. ) ;
#3471 = LINE ( 'NONE', #2275, #2404 ) ;
#3472 = ORIENTED_EDGE ( 'NONE', *, *, #938, .F. ) ;
#3473 = FACE_OUTER_BOUND ( 'NONE', #4097, .T. ) ;
#3474 = CARTESIAN_POINT ( 'NONE',  ( 3.750000000000000000, 6.500000000000000000, -0.7499999999999995559 ) ) ;
#3475 = VECTOR ( 'NONE', #3309, 1000.000000000000000 ) ;
#3476 = ORIENTED_EDGE ( 'NONE', *, *, #328, .F. ) ;
#3477 = PLANE ( 'NONE',  #558 ) ;
#3478 = EDGE_LOOP ( 'NONE', ( #3410, #5094, #2453, #4612 ) ) ;
#3479 = CARTESIAN_POINT ( 'NONE',  ( -5.950000000000001066, 0.4249999999999999889, 2.500000000000000000 ) ) ;
#3480 = DIRECTION ( 'NONE',  ( -0.000000000000000000, 1.000000000000000000, -0.000000000000000000 ) ) ;
#3481 = VECTOR ( 'NONE', #4951, 1000.000000000000000 ) ;
#3482 = LINE ( 'NONE', #1120, #4995 ) ;
#3483 = ORIENTED_EDGE ( 'NONE', *, *, #894, .F. ) ;
#3484 = ORIENTED_EDGE ( 'NONE', *, *, #4966, .F. ) ;
#3485 = ADVANCED_FACE ( 'NONE', ( #337 ), #2439, .F. ) ;
#3486 = LINE ( 'NONE', #669, #3987 ) ;
#3487 = DIRECTION ( 'NONE',  ( 1.000000000000000000, 0.000000000000000000, 0.000000000000000000 ) ) ;
#3488 = CARTESIAN_POINT ( 'NONE',  ( -0.1976364791232331219, 3.697636479123232789, 7.744119849266594358 ) ) ;
#3489 = LINE ( 'NONE', #1076, #3695 ) ;
#3490 = EDGE_CURVE ( 'NONE', #3278, #4550, #411, .T. ) ;
#3491 = ADVANCED_FACE ( 'NONE', ( #3207 ), #1961, .T. ) ;
#3492 = VERTEX_POINT ( 'NONE', #4881 ) ;
#3493 = VECTOR ( 'NONE', #4090, 1000.000000000000000 ) ;
#3494 = VECTOR ( 'NONE', #4319, 1000.000000000000000 ) ;
#3495 = AXIS2_PLACEMENT_3D ( 'NONE', #2030, #1716, #4082 ) ;
#3496 = SURFACE_STYLE_FILL_AREA ( #2744 ) ;
#3497 = ORIENTED_EDGE ( 'NONE', *, *, #869, .T. ) ;
#3498 = FACE_OUTER_BOUND ( 'NONE', #4955, .T. ) ;
#3499 = CARTESIAN_POINT ( 'NONE',  ( -2.240000000000005986, 5.375000000000000000, -2.500000000000000000 ) ) ;
#3500 = ORIENTED_EDGE ( 'NONE', *, *, #1567, .F. ) ;
#3501 = DIRECTION ( 'NONE',  ( -0.7071067811865389130, -0.7071067811865561215, 0.000000000000000000 ) ) ;
#3502 = CARTESIAN_POINT ( 'NONE',  ( -5.124999999999999112, 2.299999999999999822, 2.500000000000000444 ) ) ;
#3503 = ORIENTED_EDGE ( 'NONE', *, *, #112, .F. ) ;
#3504 = PLANE ( 'NONE',  #4685 ) ;
#3505 = LINE ( 'NONE', #4364, #4472 ) ;
#3506 = VECTOR ( 'NONE', #1754, 1000.000000000000000 ) ;
#3507 = VERTEX_POINT ( 'NONE', #1221 ) ;
#3508 = VECTOR ( 'NONE', #2542, 1000.000000000000000 ) ;
#3509 = LINE ( 'NONE', #5148, #5195 ) ;
#3510 = DIRECTION ( 'NONE',  ( -0.000000000000000000, 0.000000000000000000, 1.000000000000000000 ) ) ;
#3511 = CARTESIAN_POINT ( 'NONE',  ( 0.2500000000000002220, -8.753191851259118059E-16, -0.7499999999999993339 ) ) ;
#3512 = EDGE_LOOP ( 'NONE', ( #1171, #4864, #2672, #709 ) ) ;
#3513 = EDGE_LOOP ( 'NONE', ( #2753, #966, #2324, #209 ) ) ;
#3514 = LINE ( 'NONE', #381, #5186 ) ;
#3515 = PLANE ( 'NONE',  #156 ) ;
#3516 = CARTESIAN_POINT ( 'NONE',  ( 3.972363140661015368, 4.314340451562332923, 2.400000000000000799 ) ) ;
#3517 = CARTESIAN_POINT ( 'NONE',  ( -5.950000000000001066, 6.275000000000004796, -0.1000000000000002137 ) ) ;
#3518 = PLANE ( 'NONE',  #1703 ) ;
#3519 = EDGE_LOOP ( 'NONE', ( #1305, #1247, #1097, #2884 ) ) ;
#3520 = EDGE_CURVE ( 'NONE', #274, #1071, #2391, .T. ) ;
#3521 = EDGE_CURVE ( 'NONE', #4063, #3120, #4093, .T. ) ;
#3522 = FACE_OUTER_BOUND ( 'NONE', #1514, .T. ) ;
#3523 = EDGE_CURVE ( 'NONE', #504, #283, #1646, .T. ) ;
#3524 = CARTESIAN_POINT ( 'NONE',  ( -3.750000000000000000, -1.750638370251823612E-15, 0.7500000000000001110 ) ) ;
#3525 = LINE ( 'NONE', #4360, #758 ) ;
#3526 = VERTEX_POINT ( 'NONE', #3260 ) ;
#3527 = VECTOR ( 'NONE', #4537, 1000.000000000000000 ) ;
#3528 = DIRECTION ( 'NONE',  ( 0.000000000000000000, -0.7071067811865556774, 0.7071067811865394681 ) ) ;
#3529 = DIRECTION ( 'NONE',  ( 0.000000000000000000, -1.000000000000000000, 0.000000000000000000 ) ) ;
#3530 = ORIENTED_EDGE ( 'NONE', *, *, #2832, .T. ) ;
#3531 = VECTOR ( 'NONE', #3927, 1000.000000000000000 ) ;
#3532 = VECTOR ( 'NONE', #2755, 1000.000000000000114 ) ;
#3533 = CARTESIAN_POINT ( 'NONE',  ( 1.749999999999999778, -4.376595925629559029E-16, -1.249999999999999778 ) ) ;
#3534 = CARTESIAN_POINT ( 'NONE',  ( -2.250000000000000444, -1.312978777688867807E-15, -1.249999999999999556 ) ) ;
#3535 = DIRECTION ( 'NONE',  ( -0.7071067811865561215, -0.7071067811865389130, 0.000000000000000000 ) ) ;
#3536 = CARTESIAN_POINT ( 'NONE',  ( 4.250000000000000000, 6.500000000000000000, -0.7499999999999995559 ) ) ;
#3537 = VERTEX_POINT ( 'NONE', #361 ) ;
#3538 = EDGE_LOOP ( 'NONE', ( #2998, #5078, #4401, #4619 ) ) ;
#3539 = AXIS2_PLACEMENT_3D ( 'NONE', #1316, #3697, #4508 ) ;
#3540 = DIRECTION ( 'NONE',  ( 0.000000000000000000, 0.000000000000000000, 1.000000000000000000 ) ) ;
#3541 = CARTESIAN_POINT ( 'NONE',  ( -5.950000000000001066, 6.275000000000004796, -0.1000000000000002137 ) ) ;
#3542 = CARTESIAN_POINT ( 'NONE',  ( 0.2500000000000002220, 6.499999999999998224, 1.250000000000000444 ) ) ;
#3543 = CARTESIAN_POINT ( 'NONE',  ( 3.750000000000000000, 6.500000000000000000, -1.250000000000000000 ) ) ;
#3544 = ORIENTED_EDGE ( 'NONE', *, *, #4501, .T. ) ;
#3545 = CARTESIAN_POINT ( 'NONE',  ( -5.950000000000001066, 4.250000000000000000, -0.1000000000000004774 ) ) ;
#3546 = VECTOR ( 'NONE', #1283, 1000.000000000000000 ) ;
#3547 = CARTESIAN_POINT ( 'NONE',  ( 5.015000000000000568, 6.499999999999999112, -2.500000000000000000 ) ) ;
#3548 = LINE ( 'NONE', #2788, #1310 ) ;
#3549 = ADVANCED_FACE ( 'NONE', ( #3659 ), #2075, .F. ) ;
#3550 = VERTEX_POINT ( 'NONE', #1246 ) ;
#3551 = EDGE_CURVE ( 'NONE', #740, #3075, #4498, .T. ) ;
#3552 = FACE_OUTER_BOUND ( 'NONE', #4633, .T. ) ;
#3553 = EDGE_CURVE ( 'NONE', #59, #2856, #1192, .T. ) ;
#3554 = CARTESIAN_POINT ( 'NONE',  ( 3.750000000000000000, 1.625000000000001332, 0.7499999999999995559 ) ) ;
#3555 = CARTESIAN_POINT ( 'NONE',  ( -0.2500000000000001665, 3.750000000000000000, 0.4000000000000010214 ) ) ;
#3556 = VERTEX_POINT ( 'NONE', #2413 ) ;
#3557 = EDGE_CURVE ( 'NONE', #3278, #130, #4039, .T. ) ;
#3558 = ADVANCED_FACE ( 'NONE', ( #440 ), #54, .F. ) ;
#3559 = PLANE ( 'NONE',  #3311 ) ;
#3560 = AXIS2_PLACEMENT_3D ( 'NONE', #2686, #2388, #1498 ) ;
#3561 = DIRECTION ( 'NONE',  ( -1.000000000000000000, -0.000000000000000000, -0.000000000000000000 ) ) ;
#3562 = LINE ( 'NONE', #3179, #58 ) ;
#3563 = PLANE ( 'NONE',  #901 ) ;
#3564 = VECTOR ( 'NONE', #5183, 1000.000000000000000 ) ;
#3565 = ORIENTED_EDGE ( 'NONE', *, *, #3039, .F. ) ;
#3566 = ORIENTED_EDGE ( 'NONE', *, *, #86, .T. ) ;
#3567 = VECTOR ( 'NONE', #2918, 1000.000000000000000 ) ;
#3568 = DIRECTION ( 'NONE',  ( 0.7071067811865561215, -0.7071067811865389130, 0.000000000000000000 ) ) ;
#3569 = VECTOR ( 'NONE', #4296, 1000.000000000000114 ) ;
#3570 = DIRECTION ( 'NONE',  ( 0.4999999999999997224, 0.8660254037844388186, 0.000000000000000000 ) ) ;
#3571 = LINE ( 'NONE', #4023, #905 ) ;
#3572 = LINE ( 'NONE', #1596, #5114 ) ;
#3573 = ORIENTED_EDGE ( 'NONE', *, *, #4715, .T. ) ;
#3574 =( NAMED_UNIT ( * ) SI_UNIT ( $, .STERADIAN. ) SOLID_ANGLE_UNIT ( ) );
#3575 = CARTESIAN_POINT ( 'NONE',  ( -0.2500000000000000000, 1.100000000000000533, 2.250000000000000444 ) ) ;
#3576 = DIRECTION ( 'NONE',  ( 1.084202172485502955E-16, -1.000000000000000000, 0.000000000000000000 ) ) ;
#3577 = VECTOR ( 'NONE', #3898, 1000.000000000000000 ) ;
#3578 = ORIENTED_EDGE ( 'NONE', *, *, #3064, .F. ) ;
#3579 = CARTESIAN_POINT ( 'NONE',  ( 3.750000000000000000, 0.000000000000000000, -0.7499999999999995559 ) ) ;
#3580 = PRODUCT_DEFINITION_FORMATION_WITH_SPECIFIED_SOURCE ( 'ANY', '', #1859, .NOT_KNOWN. ) ;
#3581 = CARTESIAN_POINT ( 'NONE',  ( 4.250000000000000000, 6.500000000000000000, 0.7499999999999995559 ) ) ;
#3582 = CARTESIAN_POINT ( 'NONE',  ( 0.000000000000000000, 3.100000000000000089, 0.4000000000000001887 ) ) ;
#3583 = ORIENTED_EDGE ( 'NONE', *, *, #2827, .F. ) ;
#3584 = EDGE_CURVE ( 'NONE', #1200, #2627, #3471, .T. ) ;
#3585 = VERTEX_POINT ( 'NONE', #471 ) ;
#3586 = EDGE_CURVE ( 'NONE', #4304, #5104, #3866, .T. ) ;
#3587 = CARTESIAN_POINT ( 'NONE',  ( 4.765000000000000568, 6.250000000000006217, -2.225000000000000089 ) ) ;
#3588 = CARTESIAN_POINT ( 'NONE',  ( 0.2500000000000006106, 1.750000000000000666, 2.400000000000000799 ) ) ;
#3589 = VERTEX_POINT ( 'NONE', #1452 ) ;
#3590 = VECTOR ( 'NONE', #647, 1000.000000000000000 ) ;
#3591 = CARTESIAN_POINT ( 'NONE',  ( -2.250000000000000444, -1.312978777688867807E-15, -0.7499999999999991118 ) ) ;
#3592 = DIRECTION ( 'NONE',  ( -1.000000000000000000, -0.000000000000000000, -0.000000000000000000 ) ) ;
#3593 = LINE ( 'NONE', #4100, #3546 ) ;
#3594 = VECTOR ( 'NONE', #4585, 1000.000000000000000 ) ;
#3595 = ORIENTED_EDGE ( 'NONE', *, *, #4672, .F. ) ;
#3596 = ORIENTED_EDGE ( 'NONE', *, *, #989, .F. ) ;
#3597 = FACE_OUTER_BOUND ( 'NONE', #592, .T. ) ;
#3598 =( NAMED_UNIT ( * ) PLANE_ANGLE_UNIT ( ) SI_UNIT ( $, .RADIAN. ) );
#3599 = LINE ( 'NONE', #5233, #1182 ) ;
#3600 = DIRECTION ( 'NONE',  ( -1.000000000000000000, -2.168404344971008868E-16, 0.000000000000000000 ) ) ;
#3601 = EDGE_CURVE ( 'NONE', #1050, #583, #108, .T. ) ;
#3602 = ORIENTED_EDGE ( 'NONE', *, *, #2227, .T. ) ;
#3603 = CARTESIAN_POINT ( 'NONE',  ( 2.465000000000000302, 1.625000000000000000, 2.224999999999999645 ) ) ;
#3604 = DIRECTION ( 'NONE',  ( 0.000000000000000000, 0.000000000000000000, -1.000000000000000000 ) ) ;
#3605 = ORIENTED_EDGE ( 'NONE', *, *, #4737, .T. ) ;
#3606 = DIRECTION ( 'NONE',  ( 0.7071067811865389130, -0.7071067811865561215, 0.000000000000000000 ) ) ;
#3607 = FACE_OUTER_BOUND ( 'NONE', #2266, .T. ) ;
#3608 = ORIENTED_EDGE ( 'NONE', *, *, #4349, .F. ) ;
#3609 = CARTESIAN_POINT ( 'NONE',  ( -4.500000000000000000, 3.649999999999999911, 2.224999999999999645 ) ) ;
#3610 = LINE ( 'NONE', #4068, #2336 ) ;
#3611 = EDGE_CURVE ( 'NONE', #705, #2294, #4124, .T. ) ;
#3612 = EDGE_CURVE ( 'NONE', #2277, #1823, #4713, .T. ) ;
#3613 = VECTOR ( 'NONE', #2732, 1000.000000000000000 ) ;
#3614 = ORIENTED_EDGE ( 'NONE', *, *, #3693, .F. ) ;
#3615 = VECTOR ( 'NONE', #929, 1000.000000000000114 ) ;
#3616 = DIRECTION ( 'NONE',  ( 1.000000000000000000, 0.000000000000000000, -0.000000000000000000 ) ) ;
#3617 = SURFACE_STYLE_FILL_AREA ( #3727 ) ;
#3618 = CARTESIAN_POINT ( 'NONE',  ( -4.950000000000000178, 0.000000000000000000, 1.750000000000000444 ) ) ;
#3619 = VERTEX_POINT ( 'NONE', #254 ) ;
#3620 = ORIENTED_EDGE ( 'NONE', *, *, #4803, .F. ) ;
#3621 = CARTESIAN_POINT ( 'NONE',  ( 5.124999999999999112, 3.649999999999999911, -4.870572098594924348 ) ) ;
#3622 = ORIENTED_EDGE ( 'NONE', *, *, #3217, .F. ) ;
#3623 = CARTESIAN_POINT ( 'NONE',  ( 5.950000000000000178, 4.250000000000000000, -0.8500000000000005329 ) ) ;
#3624 = DIRECTION ( 'NONE',  ( -1.000000000000000000, 0.000000000000000000, 0.000000000000000000 ) ) ;
#3625 = ORIENTED_EDGE ( 'NONE', *, *, #4868, .T. ) ;
#3626 = VECTOR ( 'NONE', #2614, 1000.000000000000000 ) ;
#3627 = CARTESIAN_POINT ( 'NONE',  ( 1.749999999999999778, 6.499999999999999112, 1.250000000000000222 ) ) ;
#3628 = VECTOR ( 'NONE', #3487, 1000.000000000000000 ) ;
#3629 = CARTESIAN_POINT ( 'NONE',  ( 2.250000000000000444, 0.000000000000000000, 0.7499999999999996669 ) ) ;
#3630 = ORIENTED_EDGE ( 'NONE', *, *, #2929, .T. ) ;
#3631 = ORIENTED_EDGE ( 'NONE', *, *, #2927, .T. ) ;
#3632 = DIRECTION ( 'NONE',  ( 0.000000000000000000, 1.000000000000000000, 0.000000000000000000 ) ) ;
#3633 = CARTESIAN_POINT ( 'NONE',  ( -3.690000000000000391, 5.375000000000000000, -4.870572098594924348 ) ) ;
#3634 = LINE ( 'NONE', #2887, #5162 ) ;
#3635 = ORIENTED_EDGE ( 'NONE', *, *, #2097, .F. ) ;
#3636 = AXIS2_PLACEMENT_3D ( 'NONE', #3701, #4862, #5231 ) ;
#3637 = LINE ( 'NONE', #1, #3656 ) ;
#3638 = VECTOR ( 'NONE', #3682, 1000.000000000000000 ) ;
#3639 = CARTESIAN_POINT ( 'NONE',  ( 2.465000000000001190, 5.149999999999999467, -4.870572098594924348 ) ) ;
#3640 = VERTEX_POINT ( 'NONE', #4935 ) ;
#3641 = ORIENTED_EDGE ( 'NONE', *, *, #5168, .F. ) ;
#3642 = ADVANCED_FACE ( 'NONE', ( #1843 ), #1304, .F. ) ;
#3643 = DIRECTION ( 'NONE',  ( -1.000000000000000000, 0.000000000000000000, 0.000000000000000000 ) ) ;
#3644 = DIRECTION ( 'NONE',  ( -0.000000000000000000, 0.000000000000000000, 1.000000000000000000 ) ) ;
#3645 = DIRECTION ( 'NONE',  ( 1.000000000000000000, 0.000000000000000000, 0.000000000000000000 ) ) ;
#3646 = CARTESIAN_POINT ( 'NONE',  ( -0.2500000000000000000, 1.250000000000000000, 7.600252258054536192 ) ) ;
#3647 = DIRECTION ( 'NONE',  ( -1.000000000000000000, -0.000000000000000000, 0.000000000000000000 ) ) ;
#3648 = EDGE_CURVE ( 'NONE', #130, #2294, #2886, .T. ) ;
#3649 = EDGE_CURVE ( 'NONE', #2784, #2013, #1275, .T. ) ;
#3650 = ORIENTED_EDGE ( 'NONE', *, *, #2703, .T. ) ;
#3651 = ADVANCED_FACE ( 'NONE', ( #4962 ), #1725, .T. ) ;
#3652 = DIRECTION ( 'NONE',  ( -0.000000000000000000, 1.000000000000000000, 1.421904488505579654E-16 ) ) ;
#3653 = DIRECTION ( 'NONE',  ( -1.084202172485503448E-16, 1.000000000000000000, 0.000000000000000000 ) ) ;
#3654 = CARTESIAN_POINT ( 'NONE',  ( 5.124999999999999112, 2.299999999999999822, 2.500000000000000444 ) ) ;
#3655 = ORIENTED_EDGE ( 'NONE', *, *, #1792, .T. ) ;
#3656 = VECTOR ( 'NONE', #1413, 1000.000000000000000 ) ;
#3657 = LINE ( 'NONE', #2154, #102 ) ;
#3658 = CARTESIAN_POINT ( 'NONE',  ( 5.950000000000000178, 0.000000000000000000, 1.750000000000000444 ) ) ;
#3659 = FACE_OUTER_BOUND ( 'NONE', #2449, .T. ) ;
#3660 = ORIENTED_EDGE ( 'NONE', *, *, #463, .F. ) ;
#3661 = CARTESIAN_POINT ( 'NONE',  ( 1.749999999999999778, -4.376595925629559029E-16, 1.250000000000000222 ) ) ;
#3662 = CARTESIAN_POINT ( 'NONE',  ( 5.950000000000000178, 6.500000000000000000, 2.500000000000000444 ) ) ;
#3663 = VERTEX_POINT ( 'NONE', #2247 ) ;
#3664 = CARTESIAN_POINT ( 'NONE',  ( 3.750000000000000000, 6.500000000000000000, 1.250000000000000000 ) ) ;
#3665 = DIRECTION ( 'NONE',  ( 1.000000000000000000, 9.605334861444114745E-17, 0.000000000000000000 ) ) ;
#3666 = EDGE_LOOP ( 'NONE', ( #4261, #2008, #3596, #2595 ) ) ;
#3667 = VECTOR ( 'NONE', #5226, 1000.000000000000000 ) ;
#3668 = VERTEX_POINT ( 'NONE', #5111 ) ;
#3669 = VECTOR ( 'NONE', #3256, 1000.000000000000000 ) ;
#3670 = DIRECTION ( 'NONE',  ( 1.000000000000000000, 0.000000000000000000, -0.000000000000000000 ) ) ;
#3671 = VECTOR ( 'NONE', #3068, 1000.000000000000000 ) ;
#3672 =( LENGTH_UNIT ( ) NAMED_UNIT ( * ) SI_UNIT ( .MILLI., .METRE. ) );
#3673 = CARTESIAN_POINT ( 'NONE',  ( -0.2500000000000001665, 3.100000000000000533, 0.2500000000000002220 ) ) ;
#3674 = CARTESIAN_POINT ( 'NONE',  ( -5.950000000000000178, -3.000000000000000000, 0.7500000000000002220 ) ) ;
#3675 = CARTESIAN_POINT ( 'NONE',  ( -5.950000000000001066, 0.4249999999999999889, 2.149999999999999911 ) ) ;
#3676 = ORIENTED_EDGE ( 'NONE', *, *, #2320, .F. ) ;
#3677 = ADVANCED_FACE ( 'NONE', ( #4152 ), #600, .F. ) ;
#3678 = APPLICATION_CONTEXT ( 'automotive_design' ) ;
#3679 = EDGE_LOOP ( 'NONE', ( #2014, #193, #4224, #897 ) ) ;
#3680 = DIRECTION ( 'NONE',  ( 0.000000000000000000, -0.3420201433256710444, 0.9396926207859075397 ) ) ;
#3681 = EDGE_CURVE ( 'NONE', #504, #72, #2131, .T. ) ;
#3682 = DIRECTION ( 'NONE',  ( 0.000000000000000000, 1.000000000000000000, 0.000000000000000000 ) ) ;
#3683 = DIRECTION ( 'NONE',  ( 1.000000000000000000, 0.000000000000000000, -0.000000000000000000 ) ) ;
#3684 = ORIENTED_EDGE ( 'NONE', *, *, #1892, .T. ) ;
#3685 = LINE ( 'NONE', #496, #602 ) ;
#3686 = EDGE_LOOP ( 'NONE', ( #871, #1439, #573, #841, #3134, #1386, #4426, #104 ) ) ;
#3687 = DIRECTION ( 'NONE',  ( 1.000000000000000000, -7.228014483236699514E-16, 0.000000000000000000 ) ) ;
#3688 = LINE ( 'NONE', #4017, #5084 ) ;
#3689 = LINE ( 'NONE', #4558, #2879 ) ;
#3690 = LINE ( 'NONE', #3295, #227 ) ;
#3691 = VERTEX_POINT ( 'NONE', #2493 ) ;
#3692 = LINE ( 'NONE', #1117, #595 ) ;
#3693 = EDGE_CURVE ( 'NONE', #668, #4146, #204, .T. ) ;
#3694 = DIRECTION ( 'NONE',  ( 0.000000000000000000, 0.000000000000000000, 1.000000000000000000 ) ) ;
#3695 = VECTOR ( 'NONE', #2690, 1000.000000000000000 ) ;
#3696 = DIRECTION ( 'NONE',  ( 1.000000000000000000, 0.000000000000000000, 0.000000000000000000 ) ) ;
#3697 = DIRECTION ( 'NONE',  ( 1.000000000000000000, 0.000000000000000000, 0.000000000000000000 ) ) ;
#3698 = VERTEX_POINT ( 'NONE', #1816 ) ;
#3699 = ORIENTED_EDGE ( 'NONE', *, *, #4113, .T. ) ;
#3700 = VECTOR ( 'NONE', #3374, 1000.000000000000114 ) ;
#3701 = CARTESIAN_POINT ( 'NONE',  ( -2.465000000000001190, 5.149999999999999467, -4.870572098594924348 ) ) ;
#3702 = VECTOR ( 'NONE', #794, 1000.000000000000000 ) ;
#3703 = PLANE ( 'NONE',  #1022 ) ;
#3704 = EDGE_LOOP ( 'NONE', ( #4103, #4804, #4743, #48 ) ) ;
#3705 = LINE ( 'NONE', #4455, #398 ) ;
#3706 = CARTESIAN_POINT ( 'NONE',  ( -4.765000000000000568, 6.250000000000003553, -2.500000000000000000 ) ) ;
#3707 = VERTEX_POINT ( 'NONE', #3441 ) ;
#3708 = CARTESIAN_POINT ( 'NONE',  ( 2.250000000000000444, 6.499999999999999112, 1.250000000000000222 ) ) ;
#3709 = LINE ( 'NONE', #921, #3508 ) ;
#3710 = EDGE_CURVE ( 'NONE', #5068, #2856, #1425, .T. ) ;
#3711 = ORIENTED_EDGE ( 'NONE', *, *, #3490, .T. ) ;
#3712 = EDGE_CURVE ( 'NONE', #2132, #4539, #3744, .T. ) ;
#3713 = VECTOR ( 'NONE', #4622, 1000.000000000000000 ) ;
#3714 = EDGE_CURVE ( 'NONE', #4270, #3750, #1333, .T. ) ;
#3715 = FACE_OUTER_BOUND ( 'NONE', #3142, .T. ) ;
#3716 = AXIS2_PLACEMENT_3D ( 'NONE', #2873, #4519, #457 ) ;
#3717 = ORIENTED_EDGE ( 'NONE', *, *, #632, .F. ) ;
#3718 = CARTESIAN_POINT ( 'NONE',  ( 5.950000000000000178, 6.500000000000000000, 2.500000000000000444 ) ) ;
#3719 = CARTESIAN_POINT ( 'NONE',  ( -0.1499999999999999112, -2.999999999999999556, 3.499999999999999112 ) ) ;
#3720 = EDGE_CURVE ( 'NONE', #4146, #1875, #927, .T. ) ;
#3721 = EDGE_CURVE ( 'NONE', #4726, #4889, #1107, .T. ) ;
#3722 = ORIENTED_EDGE ( 'NONE', *, *, #4899, .T. ) ;
#3723 = PLANE ( 'NONE',  #1025 ) ;
#3724 =( NAMED_UNIT ( * ) SI_UNIT ( $, .STERADIAN. ) SOLID_ANGLE_UNIT ( ) );
#3725 = PRODUCT_DEFINITION_CONTEXT ( 'detailed design', #1164, 'design' ) ;
#3726 = PLANE ( 'NONE',  #4192 ) ;
#3727 = FILL_AREA_STYLE ('',( #3269 ) ) ;
#3728 = ORIENTED_EDGE ( 'NONE', *, *, #1857, .T. ) ;
#3729 = VERTEX_POINT ( 'NONE', #4791 ) ;
#3730 = CARTESIAN_POINT ( 'NONE',  ( 1.749999999999999778, -4.376595925629559029E-16, 0.7499999999999996669 ) ) ;
#3731 = ITEM_DEFINED_TRANSFORMATION ( 'NONE', 'NONE', #3495,  #699 ) ;
#3732 = CARTESIAN_POINT ( 'NONE',  ( 0.1500000000000002165, 3.350000000000000089, 7.875000000000000000 ) ) ;
#3733 = FACE_OUTER_BOUND ( 'NONE', #1259, .T. ) ;
#3734 = ORIENTED_EDGE ( 'NONE', *, *, #2544, .T. ) ;
#3735 = PLANE ( 'NONE',  #2539 ) ;
#3736 = DIRECTION ( 'NONE',  ( 0.000000000000000000, -1.421904488505579654E-16, 1.000000000000000000 ) ) ;
#3737 = VECTOR ( 'NONE', #5229, 1000.000000000000000 ) ;
#3738 = STYLED_ITEM ( 'NONE', ( #4562 ), #745 ) ;
#3739 = PLANE ( 'NONE',  #5058 ) ;
#3740 = EDGE_LOOP ( 'NONE', ( #2335, #4834, #2928, #90 ) ) ;
#3741 = VECTOR ( 'NONE', #4771, 1000.000000000000000 ) ;
#3742 = DIRECTION ( 'NONE',  ( 0.000000000000000000, -1.000000000000000000, 0.000000000000000000 ) ) ;
#3743 = ORIENTED_EDGE ( 'NONE', *, *, #2703, .F. ) ;
#3744 = LINE ( 'NONE', #900, #3931 ) ;
#3745 = ORIENTED_EDGE ( 'NONE', *, *, #1963, .F. ) ;
#3746 = FACE_OUTER_BOUND ( 'NONE', #4220, .T. ) ;
#3747 = CARTESIAN_POINT ( 'NONE',  ( -3.750000000000000000, 1.624999999999997780, -4.870572098594923460 ) ) ;
#3748 = VECTOR ( 'NONE', #1161, 1000.000000000000000 ) ;
#3749 = EDGE_CURVE ( 'NONE', #4094, #3526, #725, .T. ) ;
#3750 = VERTEX_POINT ( 'NONE', #2300 ) ;
#3751 = MECHANICAL_DESIGN_GEOMETRIC_PRESENTATION_REPRESENTATION (  '', ( #2644 ), #4871 ) ;
#3752 = EDGE_CURVE ( 'NONE', #345, #4799, #298, .T. ) ;
#3753 = EDGE_CURVE ( 'NONE', #4044, #953, #2770, .T. ) ;
#3754 = CARTESIAN_POINT ( 'NONE',  ( 2.250000000000000444, -4.376595925629559029E-16, 0.7499999999999996669 ) ) ;
#3755 = DIRECTION ( 'NONE',  ( 1.000000000000000000, 0.000000000000000000, -0.000000000000000000 ) ) ;
#3756 = FACE_BOUND ( 'NONE', #4172, .T. ) ;
#3757 = ORIENTED_EDGE ( 'NONE', *, *, #4317, .T. ) ;
#3758 = ADVANCED_FACE ( 'NONE', ( #2347 ), #4359, .F. ) ;
#3759 = DIRECTION ( 'NONE',  ( 0.3236155771181853935, 0.8891264907159878161, 0.3236155771181854490 ) ) ;
#3760 = LINE ( 'NONE', #4217, #238 ) ;
#3761 = CARTESIAN_POINT ( 'NONE',  ( -4.950000000000000178, -3.000000000000000000, 0.7500000000000002220 ) ) ;
#3762 = ORIENTED_EDGE ( 'NONE', *, *, #2429, .T. ) ;
#3763 = VERTEX_POINT ( 'NONE', #1874 ) ;
#3764 = LINE ( 'NONE', #1353, #4164 ) ;
#3765 = CARTESIAN_POINT ( 'NONE',  ( 5.950000000000000178, 6.500000000000000000, -2.500000000000000000 ) ) ;
#3766 = VECTOR ( 'NONE', #2648, 1000.000000000000000 ) ;
#3767 = ORIENTED_EDGE ( 'NONE', *, *, #1543, .T. ) ;
#3768 = DIRECTION ( 'NONE',  ( 0.000000000000000000, 0.000000000000000000, -1.000000000000000000 ) ) ;
#3769 = ORIENTED_EDGE ( 'NONE', *, *, #3093, .T. ) ;
#3770 = CARTESIAN_POINT ( 'NONE',  ( 4.765000000000000568, 6.250000000000006217, 2.225000000000000089 ) ) ;
#3771 = ORIENTED_EDGE ( 'NONE', *, *, #4405, .F. ) ;
#3772 = CARTESIAN_POINT ( 'NONE',  ( -7.155734338404320390E-16, -2.999999999999999556, 1.849999999999999201 ) ) ;
#3773 = EDGE_CURVE ( 'NONE', #1140, #2796, #775, .T. ) ;
#3774 = DIRECTION ( 'NONE',  ( 0.000000000000000000, -1.000000000000000000, 0.000000000000000000 ) ) ;
#3775 = CARTESIAN_POINT ( 'NONE',  ( -5.950000000000001066, 0.4249999999999999889, 2.500000000000000000 ) ) ;
#3776 = PLANE ( 'NONE',  #2185 ) ;
#3777 = ADVANCED_FACE ( 'NONE', ( #1480 ), #4430, .T. ) ;
#3778 = ORIENTED_EDGE ( 'NONE', *, *, #869, .F. ) ;
#3779 = DIRECTION ( 'NONE',  ( 0.7071067811865561215, -0.7071067811865389130, 0.000000000000000000 ) ) ;
#3780 = CARTESIAN_POINT ( 'NONE',  ( -0.2500000000000001665, -2.725252258054537080, -0.2500000000000006106 ) ) ;
#3781 = CARTESIAN_POINT ( 'NONE',  ( 0.1342909437369700087, -3.043160277363618160, 1.865709056263029852 ) ) ;
#3782 = ADVANCED_FACE ( 'NONE', ( #5139 ), #3089, .F. ) ;
#3783 = VECTOR ( 'NONE', #4720, 1000.000000000000114 ) ;
#3784 = EDGE_LOOP ( 'NONE', ( #3483, #5046, #700, #3769 ) ) ;
#3785 = MECHANICAL_DESIGN_GEOMETRIC_PRESENTATION_REPRESENTATION (  '', ( #4043 ), #4650 ) ;
#3786 = CARTESIAN_POINT ( 'NONE',  ( 0.2500000000000002220, -8.753191851259118059E-16, 0.7499999999999997780 ) ) ;
#3787 = DIRECTION ( 'NONE',  ( 0.000000000000000000, -1.000000000000000000, 0.000000000000000000 ) ) ;
#3788 = ORIENTED_EDGE ( 'NONE', *, *, #4602, .T. ) ;
#3789 = VECTOR ( 'NONE', #464, 1000.000000000000000 ) ;
#3790 = FACE_OUTER_BOUND ( 'NONE', #5112, .T. ) ;
#3791 = VERTEX_POINT ( 'NONE', #5160 ) ;
#3792 = EDGE_LOOP ( 'NONE', ( #5164, #4228, #1225, #2421 ) ) ;
#3793 = EDGE_LOOP ( 'NONE', ( #2172, #1031, #2408, #3402 ) ) ;
#3794 = CARTESIAN_POINT ( 'NONE',  ( 0.2500000000000004441, 3.100000000000000089, 0.4000000000000001887 ) ) ;
#3795 = ORIENTED_EDGE ( 'NONE', *, *, #1242, .T. ) ;
#3796 = VECTOR ( 'NONE', #221, 1000.000000000000000 ) ;
#3797 = DIRECTION ( 'NONE',  ( -0.000000000000000000, -0.000000000000000000, 1.000000000000000000 ) ) ;
#3798 = CARTESIAN_POINT ( 'NONE',  ( -5.450000000000001954, 6.500000000000000000, 0.1250000000000001110 ) ) ;
#3799 = LINE ( 'NONE', #2631, #3280 ) ;
#3800 = CARTESIAN_POINT ( 'NONE',  ( -5.950000000000001066, 4.250000000000000000, -0.8500000000000005329 ) ) ;
#3801 = ORIENTED_EDGE ( 'NONE', *, *, #4241, .T. ) ;
#3802 = ORIENTED_EDGE ( 'NONE', *, *, #1990, .T. ) ;
#3803 = LINE ( 'NONE', #1395, #2705 ) ;
#3804 = CARTESIAN_POINT ( 'NONE',  ( -4.765000000000000568, 5.624999999999993783, -2.500000000000000000 ) ) ;
#3805 = DIRECTION ( 'NONE',  ( -1.000000000000000000, 0.000000000000000000, 0.000000000000000000 ) ) ;
#3806 = EDGE_CURVE ( 'NONE', #2606, #1232, #1505, .T. ) ;
#3807 = ORIENTED_EDGE ( 'NONE', *, *, #1897, .T. ) ;
#3808 = EDGE_CURVE ( 'NONE', #1834, #716, #1928, .T. ) ;
#3809 = AXIS2_PLACEMENT_3D ( 'NONE', #3246, #3670, #1686 ) ;
#3810 = EDGE_CURVE ( 'NONE', #4597, #2667, #5184, .T. ) ;
#3811 = FACE_OUTER_BOUND ( 'NONE', #3686, .T. ) ;
#3812 = LINE ( 'NONE', #126, #674 ) ;
#3813 = EDGE_CURVE ( 'NONE', #4258, #1750, #3548, .T. ) ;
#3814 = VECTOR ( 'NONE', #4652, 1000.000000000000000 ) ;
#3815 = EDGE_CURVE ( 'NONE', #2990, #755, #3115, .T. ) ;
#3816 = VERTEX_POINT ( 'NONE', #2695 ) ;
#3817 = AXIS2_PLACEMENT_3D ( 'NONE', #214, #1827, #1219 ) ;
#3818 = DIRECTION ( 'NONE',  ( 1.000000000000000000, 0.000000000000000000, 0.000000000000000000 ) ) ;
#3819 = AXIS2_PLACEMENT_3D ( 'NONE', #4038, #2464, #2017 ) ;
#3820 = VERTEX_POINT ( 'NONE', #4030 ) ;
#3821 = ORIENTED_EDGE ( 'NONE', *, *, #1284, .T. ) ;
#3822 = EDGE_LOOP ( 'NONE', ( #4254, #4308, #4013, #199, #159, #1096, #42, #1628, #1002, #2110, #1070, #3204, #186, #477, #3133, #970, #5071 ) ) ;
#3823 = PLANE ( 'NONE',  #1829 ) ;
#3824 = EDGE_LOOP ( 'NONE', ( #1021, #2795, #2985, #2293 ) ) ;
#3825 = DIRECTION ( 'NONE',  ( 0.000000000000000000, 1.000000000000000000, 0.000000000000000000 ) ) ;
#3826 = DIRECTION ( 'NONE',  ( -1.000000000000000000, -2.869677711329156774E-32, 4.336808689942011327E-16 ) ) ;
#3827 = PRODUCT_DEFINITION_CONTEXT ( 'detailed design', #3678, 'design' ) ;
#3828 = PLANE ( 'NONE',  #5138 ) ;
#3829 = AXIS2_PLACEMENT_3D ( 'NONE', #2650, #5092, #2592 ) ;
#3830 = LINE ( 'NONE', #934, #3961 ) ;
#3831 = ORIENTED_EDGE ( 'NONE', *, *, #332, .F. ) ;
#3832 = VERTEX_POINT ( 'NONE', #677 ) ;
#3833 = FACE_OUTER_BOUND ( 'NONE', #1269, .T. ) ;
#3834 = FACE_OUTER_BOUND ( 'NONE', #1496, .T. ) ;
#3835 = ADVANCED_BREP_SHAPE_REPRESENTATION ( '', ( #4263, #699 ), #5218 ) ;
#3836 = CARTESIAN_POINT ( 'NONE',  ( 4.318674134265341635, 4.914168687704686178, 2.400000000000000799 ) ) ;
#3837 = ORIENTED_EDGE ( 'NONE', *, *, #5053, .F. ) ;
#3838 = PLANE ( 'NONE',  #3930 ) ;
#3839 = LINE ( 'NONE', #2149, #3396 ) ;
#3840 = CARTESIAN_POINT ( 'NONE',  ( -4.950000000000000178, -1.808246407405795342, 1.750000000000000222 ) ) ;
#3841 = EDGE_CURVE ( 'NONE', #3347, #4230, #1529, .T. ) ;
#3842 = ORIENTED_EDGE ( 'NONE', *, *, #816, .F. ) ;
#3843 = ADVANCED_FACE ( 'NONE', ( #2722 ), #748, .F. ) ;
#3844 = VECTOR ( 'NONE', #2383, 1000.000000000000000 ) ;
#3845 = EDGE_CURVE ( 'NONE', #1301, #578, #3144, .T. ) ;
#3846 = DIRECTION ( 'NONE',  ( 0.7071067811865550112, 0.7071067811865400232, 0.000000000000000000 ) ) ;
#3847 = ORIENTED_EDGE ( 'NONE', *, *, #4147, .T. ) ;
#3848 = AXIS2_PLACEMENT_3D ( 'NONE', #1617, #813, #4416 ) ;
#3849 = ORIENTED_EDGE ( 'NONE', *, *, #3253, .F. ) ;
#3850 = ORIENTED_EDGE ( 'NONE', *, *, #390, .T. ) ;
#3851 = CARTESIAN_POINT ( 'NONE',  ( -4.514999999999999680, 5.375000000000000000, -2.500000000000000000 ) ) ;
#3852 = ORIENTED_EDGE ( 'NONE', *, *, #3184, .F. ) ;
#3853 = EDGE_CURVE ( 'NONE', #1845, #1406, #3199, .T. ) ;
#3854 = CARTESIAN_POINT ( 'NONE',  ( -5.950000000000001066, 0.9250000000000000444, 2.149999999999999911 ) ) ;
#3855 = CARTESIAN_POINT ( 'NONE',  ( 4.765000000000000568, 5.624999999999994671, -2.500000000000000000 ) ) ;
#3856 = DIRECTION ( 'NONE',  ( 1.000000000000000000, 0.000000000000000000, -0.000000000000000000 ) ) ;
#3857 = VERTEX_POINT ( 'NONE', #4140 ) ;
#3858 = VERTEX_POINT ( 'NONE', #3222 ) ;
#3859 = CARTESIAN_POINT ( 'NONE',  ( -4.250000000000000000, 1.624999999999998002, -4.870572098594923460 ) ) ;
#3860 = LINE ( 'NONE', #538, #4661 ) ;
#3861 = CARTESIAN_POINT ( 'NONE',  ( 5.950000000000000178, 6.500000000000000000, -2.500000000000000000 ) ) ;
#3862 = LINE ( 'NONE', #291, #4947 ) ;
#3863 = VERTEX_POINT ( 'NONE', #1630 ) ;
#3864 = PLANE ( 'NONE',  #2988 ) ;
#3865 = DIRECTION ( 'NONE',  ( -1.000000000000000000, -0.000000000000000000, -0.000000000000000000 ) ) ;
#3866 = LINE ( 'NONE', #3840, #876 ) ;
#3867 = ORIENTED_EDGE ( 'NONE', *, *, #526, .F. ) ;
#3868 = CARTESIAN_POINT ( 'NONE',  ( 4.765000000000000568, 6.250000000000006217, -2.500000000000000000 ) ) ;
#3869 = VECTOR ( 'NONE', #4854, 1000.000000000000000 ) ;
#3870 = LINE ( 'NONE', #1455, #1538 ) ;
#3871 = AXIS2_PLACEMENT_3D ( 'NONE', #2392, #1988, #3110 ) ;
#3872 = ORIENTED_EDGE ( 'NONE', *, *, #1862, .F. ) ;
#3873 = ORIENTED_EDGE ( 'NONE', *, *, #3710, .F. ) ;
#3874 = DIRECTION ( 'NONE',  ( -1.000000000000000000, -0.000000000000000000, -0.000000000000000000 ) ) ;
#3875 = CARTESIAN_POINT ( 'NONE',  ( -0.2500000000000001665, 3.100000000000000089, 0.4000000000000001887 ) ) ;
#3876 = ORIENTED_EDGE ( 'NONE', *, *, #4715, .F. ) ;
#3877 = EDGE_CURVE ( 'NONE', #4411, #4299, #3281, .T. ) ;
#3878 = ADVANCED_FACE ( 'NONE', ( #3733 ), #2926, .T. ) ;
#3879 = ORIENTED_EDGE ( 'NONE', *, *, #2893, .F. ) ;
#3880 = EDGE_CURVE ( 'NONE', #3092, #1301, #1263, .T. ) ;
#3881 = UNCERTAINTY_MEASURE_WITH_UNIT (LENGTH_MEASURE( 1.000000000000000082E-05 ), #3973, 'distance_accuracy_value', 'NONE');
#3882 = CARTESIAN_POINT ( 'NONE',  ( 4.514999999999999680, 5.375000000000000000, -2.500000000000000000 ) ) ;
#3883 = ADVANCED_FACE ( 'NONE', ( #4084 ), #458, .F. ) ;
#3884 = DIRECTION ( 'NONE',  ( -1.084202172485503571E-16, 0.000000000000000000, -1.000000000000000000 ) ) ;
#3885 = EDGE_LOOP ( 'NONE', ( #4584, #825, #4396, #3872 ) ) ;
#3886 = ORIENTED_EDGE ( 'NONE', *, *, #2821, .F. ) ;
#3887 = CARTESIAN_POINT ( 'NONE',  ( -0.2500000000000002220, 6.499999999999998224, 0.7499999999999997780 ) ) ;
#3888 = FACE_OUTER_BOUND ( 'NONE', #2569, .T. ) ;
#3889 = VECTOR ( 'NONE', #4190, 1000.000000000000000 ) ;
#3890 = DIRECTION ( 'NONE',  ( 0.000000000000000000, -1.000000000000000000, -1.338521200599385475E-16 ) ) ;
#3891 = EDGE_LOOP ( 'NONE', ( #3850, #161, #3717, #395 ) ) ;
#3892 = CARTESIAN_POINT ( 'NONE',  ( 2.240000000000007319, 4.775000000000000355, -8.724999999999999645 ) ) ;
#3893 = DIRECTION ( 'NONE',  ( -1.000000000000000000, -0.000000000000000000, -0.000000000000000000 ) ) ;
#3894 = CARTESIAN_POINT ( 'NONE',  ( -4.950000000000000178, 0.000000000000000000, -2.500000000000000000 ) ) ;
#3895 = EDGE_LOOP ( 'NONE', ( #4206, #4462, #3423, #4890 ) ) ;
#3896 = CARTESIAN_POINT ( 'NONE',  ( -4.765000000000000568, 5.624999999999993783, -2.500000000000000000 ) ) ;
#3897 = VECTOR ( 'NONE', #3643, 1000.000000000000000 ) ;
#3898 = DIRECTION ( 'NONE',  ( 0.000000000000000000, -1.000000000000000000, 0.000000000000000000 ) ) ;
#3899 = VECTOR ( 'NONE', #3010, 1000.000000000000000 ) ;
#3900 = ORIENTED_EDGE ( 'NONE', *, *, #4805, .T. ) ;
#3901 = ORIENTED_EDGE ( 'NONE', *, *, #4807, .F. ) ;
#3902 = DIRECTION ( 'NONE',  ( -0.7071067811865389130, -0.7071067811865561215, 0.000000000000000000 ) ) ;
#3903 = DIRECTION ( 'NONE',  ( 9.605334861444114745E-17, -1.000000000000000000, 0.000000000000000000 ) ) ;
#3904 = ORIENTED_EDGE ( 'NONE', *, *, #4872, .F. ) ;
#3905 = CARTESIAN_POINT ( 'NONE',  ( -2.250000000000000444, 6.499999999999998224, 0.7500000000000000000 ) ) ;
#3906 = DIRECTION ( 'NONE',  ( 1.000000000000000000, -0.000000000000000000, 0.000000000000000000 ) ) ;
#3907 = EDGE_CURVE ( 'NONE', #2622, #1406, #3306, .T. ) ;
#3908 = VERTEX_POINT ( 'NONE', #3674 ) ;
#3909 = EDGE_CURVE ( 'NONE', #3492, #2575, #4866, .T. ) ;
#3910 = EDGE_CURVE ( 'NONE', #1875, #4726, #4456, .T. ) ;
#3911 = ORIENTED_EDGE ( 'NONE', *, *, #3287, .T. ) ;
#3912 = CARTESIAN_POINT ( 'NONE',  ( -1.749999999999999778, 1.624999999999998224, -4.870572098594924348 ) ) ;
#3913 = CARTESIAN_POINT ( 'NONE',  ( 3.465000000000002078, 6.500000000000000000, -2.500000000000000000 ) ) ;
#3914 = CARTESIAN_POINT ( 'NONE',  ( -5.015000000000000568, 6.499999999999998224, 2.225000000000000089 ) ) ;
#3915 = ORIENTED_EDGE ( 'NONE', *, *, #3841, .F. ) ;
#3916 = ADVANCED_FACE ( 'NONE', ( #2092 ), #1206, .T. ) ;
#3917 = VECTOR ( 'NONE', #3933, 1000.000000000000000 ) ;
#3918 = SHAPE_REPRESENTATION_RELATIONSHIP ( 'NONE' , 'NONE' ,  #4242, #3835 ) ;
#3919 = VERTEX_POINT ( 'NONE', #4488 ) ;
#3920 = DIRECTION ( 'NONE',  ( 0.7071067811865389130, -0.7071067811865561215, 0.000000000000000000 ) ) ;
#3921 = CARTESIAN_POINT ( 'NONE',  ( -4.250000000000000000, -1.750638370251823612E-15, -0.7499999999999990008 ) ) ;
#3922 = ORIENTED_EDGE ( 'NONE', *, *, #1824, .F. ) ;
#3923 = LINE ( 'NONE', #2674, #4170 ) ;
#3924 = DIRECTION ( 'NONE',  ( 0.000000000000000000, 0.000000000000000000, 1.000000000000000000 ) ) ;
#3925 = VERTEX_POINT ( 'NONE', #1657 ) ;
#3926 = ORIENTED_EDGE ( 'NONE', *, *, #4980, .F. ) ;
#3927 = DIRECTION ( 'NONE',  ( -0.000000000000000000, -0.000000000000000000, 1.000000000000000000 ) ) ;
#3928 = VECTOR ( 'NONE', #3797, 1000.000000000000000 ) ;
#3929 = VERTEX_POINT ( 'NONE', #2005 ) ;
#3930 = AXIS2_PLACEMENT_3D ( 'NONE', #202, #3009, #2956 ) ;
#3931 = VECTOR ( 'NONE', #4987, 1000.000000000000000 ) ;
#3932 = UNCERTAINTY_MEASURE_WITH_UNIT (LENGTH_MEASURE( 1.000000000000000082E-05 ), #4651, 'distance_accuracy_value', 'NONE');
#3933 = DIRECTION ( 'NONE',  ( 1.000000000000000000, -0.000000000000000000, -0.000000000000000000 ) ) ;
#3934 = DIRECTION ( 'NONE',  ( 0.000000000000000000, 1.000000000000000000, 0.000000000000000000 ) ) ;
#3935 = VERTEX_POINT ( 'NONE', #3249 ) ;
#3936 = VERTEX_POINT ( 'NONE', #2508 ) ;
#3937 = ADVANCED_FACE ( 'NONE', ( #2819 ), #4926, .F. ) ;
#3938 = DIRECTION ( 'NONE',  ( -0.000000000000000000, 1.000000000000000000, 1.057758217059028608E-16 ) ) ;
#3939 = LINE ( 'NONE', #317, #4754 ) ;
#3940 = ADVANCED_FACE ( 'NONE', ( #402 ), #2481, .T. ) ;
#3941 = CARTESIAN_POINT ( 'NONE',  ( 2.465000000000000302, 1.625000000000000000, 2.500000000000000444 ) ) ;
#3942 = VERTEX_POINT ( 'NONE', #3706 ) ;
#3943 = ADVANCED_FACE ( 'NONE', ( #1689 ), #487, .T. ) ;
#3944 = PRODUCT_DEFINITION_SHAPE ( 'NONE', 'NONE',  #2490 ) ;
#3945 = DIRECTION ( 'NONE',  ( 1.000000000000000000, 0.000000000000000000, 0.000000000000000000 ) ) ;
#3946 = CARTESIAN_POINT ( 'NONE',  ( -3.750000000000000000, 6.499999999999997335, -0.7499999999999990008 ) ) ;
#3947 = CARTESIAN_POINT ( 'NONE',  ( -0.2500000000000001665, 3.100000000000000533, 0.2500000000000002220 ) ) ;
#3948 = ADVANCED_FACE ( 'NONE', ( #889 ), #2121, .T. ) ;
#3949 = ADVANCED_FACE ( 'NONE', ( #3338 ), #4979, .F. ) ;
#3950 = VERTEX_POINT ( 'NONE', #3861 ) ;
#3951 = DIRECTION ( 'NONE',  ( 0.000000000000000000, -1.000000000000000000, 0.000000000000000000 ) ) ;
#3952 = VECTOR ( 'NONE', #2906, 1000.000000000000227 ) ;
#3953 = CARTESIAN_POINT ( 'NONE',  ( -0.2500000000000002220, 6.499999999999998224, 0.7499999999999997780 ) ) ;
#3954 =( REPRESENTATION_RELATIONSHIP ('NONE','NONE', #1653, #1488 ) REPRESENTATION_RELATIONSHIP_WITH_TRANSFORMATION ( #3731 )SHAPE_REPRESENTATION_RELATIONSHIP( ) );
#3955 = ORIENTED_EDGE ( 'NONE', *, *, #4868, .F. ) ;
#3956 = DIRECTION ( 'NONE',  ( 1.000000000000000000, 9.605334861444114745E-17, 0.000000000000000000 ) ) ;
#3957 = LINE ( 'NONE', #681, #2840 ) ;
#3958 = ORIENTED_EDGE ( 'NONE', *, *, #2483, .T. ) ;
#3959 = ADVANCED_FACE ( 'NONE', ( #5056 ), #5032, .F. ) ;
#3960 = CIRCLE ( 'NONE', #2173, 0.6500000000000000222 ) ;
#3961 = VECTOR ( 'NONE', #4590, 1000.000000000000000 ) ;
#3962 = ORIENTED_EDGE ( 'NONE', *, *, #4637, .T. ) ;
#3963 = DIRECTION ( 'NONE',  ( -0.000000000000000000, -0.000000000000000000, 1.000000000000000000 ) ) ;
#3964 = LINE ( 'NONE', #2361, #2098 ) ;
#3965 = FACE_OUTER_BOUND ( 'NONE', #4091, .T. ) ;
#3966 = ORIENTED_EDGE ( 'NONE', *, *, #3773, .F. ) ;
#3967 = ORIENTED_EDGE ( 'NONE', *, *, #3910, .T. ) ;
#3968 = DIRECTION ( 'NONE',  ( -0.000000000000000000, 0.000000000000000000, 1.000000000000000000 ) ) ;
#3969 = CARTESIAN_POINT ( 'NONE',  ( 4.500000000000000000, 3.649999999999999911, 2.500000000000000444 ) ) ;
#3970 = LINE ( 'NONE', #3188, #1582 ) ;
#3971 = ORIENTED_EDGE ( 'NONE', *, *, #2102, .F. ) ;
#3972 = AXIS2_PLACEMENT_3D ( 'NONE', #2401, #1292, #5262 ) ;
#3973 =( LENGTH_UNIT ( ) NAMED_UNIT ( * ) SI_UNIT ( .MILLI., .METRE. ) );
#3974 = EDGE_LOOP ( 'NONE', ( #4860, #1422, #1917, #1110 ) ) ;
#3975 = PLANE ( 'NONE',  #1014 ) ;
#3976 = DIRECTION ( 'NONE',  ( 1.000000000000000000, 0.000000000000000000, 0.000000000000000000 ) ) ;
#3977 = EDGE_CURVE ( 'NONE', #1398, #4577, #3007, .T. ) ;
#3978 = VERTEX_POINT ( 'NONE', #4646 ) ;
#3979 = EDGE_CURVE ( 'NONE', #3729, #3357, #124, .T. ) ;
#3980 = EDGE_CURVE ( 'NONE', #2364, #4299, #993, .T. ) ;
#3981 = DIRECTION ( 'NONE',  ( 0.000000000000000000, 1.000000000000000000, 0.000000000000000000 ) ) ;
#3982 = ORIENTED_EDGE ( 'NONE', *, *, #1040, .T. ) ;
#3983 = EDGE_CURVE ( 'NONE', #3242, #1999, #2981, .T. ) ;
#3984 = CARTESIAN_POINT ( 'NONE',  ( -3.464999999999999414, 6.500000000000000000, -2.500000000000000000 ) ) ;
#3985 = CARTESIAN_POINT ( 'NONE',  ( -3.465000000000000746, 4.774999999999999467, -2.500000000000002220 ) ) ;
#3986 = ORIENTED_EDGE ( 'NONE', *, *, #45, .T. ) ;
#3987 = VECTOR ( 'NONE', #4414, 1000.000000000000000 ) ;
#3988 = FACE_OUTER_BOUND ( 'NONE', #2079, .T. ) ;
#3989 = FACE_OUTER_BOUND ( 'NONE', #35, .T. ) ;
#3990 = AXIS2_PLACEMENT_3D ( 'NONE', #4814, #3920, #1478 ) ;
#3991 = ORIENTED_EDGE ( 'NONE', *, *, #1492, .T. ) ;
#3992 = VERTEX_POINT ( 'NONE', #1421 ) ;
#3993 = AXIS2_PLACEMENT_3D ( 'NONE', #4081, #2058, #4517 ) ;
#3994 = VECTOR ( 'NONE', #1194, 1000.000000000000000 ) ;
#3995 = DIRECTION ( 'NONE',  ( 0.000000000000000000, -1.000000000000000000, 0.000000000000000000 ) ) ;
#3996 = VECTOR ( 'NONE', #4293, 1000.000000000000000 ) ;
#3997 = CARTESIAN_POINT ( 'NONE',  ( 3.972363140661015368, 4.314340451562332923, 2.400000000000000799 ) ) ;
#3998 = DIRECTION ( 'NONE',  ( 0.000000000000000000, -1.000000000000000000, 0.000000000000000000 ) ) ;
#3999 = VECTOR ( 'NONE', #1909, 1000.000000000000000 ) ;
#4000 = ORIENTED_EDGE ( 'NONE', *, *, #2187, .F. ) ;
#4001 = CARTESIAN_POINT ( 'NONE',  ( 0.2500000000000002220, 1.624999999999998668, -4.870572098594924348 ) ) ;
#4002 =( LENGTH_UNIT ( ) NAMED_UNIT ( * ) SI_UNIT ( .MILLI., .METRE. ) );
#4003 = DIRECTION ( 'NONE',  ( -1.000000000000000000, 2.168404344971009115E-16, 0.000000000000000000 ) ) ;
#4004 = DIRECTION ( 'NONE',  ( -0.000000000000000000, -0.000000000000000000, -1.000000000000000000 ) ) ;
#4005 = VECTOR ( 'NONE', #1878, 999.9999999999998863 ) ;
#4006 = ORIENTED_EDGE ( 'NONE', *, *, #1824, .T. ) ;
#4007 = AXIS2_PLACEMENT_3D ( 'NONE', #4137, #1627, #1203 ) ;
#4008 = ADVANCED_FACE ( 'NONE', ( #4704 ), #969, .T. ) ;
#4009 = LINE ( 'NONE', #2793, #2049 ) ;
#4010 = DIRECTION ( 'NONE',  ( 0.000000000000000000, 1.000000000000000000, 0.000000000000000000 ) ) ;
#4011 = CARTESIAN_POINT ( 'NONE',  ( 2.240000000000006875, 5.375000000000000000, -2.225000000000000089 ) ) ;
#4012 = ADVANCED_FACE ( 'NONE', ( #2218 ), #1812, .T. ) ;
#4013 = ORIENTED_EDGE ( 'NONE', *, *, #3093, .F. ) ;
#4014 = DIRECTION ( 'NONE',  ( -0.000000000000000000, 1.421904488505579654E-16, -1.000000000000000000 ) ) ;
#4015 = ORIENTED_EDGE ( 'NONE', *, *, #4746, .T. ) ;
#4016 = CARTESIAN_POINT ( 'NONE',  ( 4.950000000000000178, 0.000000000000000000, 1.750000000000000444 ) ) ;
#4017 = CARTESIAN_POINT ( 'NONE',  ( 3.626052147056688213, 4.914168687704686178, 2.400000000000000799 ) ) ;
#4018 = ORIENTED_EDGE ( 'NONE', *, *, #3611, .F. ) ;
#4019 = VECTOR ( 'NONE', #4552, 1000.000000000000000 ) ;
#4020 = CARTESIAN_POINT ( 'NONE',  ( 5.950000000000000178, 6.500000000000000000, -1.074999999999995515 ) ) ;
#4021 =( NAMED_UNIT ( * ) PLANE_ANGLE_UNIT ( ) SI_UNIT ( $, .RADIAN. ) );
#4022 = VECTOR ( 'NONE', #4575, 1000.000000000000000 ) ;
#4023 = CARTESIAN_POINT ( 'NONE',  ( -5.950000000000001066, 6.500000000000000000, -1.074999999999995515 ) ) ;
#4024 = FACE_OUTER_BOUND ( 'NONE', #1428, .T. ) ;
#4025 = CARTESIAN_POINT ( 'NONE',  ( 4.950000000000000178, -1.808246407405795342, 1.750000000000000222 ) ) ;
#4026 = ORIENTED_EDGE ( 'NONE', *, *, #3184, .T. ) ;
#4027 = ORIENTED_EDGE ( 'NONE', *, *, #594, .T. ) ;
#4028 = LINE ( 'NONE', #4922, #1360 ) ;
#4029 = DIRECTION ( 'NONE',  ( 0.000000000000000000, -1.421904488505579654E-16, 1.000000000000000000 ) ) ;
#4030 = CARTESIAN_POINT ( 'NONE',  ( -0.2500000000000001665, 3.750000000000000000, 7.600252258054534416 ) ) ;
#4031 = ORIENTED_EDGE ( 'NONE', *, *, #1130, .T. ) ;
#4032 = LINE ( 'NONE', #4982, #3475 ) ;
#4033 = ORIENTED_EDGE ( 'NONE', *, *, #390, .F. ) ;
#4034 = DIRECTION ( 'NONE',  ( 0.000000000000000000, -1.000000000000000000, 0.000000000000000000 ) ) ;
#4035 = DIRECTION ( 'NONE',  ( 0.000000000000000000, 0.000000000000000000, -1.000000000000000000 ) ) ;
#4036 = ORIENTED_EDGE ( 'NONE', *, *, #3324, .F. ) ;
#4037 = DIRECTION ( 'NONE',  ( 1.000000000000000000, 0.000000000000000000, -0.000000000000000000 ) ) ;
#4038 = CARTESIAN_POINT ( 'NONE',  ( 5.950000000000000178, 6.500000000000000000, -2.500000000000000000 ) ) ;
#4039 = LINE ( 'NONE', #842, #4367 ) ;
#4040 = ORIENTED_EDGE ( 'NONE', *, *, #310, .F. ) ;
#4041 = DIRECTION ( 'NONE',  ( 0.9396926207859093161, 1.018816780924679279E-16, -0.3420201433256663259 ) ) ;
#4042 = ADVANCED_FACE ( 'NONE', ( #4596 ), #2147, .F. ) ;
#4043 = STYLED_ITEM ( 'NONE', ( #4423 ), #4280 ) ;
#4044 = VERTEX_POINT ( 'NONE', #2562 ) ;
#4045 = EDGE_CURVE ( 'NONE', #668, #675, #1787, .T. ) ;
#4046 = FILL_AREA_STYLE_COLOUR ( '', #2880 ) ;
#4047 = DIRECTION ( 'NONE',  ( -1.000000000000000000, 2.168404344971009115E-16, 0.000000000000000000 ) ) ;
#4048 = ORIENTED_EDGE ( 'NONE', *, *, #2645, .F. ) ;
#4049 = ORIENTED_EDGE ( 'NONE', *, *, #4500, .T. ) ;
#4050 = ORIENTED_EDGE ( 'NONE', *, *, #568, .F. ) ;
#4051 = VECTOR ( 'NONE', #1676, 1000.000000000000000 ) ;
#4052 = DIRECTION ( 'NONE',  ( 1.084202172485503571E-16, -6.617026289364699094E-17, 1.000000000000000000 ) ) ;
#4053 = APPLICATION_PROTOCOL_DEFINITION ( 'draft international standard', 'automotive_design', 1998, #892 ) ;
#4054 = DIRECTION ( 'NONE',  ( 0.000000000000000000, 0.000000000000000000, 1.000000000000000000 ) ) ;
#4055 = DIRECTION ( 'NONE',  ( 0.000000000000000000, 0.000000000000000000, 1.000000000000000000 ) ) ;
#4056 = ORIENTED_EDGE ( 'NONE', *, *, #790, .F. ) ;
#4057 = VECTOR ( 'NONE', #197, 1000.000000000000000 ) ;
#4058 = CARTESIAN_POINT ( 'NONE',  ( 0.000000000000000000, -2.999999999999999112, -0.1500000000000003830 ) ) ;
#4059 = ORIENTED_EDGE ( 'NONE', *, *, #3853, .F. ) ;
#4060 = VECTOR ( 'NONE', #513, 1000.000000000000000 ) ;
#4061 = CARTESIAN_POINT ( 'NONE',  ( -4.250000000000000000, 6.499999999999997335, -0.7499999999999990008 ) ) ;
#4062 = ORIENTED_EDGE ( 'NONE', *, *, #495, .T. ) ;
#4063 = VERTEX_POINT ( 'NONE', #5107 ) ;
#4064 = DIRECTION ( 'NONE',  ( 1.000000000000000000, -0.000000000000000000, -0.000000000000000000 ) ) ;
#4065 = DIRECTION ( 'NONE',  ( 0.000000000000000000, 0.000000000000000000, -1.000000000000000000 ) ) ;
#4066 = PLANE ( 'NONE',  #2380 ) ;
#4067 = DIRECTION ( 'NONE',  ( -0.000000000000000000, 0.000000000000000000, 1.000000000000000000 ) ) ;
#4068 = CARTESIAN_POINT ( 'NONE',  ( -5.950000000000001066, 6.274999999999999467, -0.8500000000000005329 ) ) ;
#4069 = DIRECTION ( 'NONE',  ( 0.000000000000000000, 0.000000000000000000, -1.000000000000000000 ) ) ;
#4070 = VERTEX_POINT ( 'NONE', #2243 ) ;
#4071 = AXIS2_PLACEMENT_3D ( 'NONE', #5260, #2785, #1654 ) ;
#4072 = EDGE_CURVE ( 'NONE', #331, #1574, #143, .T. ) ;
#4073 = CARTESIAN_POINT ( 'NONE',  ( -0.2500000000000002220, -8.753191851259118059E-16, -0.7499999999999993339 ) ) ;
#4074 = VECTOR ( 'NONE', #2878, 1000.000000000000000 ) ;
#4075 = CARTESIAN_POINT ( 'NONE',  ( -4.950000000000000178, -1.808246407405795342, 1.750000000000000222 ) ) ;
#4076 = ORIENTED_EDGE ( 'NONE', *, *, #4708, .T. ) ;
#4077 = EDGE_CURVE ( 'NONE', #3750, #4044, #567, .T. ) ;
#4078 = ADVANCED_FACE ( 'NONE', ( #1017 ), #1761, .T. ) ;
#4079 = ORIENTED_EDGE ( 'NONE', *, *, #2027, .T. ) ;
#4080 = DIRECTION ( 'NONE',  ( -1.000000000000000000, 0.000000000000000000, 0.000000000000000000 ) ) ;
#4081 = CARTESIAN_POINT ( 'NONE',  ( -0.2500000000000001665, -2.999999999999999112, -0.2500000000000006661 ) ) ;
#4082 = DIRECTION ( 'NONE',  ( 1.000000000000000000, 0.000000000000000000, 0.000000000000000000 ) ) ;
#4083 = DIRECTION ( 'NONE',  ( 0.000000000000000000, 0.000000000000000000, -1.000000000000000000 ) ) ;
#4084 = FACE_OUTER_BOUND ( 'NONE', #2766, .T. ) ;
#4085 = ORIENTED_EDGE ( 'NONE', *, *, #2860, .T. ) ;
#4086 = CARTESIAN_POINT ( 'NONE',  ( -2.465000000000001190, 5.149999999999999467, 2.500000000000000444 ) ) ;
#4087 = VECTOR ( 'NONE', #304, 1000.000000000000000 ) ;
#4088 = LINE ( 'NONE', #2070, #964 ) ;
#4089 = ORIENTED_EDGE ( 'NONE', *, *, #325, .T. ) ;
#4090 = DIRECTION ( 'NONE',  ( -1.000000000000000000, 0.000000000000000000, 0.000000000000000000 ) ) ;
#4091 = EDGE_LOOP ( 'NONE', ( #3722, #3757, #2463, #244 ) ) ;
#4092 = CARTESIAN_POINT ( 'NONE',  ( 0.1500000000000007716, -2.999999999999999556, 1.849999999999998979 ) ) ;
#4093 = LINE ( 'NONE', #3587, #619 ) ;
#4094 = VERTEX_POINT ( 'NONE', #4273 ) ;
#4095 = DIRECTION ( 'NONE',  ( 0.000000000000000000, 0.000000000000000000, -1.000000000000000000 ) ) ;
#4096 = LINE ( 'NONE', #815, #4221 ) ;
#4097 = EDGE_LOOP ( 'NONE', ( #4527, #926, #3807, #4555 ) ) ;
#4098 = UNCERTAINTY_MEASURE_WITH_UNIT (LENGTH_MEASURE( 1.000000000000000082E-05 ), #2417, 'distance_accuracy_value', 'NONE');
#4099 = DIRECTION ( 'NONE',  ( 0.000000000000000000, 0.000000000000000000, -1.000000000000000000 ) ) ;
#4100 = CARTESIAN_POINT ( 'NONE',  ( -5.450000000000001954, -10.14838099273102046, -2.225000000000000089 ) ) ;
#4101 = CARTESIAN_POINT ( 'NONE',  ( 5.950000000000000178, 6.500000000000000000, 0.1250000000000001110 ) ) ;
#4102 = VERTEX_POINT ( 'NONE', #3414 ) ;
#4103 = ORIENTED_EDGE ( 'NONE', *, *, #2579, .F. ) ;
#4104 = EDGE_CURVE ( 'NONE', #3707, #2784, #2639, .T. ) ;
#4105 = VERTEX_POINT ( 'NONE', #1838 ) ;
#4106 = VECTOR ( 'NONE', #3366, 1000.000000000000000 ) ;
#4107 = DIRECTION ( 'NONE',  ( 0.000000000000000000, 0.000000000000000000, -1.000000000000000000 ) ) ;
#4108 = EDGE_CURVE ( 'NONE', #2720, #3858, #3465, .T. ) ;
#4109 = VECTOR ( 'NONE', #622, 1000.000000000000000 ) ;
#4110 = ORIENTED_EDGE ( 'NONE', *, *, #3720, .F. ) ;
#4111 = DIRECTION ( 'NONE',  ( -1.000000000000000000, 0.000000000000000000, 0.000000000000000000 ) ) ;
#4112 = CARTESIAN_POINT ( 'NONE',  ( 0.2500000000000004441, 3.250000000000000000, 7.600252258054534416 ) ) ;
#4113 = EDGE_CURVE ( 'NONE', #3820, #3507, #1866, .T. ) ;
#4114 = ORIENTED_EDGE ( 'NONE', *, *, #461, .F. ) ;
#4115 = EDGE_CURVE ( 'NONE', #3242, #3492, #1920, .T. ) ;
#4116 = EDGE_CURVE ( 'NONE', #5044, #4905, #343, .T. ) ;
#4117 = CARTESIAN_POINT ( 'NONE',  ( -0.2500000000000001665, 3.750000000000000000, 0.4000000000000006328 ) ) ;
#4118 = EDGE_CURVE ( 'NONE', #5157, #2329, #5133, .T. ) ;
#4119 = LINE ( 'NONE', #1692, #3789 ) ;
#4120 = LINE ( 'NONE', #465, #4019 ) ;
#4121 = ORIENTED_EDGE ( 'NONE', *, *, #5037, .F. ) ;
#4122 = LINE ( 'NONE', #4582, #2797 ) ;
#4123 = EDGE_LOOP ( 'NONE', ( #4933, #435, #718, #3842 ) ) ;
#4124 = LINE ( 'NONE', #5089, #3671 ) ;
#4125 = ORIENTED_EDGE ( 'NONE', *, *, #2899, .T. ) ;
#4126 = LINE ( 'NONE', #2415, #3869 ) ;
#4127 = DIRECTION ( 'NONE',  ( 0.000000000000000000, 0.000000000000000000, -1.000000000000000000 ) ) ;
#4128 = CARTESIAN_POINT ( 'NONE',  ( 4.950000000000000178, 0.000000000000000000, 0.000000000000000000 ) ) ;
#4129 = ORIENTED_EDGE ( 'NONE', *, *, #5250, .T. ) ;
#4130 = FACE_OUTER_BOUND ( 'NONE', #370, .T. ) ;
#4131 = DIRECTION ( 'NONE',  ( -1.084202172485503448E-16, 1.000000000000000000, 0.000000000000000000 ) ) ;
#4132 = VECTOR ( 'NONE', #2578, 1000.000000000000000 ) ;
#4133 = ORIENTED_EDGE ( 'NONE', *, *, #3557, .F. ) ;
#4134 = VECTOR ( 'NONE', #1850, 1000.000000000000000 ) ;
#4135 = CARTESIAN_POINT ( 'NONE',  ( -5.124999999999999112, 2.299999999999999822, -4.870572098594924348 ) ) ;
#4136 = VECTOR ( 'NONE', #1523, 1000.000000000000000 ) ;
#4137 = CARTESIAN_POINT ( 'NONE',  ( 8.000000000000000000, 4.770489558936213347E-18, 0.000000000000000000 ) ) ;
#4138 = ORIENTED_EDGE ( 'NONE', *, *, #2912, .F. ) ;
#4139 = CARTESIAN_POINT ( 'NONE',  ( 1.749999999999999778, 1.624999999999999334, -4.870572098594924348 ) ) ;
#4140 = CARTESIAN_POINT ( 'NONE',  ( -0.2500000000000000000, 1.250000000000000000, 2.400000000000000799 ) ) ;
#4141 = ORIENTED_EDGE ( 'NONE', *, *, #4548, .T. ) ;
#4142 = CARTESIAN_POINT ( 'NONE',  ( -0.2913815063672751116, -2.611557503727434781, 2.291381506367274667 ) ) ;
#4143 = LINE ( 'NONE', #4956, #2457 ) ;
#4144 = ADVANCED_FACE ( 'NONE', ( #2367 ), #3085, .F. ) ;
#4145 = CARTESIAN_POINT ( 'NONE',  ( -5.124999999999999112, 3.649999999999999911, 2.500000000000000444 ) ) ;
#4146 = VERTEX_POINT ( 'NONE', #2666 ) ;
#4147 = EDGE_CURVE ( 'NONE', #3075, #4539, #3187, .T. ) ;
#4148 = EDGE_CURVE ( 'NONE', #4070, #705, #4730, .T. ) ;
#4149 = DIRECTION ( 'NONE',  ( 7.228014483236699514E-16, -1.000000000000000000, 0.000000000000000000 ) ) ;
#4150 = VECTOR ( 'NONE', #832, 1000.000000000000000 ) ;
#4151 = EDGE_LOOP ( 'NONE', ( #3460, #5220, #1587, #843 ) ) ;
#4152 = FACE_OUTER_BOUND ( 'NONE', #3034, .T. ) ;
#4153 = VERTEX_POINT ( 'NONE', #1522 ) ;
#4154 = CARTESIAN_POINT ( 'NONE',  ( 5.950000000000000178, 4.250000000000000000, -0.1000000000000004774 ) ) ;
#4155 = DIRECTION ( 'NONE',  ( 1.000000000000000000, -0.000000000000000000, -0.000000000000000000 ) ) ;
#4156 = ORIENTED_EDGE ( 'NONE', *, *, #1152, .T. ) ;
#4157 = DIRECTION ( 'NONE',  ( -0.000000000000000000, -1.000000000000000000, -0.000000000000000000 ) ) ;
#4158 = DIRECTION ( 'NONE',  ( 1.000000000000000000, 0.000000000000000000, 0.000000000000000000 ) ) ;
#4159 = PLANE ( 'NONE',  #2843 ) ;
#4160 = FACE_BOUND ( 'NONE', #688, .T. ) ;
#4161 = DIRECTION ( 'NONE',  ( 1.000000000000000000, 9.605334861444114745E-17, 0.000000000000000000 ) ) ;
#4162 = ORIENTED_EDGE ( 'NONE', *, *, #4670, .T. ) ;
#4163 = ADVANCED_FACE ( 'NONE', ( #2689 ), #3137, .F. ) ;
#4164 = VECTOR ( 'NONE', #2957, 1000.000000000000000 ) ;
#4165 = DIRECTION ( 'NONE',  ( 0.000000000000000000, -1.338521200599385475E-16, 1.000000000000000000 ) ) ;
#4166 = LINE ( 'NONE', #4621, #4327 ) ;
#4167 = CARTESIAN_POINT ( 'NONE',  ( -5.950000000000001066, 0.9250000000000000444, 2.149999999999999911 ) ) ;
#4168 = ORIENTED_EDGE ( 'NONE', *, *, #3152, .F. ) ;
#4169 = LINE ( 'NONE', #3395, #1364 ) ;
#4170 = VECTOR ( 'NONE', #302, 1000.000000000000000 ) ;
#4171 = DIRECTION ( 'NONE',  ( -1.000000000000000000, 0.000000000000000000, 0.000000000000000000 ) ) ;
#4172 = EDGE_LOOP ( 'NONE', ( #510, #608, #535, #4269 ) ) ;
#4173 = EDGE_CURVE ( 'NONE', #5241, #2416, #4786, .T. ) ;
#4174 = DIRECTION ( 'NONE',  ( 0.000000000000000000, 1.421904488505579654E-16, -1.000000000000000000 ) ) ;
#4175 = VERTEX_POINT ( 'NONE', #3516 ) ;
#4176 = ADVANCED_FACE ( 'NONE', ( #4328 ), #2762, .F. ) ;
#4177 = DIRECTION ( 'NONE',  ( 0.8660254037844388186, -0.4999999999999996669, 0.000000000000000000 ) ) ;
#4178 = DIRECTION ( 'NONE',  ( 0.000000000000000000, 0.000000000000000000, -1.000000000000000000 ) ) ;
#4179 = EDGE_LOOP ( 'NONE', ( #3081, #239, #2155, #2090 ) ) ;
#4180 = VECTOR ( 'NONE', #129, 1000.000000000000000 ) ;
#4181 = EDGE_CURVE ( 'NONE', #716, #2021, #713, .T. ) ;
#4182 = AXIS2_PLACEMENT_3D ( 'NONE', #191, #2158, #4664 ) ;
#4183 = VERTEX_POINT ( 'NONE', #4399 ) ;
#4184 = LINE ( 'NONE', #4563, #1456 ) ;
#4185 = CARTESIAN_POINT ( 'NONE',  ( 5.950000000000000178, -1.808246407405795342, 1.750000000000000222 ) ) ;
#4186 = LINE ( 'NONE', #2867, #5172 ) ;
#4187 = ORIENTED_EDGE ( 'NONE', *, *, #206, .F. ) ;
#4188 = VERTEX_POINT ( 'NONE', #3969 ) ;
#4189 = CARTESIAN_POINT ( 'NONE',  ( -5.015000000000000568, 6.499999999999998224, 2.500000000000000444 ) ) ;
#4190 = DIRECTION ( 'NONE',  ( 0.000000000000000000, -1.000000000000000000, 0.000000000000000000 ) ) ;
#4191 = CARTESIAN_POINT ( 'NONE',  ( 2.240000000000007319, 4.775000000000000355, -8.724999999999999645 ) ) ;
#4192 = AXIS2_PLACEMENT_3D ( 'NONE', #2526, #4158, #3325 ) ;
#4193 = VERTEX_POINT ( 'NONE', #2316 ) ;
#4194 = VECTOR ( 'NONE', #3787, 1000.000000000000000 ) ;
#4195 = FACE_BOUND ( 'NONE', #1840, .T. ) ;
#4196 = CARTESIAN_POINT ( 'NONE',  ( -4.250000000000000000, -1.750638370251823612E-15, 0.7500000000000001110 ) ) ;
#4197 = CYLINDRICAL_SURFACE ( 'NONE', #2737, 0.6500000000000003553 ) ;
#4198 = ORIENTED_EDGE ( 'NONE', *, *, #3612, .F. ) ;
#4199 = LINE ( 'NONE', #3399, #3321 ) ;
#4200 = VERTEX_POINT ( 'NONE', #5205 ) ;
#4201 = ORIENTED_EDGE ( 'NONE', *, *, #4077, .F. ) ;
#4202 = DIRECTION ( 'NONE',  ( 0.7071067811865584529, 0.7071067811865364705, 0.000000000000000000 ) ) ;
#4203 = LINE ( 'NONE', #3263, #3567 ) ;
#4204 = CARTESIAN_POINT ( 'NONE',  ( -0.5008355898743462875, -2.036087138879192793, 0.5008355898743453993 ) ) ;
#4205 = VERTEX_POINT ( 'NONE', #4302 ) ;
#4206 = ORIENTED_EDGE ( 'NONE', *, *, #45, .F. ) ;
#4207 = DIRECTION ( 'NONE',  ( 0.000000000000000000, 0.000000000000000000, -1.000000000000000000 ) ) ;
#4208 = EDGE_CURVE ( 'NONE', #788, #213, #4760, .T. ) ;
#4209 = FACE_OUTER_BOUND ( 'NONE', #4526, .T. ) ;
#4210 = DIRECTION ( 'NONE',  ( 7.228014483236698528E-16, -1.000000000000000000, 0.000000000000000000 ) ) ;
#4211 = EDGE_CURVE ( 'NONE', #1848, #705, #2339, .T. ) ;
#4212 = ORIENTED_EDGE ( 'NONE', *, *, #323, .F. ) ;
#4213 = EDGE_CURVE ( 'NONE', #4230, #4324, #3939, .T. ) ;
#4214 = EDGE_CURVE ( 'NONE', #4175, #3358, #2269, .T. ) ;
#4215 = AXIS2_PLACEMENT_3D ( 'NONE', #3772, #1780, #3826 ) ;
#4216 = CARTESIAN_POINT ( 'NONE',  ( 0.5008355898743465096, -2.036087138879193237, 0.5008355898743453993 ) ) ;
#4217 = CARTESIAN_POINT ( 'NONE',  ( 1.749999999999999778, -4.376595925629559029E-16, -0.7499999999999994449 ) ) ;
#4218 = DIRECTION ( 'NONE',  ( 0.3236155771181866148, 0.8891264907159867059, -0.3236155771181870588 ) ) ;
#4219 = VECTOR ( 'NONE', #2727, 1000.000000000000000 ) ;
#4220 = EDGE_LOOP ( 'NONE', ( #1631, #5039, #3565, #2869 ) ) ;
#4221 = VECTOR ( 'NONE', #2494, 1000.000000000000000 ) ;
#4222 = FACE_OUTER_BOUND ( 'NONE', #5211, .T. ) ;
#4223 = FACE_OUTER_BOUND ( 'NONE', #1039, .T. ) ;
#4224 = ORIENTED_EDGE ( 'NONE', *, *, #2027, .F. ) ;
#4225 = VECTOR ( 'NONE', #3052, 1000.000000000000000 ) ;
#4226 = LINE ( 'NONE', #1402, #3063 ) ;
#4227 = ORIENTED_EDGE ( 'NONE', *, *, #180, .T. ) ;
#4228 = ORIENTED_EDGE ( 'NONE', *, *, #3152, .T. ) ;
#4229 = DIRECTION ( 'NONE',  ( 0.000000000000000000, 0.000000000000000000, 1.000000000000000000 ) ) ;
#4230 = VERTEX_POINT ( 'NONE', #1549 ) ;
#4231 =( REPRESENTATION_RELATIONSHIP ('NONE','NONE', #1653, #1488 ) REPRESENTATION_RELATIONSHIP_WITH_TRANSFORMATION ( #1320 )SHAPE_REPRESENTATION_RELATIONSHIP( ) );
#4232 = VECTOR ( 'NONE', #1896, 1000.000000000000000 ) ;
#4233 = ORIENTED_EDGE ( 'NONE', *, *, #2771, .F. ) ;
#4234 = CARTESIAN_POINT ( 'NONE',  ( 5.950000000000000178, 4.250000000000000000, -0.8500000000000005329 ) ) ;
#4235 = DIRECTION ( 'NONE',  ( 0.000000000000000000, 0.000000000000000000, -1.000000000000000000 ) ) ;
#4236 = LINE ( 'NONE', #113, #5125 ) ;
#4237 = FACE_OUTER_BOUND ( 'NONE', #2954, .T. ) ;
#4238 = FACE_OUTER_BOUND ( 'NONE', #3822, .T. ) ;
#4239 = ORIENTED_EDGE ( 'NONE', *, *, #3714, .T. ) ;
#4240 = EDGE_LOOP ( 'NONE', ( #3082, #4420, #3370, #2557 ) ) ;
#4241 = EDGE_CURVE ( 'NONE', #2552, #1326, #3166, .T. ) ;
#4242 = SHAPE_REPRESENTATION ( 'SxB-PHDSS_10', ( #699 ), #5218 ) ;
#4243 = LINE ( 'NONE', #4542, #4249 ) ;
#4244 = DIRECTION ( 'NONE',  ( 1.000000000000000000, -2.168404344971008868E-16, -0.000000000000000000 ) ) ;
#4245 = DIRECTION ( 'NONE',  ( -0.000000000000000000, 1.000000000000000000, -0.000000000000000000 ) ) ;
#4246 = EDGE_CURVE ( 'NONE', #4230, #1821, #3593, .T. ) ;
#4247 = ORIENTED_EDGE ( 'NONE', *, *, #1060, .T. ) ;
#4248 = EDGE_CURVE ( 'NONE', #520, #3386, #4536, .T. ) ;
#4249 = VECTOR ( 'NONE', #93, 1000.000000000000000 ) ;
#4250 = PLANE ( 'NONE',  #3164 ) ;
#4251 = LINE ( 'NONE', #3469, #4337 ) ;
#4252 = ADVANCED_FACE ( 'NONE', ( #479 ), #2865, .F. ) ;
#4253 = VECTOR ( 'NONE', #1210, 1000.000000000000000 ) ;
#4254 = ORIENTED_EDGE ( 'NONE', *, *, #780, .T. ) ;
#4255 = VECTOR ( 'NONE', #2077, 1000.000000000000000 ) ;
#4256 = CARTESIAN_POINT ( 'NONE',  ( 5.950000000000000178, 0.9249999999999996003, 2.500000000000000000 ) ) ;
#4257 = VECTOR ( 'NONE', #3592, 1000.000000000000000 ) ;
#4258 = VERTEX_POINT ( 'NONE', #2053 ) ;
#4259 = ORIENTED_EDGE ( 'NONE', *, *, #2733, .F. ) ;
#4260 = DIRECTION ( 'NONE',  ( -0.000000000000000000, -0.000000000000000000, 1.000000000000000000 ) ) ;
#4261 = ORIENTED_EDGE ( 'NONE', *, *, #4208, .T. ) ;
#4262 = EDGE_CURVE ( 'NONE', #4183, #4102, #4944, .T. ) ;
#4263 = MANIFOLD_SOLID_BREP ( 'Mirror1', #2137 ) ;
#4264 = ORIENTED_EDGE ( 'NONE', *, *, #2839, .T. ) ;
#4265 =( REPRESENTATION_RELATIONSHIP ('NONE','NONE', #1653, #4242 ) REPRESENTATION_RELATIONSHIP_WITH_TRANSFORMATION ( #2119 )SHAPE_REPRESENTATION_RELATIONSHIP( ) );
#4266 = CARTESIAN_POINT ( 'NONE',  ( -4.765000000000000568, 5.624999999999993783, 2.500000000000000444 ) ) ;
#4267 = VECTOR ( 'NONE', #3201, 1000.000000000000000 ) ;
#4268 = CARTESIAN_POINT ( 'NONE',  ( -5.950000000000000178, 0.000000000000000000, 2.500000000000000444 ) ) ;
#4269 = ORIENTED_EDGE ( 'NONE', *, *, #1635, .F. ) ;
#4270 = VERTEX_POINT ( 'NONE', #2024 ) ;
#4271 = CARTESIAN_POINT ( 'NONE',  ( 0.1500000000000002165, 3.649999999999999467, 7.875000000000000000 ) ) ;
#4272 = LINE ( 'NONE', #1016, #3202 ) ;
#4273 = CARTESIAN_POINT ( 'NONE',  ( -2.240000000000005986, 5.375000000000000000, 2.225000000000000089 ) ) ;
#4274 = DIRECTION ( 'NONE',  ( 0.000000000000000000, -1.000000000000000000, 0.000000000000000000 ) ) ;
#4275 = ORIENTED_EDGE ( 'NONE', *, *, #4214, .F. ) ;
#4276 = FACE_OUTER_BOUND ( 'NONE', #4438, .T. ) ;
#4277 = DIRECTION ( 'NONE',  ( -0.000000000000000000, -0.000000000000000000, 1.000000000000000000 ) ) ;
#4278 = DIRECTION ( 'NONE',  ( 1.000000000000000000, 0.000000000000000000, -4.336808689942011327E-16 ) ) ;
#4279 = EDGE_CURVE ( 'NONE', #4270, #3791, #3326, .T. ) ;
#4280 = MANIFOLD_SOLID_BREP ( 'Chamfer2', #1953 ) ;
#4281 = ORIENTED_EDGE ( 'NONE', *, *, #1356, .F. ) ;
#4282 = EDGE_CURVE ( 'NONE', #3863, #4205, #2782, .T. ) ;
#4283 = EDGE_CURVE ( 'NONE', #69, #612, #1227, .T. ) ;
#4284 = VECTOR ( 'NONE', #4983, 1000.000000000000000 ) ;
#4285 = DIRECTION ( 'NONE',  ( 1.000000000000000000, -0.000000000000000000, 0.000000000000000000 ) ) ;
#4286 = ORIENTED_EDGE ( 'NONE', *, *, #2997, .T. ) ;
#4287 = VECTOR ( 'NONE', #4407, 1000.000000000000000 ) ;
#4288 = EDGE_LOOP ( 'NONE', ( #175, #89, #4033, #2605 ) ) ;
#4289 = LINE ( 'NONE', #629, #1028 ) ;
#4290 = CARTESIAN_POINT ( 'NONE',  ( -5.950000000000001066, 6.500000000000000000, 0.1250000000000001110 ) ) ;
#4291 = VERTEX_POINT ( 'NONE', #2447 ) ;
#4292 = ORIENTED_EDGE ( 'NONE', *, *, #3815, .F. ) ;
#4293 = DIRECTION ( 'NONE',  ( -6.424901762877063495E-16, 1.000000000000000000, 0.000000000000000000 ) ) ;
#4294 = DIRECTION ( 'NONE',  ( -0.000000000000000000, -0.000000000000000000, 1.000000000000000000 ) ) ;
#4295 = LINE ( 'NONE', #2289, #2986 ) ;
#4296 = DIRECTION ( 'NONE',  ( 0.000000000000000000, -0.7071067811865393571, -0.7071067811865555663 ) ) ;
#4297 = DIRECTION ( 'NONE',  ( 0.000000000000000000, 0.000000000000000000, -1.000000000000000000 ) ) ;
#4298 = EDGE_LOOP ( 'NONE', ( #2025, #3400, #2728, #3209 ) ) ;
#4299 = VERTEX_POINT ( 'NONE', #1682 ) ;
#4300 = FACE_OUTER_BOUND ( 'NONE', #3538, .T. ) ;
#4301 = DIRECTION ( 'NONE',  ( 0.7071067811865388020, -0.7071067811865563435, 0.000000000000000000 ) ) ;
#4302 = CARTESIAN_POINT ( 'NONE',  ( -0.1500000000000002442, -2.999999999999999556, 1.849999999999999201 ) ) ;
#4303 = CARTESIAN_POINT ( 'NONE',  ( 0.2500000000000002220, 1.625000000000000666, 0.7499999999999997780 ) ) ;
#4304 = VERTEX_POINT ( 'NONE', #4075 ) ;
#4305 = FACE_OUTER_BOUND ( 'NONE', #1658, .T. ) ;
#4306 = CARTESIAN_POINT ( 'NONE',  ( -5.124999999999999112, 3.649999999999999911, 2.500000000000000444 ) ) ;
#4307 = DIRECTION ( 'NONE',  ( 0.4999999999999996669, 0.8660254037844388186, 0.000000000000000000 ) ) ;
#4308 = ORIENTED_EDGE ( 'NONE', *, *, #325, .F. ) ;
#4309 = AXIS2_PLACEMENT_3D ( 'NONE', #1314, #3856, #3382 ) ;
#4310 = ADVANCED_FACE ( 'NONE', ( #417 ), #4968, .T. ) ;
#4311 = DIRECTION ( 'NONE',  ( -1.000000000000000000, 0.000000000000000000, -0.000000000000000000 ) ) ;
#4312 = ORIENTED_EDGE ( 'NONE', *, *, #5256, .F. ) ;
#4313 = VERTEX_POINT ( 'NONE', #1367 ) ;
#4314 = CARTESIAN_POINT ( 'NONE',  ( -4.250000000000000000, 1.624999999999999778, -1.249999999999999334 ) ) ;
#4315 = CARTESIAN_POINT ( 'NONE',  ( -0.2500000000000000000, 1.100000000000000755, 2.250000000000000444 ) ) ;
#4316 = EDGE_CURVE ( 'NONE', #1621, #2040, #1578, .T. ) ;
#4317 = EDGE_CURVE ( 'NONE', #2298, #3820, #1340, .T. ) ;
#4318 = ORIENTED_EDGE ( 'NONE', *, *, #420, .T. ) ;
#4319 = DIRECTION ( 'NONE',  ( 0.000000000000000000, -1.000000000000000000, 0.000000000000000000 ) ) ;
#4320 = PLANE ( 'NONE',  #806 ) ;
#4321 = ADVANCED_FACE ( 'NONE', ( #531 ), #4159, .F. ) ;
#4322 = AXIS2_PLACEMENT_3D ( 'NONE', #3836, #1397, #3362 ) ;
#4323 = ORIENTED_EDGE ( 'NONE', *, *, #4118, .T. ) ;
#4324 = VERTEX_POINT ( 'NONE', #2139 ) ;
#4325 = CARTESIAN_POINT ( 'NONE',  ( 4.950000000000000178, -3.000000000000000000, -2.500000000000000000 ) ) ;
#4326 = DIRECTION ( 'NONE',  ( 0.000000000000000000, 1.000000000000000000, 0.000000000000000000 ) ) ;
#4327 = VECTOR ( 'NONE', #2560, 1000.000000000000000 ) ;
#4328 = FACE_OUTER_BOUND ( 'NONE', #1712, .T. ) ;
#4329 = CARTESIAN_POINT ( 'NONE',  ( 5.450000000000000178, 6.499999999999999112, -1.074999999999994627 ) ) ;
#4330 = VERTEX_POINT ( 'NONE', #216 ) ;
#4331 = SURFACE_SIDE_STYLE ('',( #3496 ) ) ;
#4332 = DIRECTION ( 'NONE',  ( 0.000000000000000000, 0.000000000000000000, 1.000000000000000000 ) ) ;
#4333 = DIRECTION ( 'NONE',  ( -1.000000000000000000, 0.000000000000000000, 0.000000000000000000 ) ) ;
#4334 = ORIENTED_EDGE ( 'NONE', *, *, #950, .F. ) ;
#4335 = VECTOR ( 'NONE', #2399, 1000.000000000000000 ) ;
#4336 = CARTESIAN_POINT ( 'NONE',  ( 4.950000000000000178, 0.000000000000000000, -2.500000000000000000 ) ) ;
#4337 = VECTOR ( 'NONE', #1815, 1000.000000000000000 ) ;
#4338 = ORIENTED_EDGE ( 'NONE', *, *, #3025, .T. ) ;
#4339 = LINE ( 'NONE', #2305, #3531 ) ;
#4340 = ORIENTED_EDGE ( 'NONE', *, *, #4842, .T. ) ;
#4341 = ADVANCED_FACE ( 'NONE', ( #3431 ), #2159, .F. ) ;
#4342 = EDGE_CURVE ( 'NONE', #415, #4102, #3022, .T. ) ;
#4343 = DIRECTION ( 'NONE',  ( 1.000000000000000000, -0.000000000000000000, -0.000000000000000000 ) ) ;
#4344 = CARTESIAN_POINT ( 'NONE',  ( -5.950000000000001066, 6.275000000000004796, -0.1000000000000002137 ) ) ;
#4345 = DIRECTION ( 'NONE',  ( 0.000000000000000000, 0.000000000000000000, -1.000000000000000000 ) ) ;
#4346 = EDGE_CURVE ( 'NONE', #2329, #1525, #137, .T. ) ;
#4347 = ORIENTED_EDGE ( 'NONE', *, *, #4283, .T. ) ;
#4348 = ORIENTED_EDGE ( 'NONE', *, *, #3426, .F. ) ;
#4349 = EDGE_CURVE ( 'NONE', #884, #3242, #2237, .T. ) ;
#4350 = AXIS2_PLACEMENT_3D ( 'NONE', #21, #1644, #4934 ) ;
#4351 = DIRECTION ( 'NONE',  ( 0.000000000000000000, 1.000000000000000000, 0.000000000000000000 ) ) ;
#4352 = DIRECTION ( 'NONE',  ( 0.000000000000000000, 0.000000000000000000, 1.000000000000000000 ) ) ;
#4353 = LINE ( 'NONE', #4832, #4136 ) ;
#4354 = ORIENTED_EDGE ( 'NONE', *, *, #3910, .F. ) ;
#4355 = VECTOR ( 'NONE', #3561, 1000.000000000000000 ) ;
#4356 = ORIENTED_EDGE ( 'NONE', *, *, #1348, .F. ) ;
#4357 = DIRECTION ( 'NONE',  ( 0.000000000000000000, 1.421904488505579654E-16, -1.000000000000000000 ) ) ;
#4358 = EDGE_CURVE ( 'NONE', #2677, #1821, #2184, .T. ) ;
#4359 = PLANE ( 'NONE',  #1729 ) ;
#4360 = CARTESIAN_POINT ( 'NONE',  ( 3.465000000000000302, 1.624999999999999778, 1.250000000000000222 ) ) ;
#4361 = ORIENTED_EDGE ( 'NONE', *, *, #4576, .T. ) ;
#4362 = PLANE ( 'NONE',  #2541 ) ;
#4363 = FACE_OUTER_BOUND ( 'NONE', #5090, .T. ) ;
#4364 = CARTESIAN_POINT ( 'NONE',  ( 4.514999999999999680, 5.375000000000000000, -2.500000000000000000 ) ) ;
#4365 = ORIENTED_EDGE ( 'NONE', *, *, #721, .F. ) ;
#4366 = STYLED_ITEM ( 'NONE', ( #3087 ), #3835 ) ;
#4367 = VECTOR ( 'NONE', #2465, 1000.000000000000000 ) ;
#4368 = CARTESIAN_POINT ( 'NONE',  ( -5.950000000000000178, 6.500000000000000000, 0.1250000000000001110 ) ) ;
#4369 = CARTESIAN_POINT ( 'NONE',  ( -3.465000000000000746, 5.150000000000005684, 2.224999999999999645 ) ) ;
#4370 = DIRECTION ( 'NONE',  ( -0.000000000000000000, -0.000000000000000000, 1.000000000000000000 ) ) ;
#4371 = ORIENTED_EDGE ( 'NONE', *, *, #2022, .F. ) ;
#4372 = VERTEX_POINT ( 'NONE', #1390 ) ;
#4373 = EDGE_CURVE ( 'NONE', #2676, #4330, #3799, .T. ) ;
#4374 = ADVANCED_FACE ( 'NONE', ( #4237 ), #1832, .T. ) ;
#4375 = CARTESIAN_POINT ( 'NONE',  ( -4.765000000000000568, 5.624999999999993783, -2.225000000000000089 ) ) ;
#4376 = CARTESIAN_POINT ( 'NONE',  ( 2.465000000000000302, 1.625000000000000000, -4.870572098594924348 ) ) ;
#4377 = LINE ( 'NONE', #5206, #4825 ) ;
#4378 = EDGE_CURVE ( 'NONE', #4766, #5034, #2945, .T. ) ;
#4379 = EDGE_CURVE ( 'NONE', #1563, #2995, #909, .T. ) ;
#4380 = ORIENTED_EDGE ( 'NONE', *, *, #3712, .T. ) ;
#4381 = SURFACE_STYLE_USAGE ( .BOTH. , #4331 ) ;
#4382 = LINE ( 'NONE', #4306, #5189 ) ;
#4383 = DIRECTION ( 'NONE',  ( -0.000000000000000000, -0.000000000000000000, -1.000000000000000000 ) ) ;
#4384 = ORIENTED_EDGE ( 'NONE', *, *, #4379, .T. ) ;
#4385 = VECTOR ( 'NONE', #3252, 1000.000000000000000 ) ;
#4386 = CARTESIAN_POINT ( 'NONE',  ( 0.2322537024004071859, -4.050233415848041751, 0.2322537024004060480 ) ) ;
#4387 = ORIENTED_EDGE ( 'NONE', *, *, #4439, .F. ) ;
#4388 = DIRECTION ( 'NONE',  ( 0.7071067811865561215, -0.7071067811865389130, 0.000000000000000000 ) ) ;
#4389 = DIRECTION ( 'NONE',  ( -1.000000000000000000, 0.000000000000000000, 0.000000000000000000 ) ) ;
#4390 = EDGE_LOOP ( 'NONE', ( #868, #4026, #5272, #451 ) ) ;
#4391 = AXIS2_PLACEMENT_3D ( 'NONE', #83, #2967, #3320 ) ;
#4392 = VECTOR ( 'NONE', #552, 1000.000000000000227 ) ;
#4393 = ORIENTED_EDGE ( 'NONE', *, *, #1245, .T. ) ;
#4394 = LINE ( 'NONE', #5221, #1467 ) ;
#4395 = FACE_OUTER_BOUND ( 'NONE', #1342, .T. ) ;
#4396 = ORIENTED_EDGE ( 'NONE', *, *, #431, .F. ) ;
#4397 = ORIENTED_EDGE ( 'NONE', *, *, #5223, .F. ) ;
#4398 = CARTESIAN_POINT ( 'NONE',  ( 4.950000000000000178, -1.808246407405795342, 1.750000000000000222 ) ) ;
#4399 = CARTESIAN_POINT ( 'NONE',  ( -5.950000000000001066, 4.250000000000000000, -0.1000000000000004774 ) ) ;
#4400 = DIRECTION ( 'NONE',  ( 1.000000000000000000, -0.000000000000000000, -0.000000000000000000 ) ) ;
#4401 = ORIENTED_EDGE ( 'NONE', *, *, #1670, .T. ) ;
#4402 = ADVANCED_FACE ( 'NONE', ( #165 ), #3408, .F. ) ;
#4403 = VECTOR ( 'NONE', #5155, 1000.000000000000000 ) ;
#4404 = AXIS2_PLACEMENT_3D ( 'NONE', #1124, #3136, #4326 ) ;
#4405 = EDGE_CURVE ( 'NONE', #612, #3698, #3830, .T. ) ;
#4406 = FACE_OUTER_BOUND ( 'NONE', #4288, .T. ) ;
#4407 = DIRECTION ( 'NONE',  ( 7.228014483236698528E-16, 1.000000000000000000, -0.000000000000000000 ) ) ;
#4408 = VERTEX_POINT ( 'NONE', #2527 ) ;
#4409 = EDGE_CURVE ( 'NONE', #3537, #3936, #2556, .T. ) ;
#4410 = CARTESIAN_POINT ( 'NONE',  ( 4.765000000000000568, 6.250000000000006217, -2.500000000000000000 ) ) ;
#4411 = VERTEX_POINT ( 'NONE', #4268 ) ;
#4412 = CARTESIAN_POINT ( 'NONE',  ( 0.2500000000000006106, -2.725252258054540189, 1.749999999999999112 ) ) ;
#4413 = ORIENTED_EDGE ( 'NONE', *, *, #4511, .F. ) ;
#4414 = DIRECTION ( 'NONE',  ( -0.000000000000000000, 1.000000000000000000, 1.421904488505579654E-16 ) ) ;
#4415 = VERTEX_POINT ( 'NONE', #1733 ) ;
#4416 = DIRECTION ( 'NONE',  ( 1.000000000000000000, 9.605334861444114745E-17, 0.000000000000000000 ) ) ;
#4417 = EDGE_CURVE ( 'NONE', #4102, #2226, #5124, .T. ) ;
#4418 = FACE_OUTER_BOUND ( 'NONE', #2398, .T. ) ;
#4419 = PRODUCT_DEFINITION_SHAPE ( 'NONE', 'NONE',  #4618 ) ;
#4420 = ORIENTED_EDGE ( 'NONE', *, *, #2059, .T. ) ;
#4421 = AXIS2_PLACEMENT_3D ( 'NONE', #2765, #1997, #5254 ) ;
#4422 = DIRECTION ( 'NONE',  ( -0.000000000000000000, 1.000000000000000000, -0.000000000000000000 ) ) ;
#4423 = PRESENTATION_STYLE_ASSIGNMENT (( #1256 ) ) ;
#4424 = DIRECTION ( 'NONE',  ( 1.000000000000000000, 0.000000000000000000, 0.000000000000000000 ) ) ;
#4425 = CARTESIAN_POINT ( 'NONE',  ( 3.465000000000000302, 1.624999999999999778, -1.250000000000000222 ) ) ;
#4426 = ORIENTED_EDGE ( 'NONE', *, *, #3877, .F. ) ;
#4427 = DIRECTION ( 'NONE',  ( -0.000000000000000000, -1.000000000000000000, -1.199175254041795517E-16 ) ) ;
#4428 = ORIENTED_EDGE ( 'NONE', *, *, #3979, .T. ) ;
#4429 = CARTESIAN_POINT ( 'NONE',  ( 4.250000000000000000, 1.624999999999999556, -4.870572098594924348 ) ) ;
#4430 = PLANE ( 'NONE',  #445 ) ;
#4431 = VECTOR ( 'NONE', #4465, 1000.000000000000000 ) ;
#4432 = VECTOR ( 'NONE', #3963, 1000.000000000000000 ) ;
#4433 = ORIENTED_EDGE ( 'NONE', *, *, #211, .F. ) ;
#4434 = AXIS2_PLACEMENT_3D ( 'NONE', #3335, #95, #7 ) ;
#4435 = LINE ( 'NONE', #3174, #4698 ) ;
#4436 = ADVANCED_FACE ( 'NONE', ( #685 ), #1888, .F. ) ;
#4437 = DIRECTION ( 'NONE',  ( -1.000000000000000000, 0.000000000000000000, -0.000000000000000000 ) ) ;
#4438 = EDGE_LOOP ( 'NONE', ( #2117, #3016, #1416, #4089 ) ) ;
#4439 = EDGE_CURVE ( 'NONE', #4183, #4533, #1937, .T. ) ;
#4440 = ADVANCED_FACE ( 'NONE', ( #3989 ), #3563, .F. ) ;
#4441 = DIRECTION ( 'NONE',  ( 0.000000000000000000, 0.000000000000000000, 1.000000000000000000 ) ) ;
#4442 = PLANE ( 'NONE',  #1530 ) ;
#4443 = ORIENTED_EDGE ( 'NONE', *, *, #463, .T. ) ;
#4444 = CARTESIAN_POINT ( 'NONE',  ( 3.750000000000000000, 6.500000000000000000, 0.7499999999999995559 ) ) ;
#4445 = VECTOR ( 'NONE', #3696, 1000.000000000000000 ) ;
#4446 = DIRECTION ( 'NONE',  ( -0.7071067811865388020, 0.7071067811865563435, 0.000000000000000000 ) ) ;
#4447 = EDGE_LOOP ( 'NONE', ( #2920, #2898, #2535, #3182 ) ) ;
#4448 = CARTESIAN_POINT ( 'NONE',  ( -2.250000000000000444, 6.499999999999998224, -0.7499999999999991118 ) ) ;
#4449 = ORIENTED_EDGE ( 'NONE', *, *, #2932, .F. ) ;
#4450 = VERTEX_POINT ( 'NONE', #1094 ) ;
#4451 = EDGE_LOOP ( 'NONE', ( #2252, #3161, #3926, #3771 ) ) ;
#4452 = FACE_OUTER_BOUND ( 'NONE', #1951, .T. ) ;
#4453 = DIRECTION ( 'NONE',  ( 1.000000000000000000, 0.000000000000000000, 0.000000000000000000 ) ) ;
#4454 =( NAMED_UNIT ( * ) SI_UNIT ( $, .STERADIAN. ) SOLID_ANGLE_UNIT ( ) );
#4455 = CARTESIAN_POINT ( 'NONE',  ( 5.950000000000000178, 6.500000000000000000, 2.500000000000000444 ) ) ;
#4456 = LINE ( 'NONE', #2875, #73 ) ;
#4457 = ORIENTED_EDGE ( 'NONE', *, *, #1418, .F. ) ;
#4458 = LINE ( 'NONE', #3708, #4074 ) ;
#4459 = DIRECTION ( 'NONE',  ( 0.000000000000000000, 0.000000000000000000, 1.000000000000000000 ) ) ;
#4460 = DIRECTION ( 'NONE',  ( 0.000000000000000000, 0.7071067811865561215, -0.7071067811865390240 ) ) ;
#4461 = DIRECTION ( 'NONE',  ( -0.000000000000000000, -3.960555881225586985E-17, 1.000000000000000000 ) ) ;
#4462 = ORIENTED_EDGE ( 'NONE', *, *, #3712, .F. ) ;
#4463 = ORIENTED_EDGE ( 'NONE', *, *, #3060, .T. ) ;
#4464 = ADVANCED_FACE ( 'NONE', ( #1143 ), #5175, .F. ) ;
#4465 = DIRECTION ( 'NONE',  ( 0.7071067811865561215, -0.7071067811865389130, 0.000000000000000000 ) ) ;
#4466 = CARTESIAN_POINT ( 'NONE',  ( -5.950000000000000178, -3.000000000000000000, 0.7500000000000002220 ) ) ;
#4467 = ADVANCED_FACE ( 'NONE', ( #4395 ), #1465, .F. ) ;
#4468 = DIRECTION ( 'NONE',  ( -0.7071067811865388020, -0.7071067811865563435, 0.000000000000000000 ) ) ;
#4469 = ADVANCED_FACE ( 'NONE', ( #4753 ), #4320, .T. ) ;
#4470 = ORIENTED_EDGE ( 'NONE', *, *, #1831, .F. ) ;
#4471 = FACE_OUTER_BOUND ( 'NONE', #2194, .T. ) ;
#4472 = VECTOR ( 'NONE', #5192, 1000.000000000000000 ) ;
#4473 = DIRECTION ( 'NONE',  ( -0.000000000000000000, 0.000000000000000000, 1.000000000000000000 ) ) ;
#4474 = VECTOR ( 'NONE', #1619, 1000.000000000000000 ) ;
#4475 = EDGE_LOOP ( 'NONE', ( #975, #2593, #3424, #1983 ) ) ;
#4476 = SURFACE_STYLE_FILL_AREA ( #389 ) ;
#4477 = EDGE_CURVE ( 'NONE', #1852, #3908, #3130, .T. ) ;
#4478 = LINE ( 'NONE', #4942, #4445 ) ;
#4479 = DIRECTION ( 'NONE',  ( 0.000000000000000000, 0.000000000000000000, 1.000000000000000000 ) ) ;
#4480 = CARTESIAN_POINT ( 'NONE',  ( -3.689999999999999947, 5.375000000000000000, 2.224999999999999645 ) ) ;
#4481 = DIRECTION ( 'NONE',  ( 1.000000000000000000, 9.605334861444114745E-17, 0.000000000000000000 ) ) ;
#4482 = EDGE_LOOP ( 'NONE', ( #1274, #3111, #2358, #2284 ) ) ;
#4483 = ORIENTED_EDGE ( 'NONE', *, *, #4282, .T. ) ;
#4484 = VECTOR ( 'NONE', #2502, 1000.000000000000000 ) ;
#4485 = CARTESIAN_POINT ( 'NONE',  ( 0.2500000000000006106, -2.999999999999999556, 1.749999999999999112 ) ) ;
#4486 = PRODUCT_CONTEXT ( 'NONE', #892, 'mechanical' ) ;
#4487 = FACE_OUTER_BOUND ( 'NONE', #267, .T. ) ;
#4488 = CARTESIAN_POINT ( 'NONE',  ( -3.750000000000000000, 1.624999999999999778, -0.7499999999999990008 ) ) ;
#4489 = EDGE_CURVE ( 'NONE', #3919, #504, #3482, .T. ) ;
#4490 = ORIENTED_EDGE ( 'NONE', *, *, #144, .F. ) ;
#4491 = VECTOR ( 'NONE', #3109, 1000.000000000000000 ) ;
#4492 = CARTESIAN_POINT ( 'NONE',  ( -1.749999999999999778, -1.312978777688867807E-15, 0.7500000000000000000 ) ) ;
#4493 = CARTESIAN_POINT ( 'NONE',  ( -2.250000000000000444, -1.312978777688867807E-15, -1.249999999999999556 ) ) ;
#4494 = CARTESIAN_POINT ( 'NONE',  ( -4.765000000000000568, 6.250000000000003553, 2.500000000000000444 ) ) ;
#4495 = CARTESIAN_POINT ( 'NONE',  ( 5.950000000000000178, 0.4249999999999999889, 2.149999999999999911 ) ) ;
#4496 = ORIENTED_EDGE ( 'NONE', *, *, #3327, .T. ) ;
#4497 = LINE ( 'NONE', #522, #2642 ) ;
#4498 = LINE ( 'NONE', #3609, #1392 ) ;
#4499 = FACE_OUTER_BOUND ( 'NONE', #3225, .T. ) ;
#4500 = EDGE_CURVE ( 'NONE', #4657, #470, #3457, .T. ) ;
#4501 = EDGE_CURVE ( 'NONE', #4905, #2040, #5100, .T. ) ;
#4502 = EDGE_LOOP ( 'NONE', ( #624, #628, #3530, #548 ) ) ;
#4503 = AXIS2_PLACEMENT_3D ( 'NONE', #3275, #4839, #3195 ) ;
#4504 = FACE_OUTER_BOUND ( 'NONE', #2074, .T. ) ;
#4505 = AXIS2_PLACEMENT_3D ( 'NONE', #1906, #3528, #3119 ) ;
#4506 = DIRECTION ( 'NONE',  ( -1.000000000000000000, 0.000000000000000000, 0.000000000000000000 ) ) ;
#4507 = EDGE_CURVE ( 'NONE', #761, #3668, #1043, .T. ) ;
#4508 = DIRECTION ( 'NONE',  ( 0.000000000000000000, 0.000000000000000000, -1.000000000000000000 ) ) ;
#4509 = VERTEX_POINT ( 'NONE', #1069 ) ;
#4510 = ORIENTED_EDGE ( 'NONE', *, *, #5264, .T. ) ;
#4511 = EDGE_CURVE ( 'NONE', #4175, #1481, #2659, .T. ) ;
#4512 = ADVANCED_FACE ( 'NONE', ( #3050 ), #4699, .F. ) ;
#4513 = ORIENTED_EDGE ( 'NONE', *, *, #3426, .T. ) ;
#4514 = AXIS2_PLACEMENT_3D ( 'NONE', #22, #1540, #3259 ) ;
#4515 = DIRECTION ( 'NONE',  ( -1.000000000000000000, 0.000000000000000000, 0.000000000000000000 ) ) ;
#4516 = VECTOR ( 'NONE', #1312, 1000.000000000000000 ) ;
#4517 = DIRECTION ( 'NONE',  ( 0.000000000000000000, -1.000000000000000000, -1.421904488505579654E-16 ) ) ;
#4518 = DIRECTION ( 'NONE',  ( 0.000000000000000000, 0.000000000000000000, 1.000000000000000000 ) ) ;
#4519 = DIRECTION ( 'NONE',  ( -1.000000000000000000, 0.000000000000000000, 0.000000000000000000 ) ) ;
#4520 = DIRECTION ( 'NONE',  ( -0.000000000000000000, -0.000000000000000000, 1.000000000000000000 ) ) ;
#4521 = EDGE_LOOP ( 'NONE', ( #4470, #107, #4365, #3631 ) ) ;
#4522 = DIRECTION ( 'NONE',  ( 1.000000000000000000, -2.168404344971009115E-16, 0.000000000000000000 ) ) ;
#4523 = VECTOR ( 'NONE', #999, 1000.000000000000000 ) ;
#4524 = CARTESIAN_POINT ( 'NONE',  ( 0.2500000000000002220, 6.499999999999998224, 0.7499999999999997780 ) ) ;
#4525 = CARTESIAN_POINT ( 'NONE',  ( 5.015000000000000568, 6.499999999999999112, -2.500000000000000000 ) ) ;
#4526 = EDGE_LOOP ( 'NONE', ( #2743, #2747, #1651, #456 ) ) ;
#4527 = ORIENTED_EDGE ( 'NONE', *, *, #468, .F. ) ;
#4528 = DIRECTION ( 'NONE',  ( 1.000000000000000000, 0.000000000000000000, 0.000000000000000000 ) ) ;
#4529 = CARTESIAN_POINT ( 'NONE',  ( 0.2500000000000006661, -2.725252258054540189, 2.250000000000000000 ) ) ;
#4530 = VERTEX_POINT ( 'NONE', #1856 ) ;
#4531 = DIRECTION ( 'NONE',  ( 0.7071067811865561215, -0.7071067811865389130, 0.000000000000000000 ) ) ;
#4532 = DIRECTION ( 'NONE',  ( 0.5000000000000011102, -0.8660254037844380415, 0.000000000000000000 ) ) ;
#4533 = VERTEX_POINT ( 'NONE', #2683 ) ;
#4534 = UNCERTAINTY_MEASURE_WITH_UNIT (LENGTH_MEASURE( 1.000000000000000082E-05 ), #3141, 'distance_accuracy_value', 'NONE');
#4535 = LINE ( 'NONE', #879, #2567 ) ;
#4536 = LINE ( 'NONE', #2895, #4660 ) ;
#4537 = DIRECTION ( 'NONE',  ( 0.000000000000000000, -1.000000000000000000, 0.000000000000000000 ) ) ;
#4538 = LINE ( 'NONE', #2161, #4484 ) ;
#4539 = VERTEX_POINT ( 'NONE', #2332 ) ;
#4540 = AXIS2_PLACEMENT_3D ( 'NONE', #4821, #2776, #3604 ) ;
#4541 = ADVANCED_FACE ( 'NONE', ( #3965 ), #666, .F. ) ;
#4542 = CARTESIAN_POINT ( 'NONE',  ( -3.750000000000000000, -1.750638370251823612E-15, -0.7499999999999990008 ) ) ;
#4543 = LINE ( 'NONE', #2901, #928 ) ;
#4544 = VECTOR ( 'NONE', #3318, 1000.000000000000000 ) ;
#4545 = CONTEXT_DEPENDENT_SHAPE_REPRESENTATION ( #4231, #2360 ) ;
#4546 = CARTESIAN_POINT ( 'NONE',  ( 5.124999999999999112, 3.649999999999999911, 2.500000000000000444 ) ) ;
#4547 = DIRECTION ( 'NONE',  ( 0.000000000000000000, 0.000000000000000000, -1.000000000000000000 ) ) ;
#4548 = EDGE_CURVE ( 'NONE', #3942, #2780, #874, .T. ) ;
#4549 = EDGE_CURVE ( 'NONE', #1058, #2352, #3234, .T. ) ;
#4550 = VERTEX_POINT ( 'NONE', #105 ) ;
#4551 = CARTESIAN_POINT ( 'NONE',  ( 1.749999999999999778, -4.376595925629559029E-16, -0.7499999999999994449 ) ) ;
#4552 = DIRECTION ( 'NONE',  ( 0.000000000000000000, -1.000000000000000000, 0.000000000000000000 ) ) ;
#4553 = ORIENTED_EDGE ( 'NONE', *, *, #2581, .F. ) ;
#4554 = LINE ( 'NONE', #1218, #4784 ) ;
#4555 = ORIENTED_EDGE ( 'NONE', *, *, #2101, .T. ) ;
#4556 = DIRECTION ( 'NONE',  ( -1.000000000000000000, -0.000000000000000000, -0.000000000000000000 ) ) ;
#4557 = DIRECTION ( 'NONE',  ( -0.000000000000000000, -1.000000000000000000, -0.000000000000000000 ) ) ;
#4558 = CARTESIAN_POINT ( 'NONE',  ( 5.450000000000000178, 6.500000000000000000, 2.225000000000000089 ) ) ;
#4559 = CARTESIAN_POINT ( 'NONE',  ( 1.749999999999999778, 1.625000000000000222, -0.7499999999999997780 ) ) ;
#4560 = ADVANCED_FACE ( 'NONE', ( #4471 ), #2019, .F. ) ;
#4561 = ORIENTED_EDGE ( 'NONE', *, *, #711, .F. ) ;
#4562 = PRESENTATION_STYLE_ASSIGNMENT (( #3266 ) ) ;
#4563 = CARTESIAN_POINT ( 'NONE',  ( -0.2500000000000002220, 6.499999999999998224, -0.7499999999999993339 ) ) ;
#4564 = CARTESIAN_POINT ( 'NONE',  ( 5.124999999999999112, 3.649999999999999911, 2.224999999999999645 ) ) ;
#4565 = FACE_OUTER_BOUND ( 'NONE', #541, .T. ) ;
#4566 = CARTESIAN_POINT ( 'NONE',  ( 4.500000000000000000, 3.649999999999999911, 2.500000000000000444 ) ) ;
#4567 = DIRECTION ( 'NONE',  ( 9.605334861444114745E-17, -1.000000000000000000, 0.000000000000000000 ) ) ;
#4568 = COLOUR_RGB ( '',0.7960784313725489669, 0.8235294117647058432, 0.9372549019607843146 ) ;
#4569 = ORIENTED_EDGE ( 'NONE', *, *, #4, .T. ) ;
#4570 = VECTOR ( 'NONE', #1883, 1000.000000000000000 ) ;
#4571 = ORIENTED_EDGE ( 'NONE', *, *, #4113, .F. ) ;
#4572 = DIRECTION ( 'NONE',  ( 0.000000000000000000, -1.000000000000000000, 0.000000000000000000 ) ) ;
#4573 = AXIS2_PLACEMENT_3D ( 'NONE', #1620, #4473, #817 ) ;
#4574 = FACE_OUTER_BOUND ( 'NONE', #1808, .T. ) ;
#4575 = DIRECTION ( 'NONE',  ( 1.000000000000000000, -0.000000000000000000, -0.000000000000000000 ) ) ;
#4576 = EDGE_CURVE ( 'NONE', #2002, #788, #4096, .T. ) ;
#4577 = VERTEX_POINT ( 'NONE', #2779 ) ;
#4578 = ADVANCED_FACE ( 'NONE', ( #3180 ), #1248, .F. ) ;
#4579 = DIRECTION ( 'NONE',  ( 0.000000000000000000, 0.7660444431189766812, 0.6427876096865409172 ) ) ;
#4580 = LINE ( 'NONE', #4525, #4797 ) ;
#4581 = EDGE_LOOP ( 'NONE', ( #601, #3625, #3886, #3583 ) ) ;
#4582 = CARTESIAN_POINT ( 'NONE',  ( 0.2500000000000006106, 1.750000000000000666, 2.400000000000000799 ) ) ;
#4583 = VECTOR ( 'NONE', #1346, 1000.000000000000000 ) ;
#4584 = ORIENTED_EDGE ( 'NONE', *, *, #1176, .T. ) ;
#4585 = DIRECTION ( 'NONE',  ( 0.000000000000000000, -1.000000000000000000, 0.000000000000000000 ) ) ;
#4586 = CARTESIAN_POINT ( 'NONE',  ( -4.765000000000000568, 5.624999999999993783, -2.500000000000000000 ) ) ;
#4587 = ORIENTED_EDGE ( 'NONE', *, *, #2763, .F. ) ;
#4588 = CARTESIAN_POINT ( 'NONE',  ( 0.2500000000000004441, 3.750000000000000000, 7.600252258054534416 ) ) ;
#4589 = FACE_OUTER_BOUND ( 'NONE', #2757, .T. ) ;
#4590 = DIRECTION ( 'NONE',  ( 0.000000000000000000, -1.000000000000000000, 0.000000000000000000 ) ) ;
#4591 = ORIENTED_EDGE ( 'NONE', *, *, #356, .T. ) ;
#4592 = VECTOR ( 'NONE', #3632, 1000.000000000000000 ) ;
#4593 = VECTOR ( 'NONE', #5209, 1000.000000000000000 ) ;
#4594 = PLANE ( 'NONE',  #2874 ) ;
#4595 = DIRECTION ( 'NONE',  ( 0.000000000000000000, -0.7071067811865561215, 0.7071067811865390240 ) ) ;
#4596 = FACE_OUTER_BOUND ( 'NONE', #1998, .T. ) ;
#4597 = VERTEX_POINT ( 'NONE', #4883 ) ;
#4598 = FACE_BOUND ( 'NONE', #1881, .T. ) ;
#4599 = DIRECTION ( 'NONE',  ( 9.605334861444114745E-17, -1.000000000000000000, 0.000000000000000000 ) ) ;
#4600 = FACE_OUTER_BOUND ( 'NONE', #1938, .T. ) ;
#4601 = ORIENTED_EDGE ( 'NONE', *, *, #1605, .T. ) ;
#4602 = EDGE_CURVE ( 'NONE', #1236, #3, #4936, .T. ) ;
#4603 = CARTESIAN_POINT ( 'NONE',  ( 3.690000000000000391, 5.375000000000000000, -4.870572098594924348 ) ) ;
#4604 = ORIENTED_EDGE ( 'NONE', *, *, #5130, .F. ) ;
#4605 = ORIENTED_EDGE ( 'NONE', *, *, #2264, .F. ) ;
#4606 = LINE ( 'NONE', #3425, #2261 ) ;
#4607 = EDGE_CURVE ( 'NONE', #3086, #26, #2806, .T. ) ;
#4608 = LINE ( 'NONE', #132, #2338 ) ;
#4609 = ADVANCED_FACE ( 'NONE', ( #4418 ), #5222, .F. ) ;
#4610 = ORIENTED_EDGE ( 'NONE', *, *, #850, .F. ) ;
#4611 = VECTOR ( 'NONE', #3774, 1000.000000000000000 ) ;
#4612 = ORIENTED_EDGE ( 'NONE', *, *, #99, .T. ) ;
#4613 = PRODUCT_DEFINITION_FORMATION_WITH_SPECIFIED_SOURCE ( 'ANY', '', #1908, .NOT_KNOWN. ) ;
#4614 = CARTESIAN_POINT ( 'NONE',  ( 5.449999999999999289, 4.250000000000000000, -0.1000000000000004774 ) ) ;
#4615 = DIRECTION ( 'NONE',  ( 0.000000000000000000, -1.000000000000000000, -1.199175254041795517E-16 ) ) ;
#4616 = DIRECTION ( 'NONE',  ( 0.000000000000000000, -1.000000000000000000, -1.338521200599385475E-16 ) ) ;
#4617 = VERTEX_POINT ( 'NONE', #3208 ) ;
#4618 = PRODUCT_DEFINITION ( 'UNKNOWN', '', #3580, #3725 ) ;
#4619 = ORIENTED_EDGE ( 'NONE', *, *, #3806, .T. ) ;
#4620 = CARTESIAN_POINT ( 'NONE',  ( -2.250000000000000444, -1.312978777688867807E-15, -0.7499999999999991118 ) ) ;
#4621 = CARTESIAN_POINT ( 'NONE',  ( 5.450000000000000178, 6.500000000000000000, -2.225000000000000089 ) ) ;
#4622 = DIRECTION ( 'NONE',  ( -0.000000000000000000, -0.000000000000000000, 1.000000000000000000 ) ) ;
#4623 = FACE_OUTER_BOUND ( 'NONE', #419, .T. ) ;
#4624 = VECTOR ( 'NONE', #3480, 1000.000000000000000 ) ;
#4625 = VERTEX_POINT ( 'NONE', #2393 ) ;
#4626 = AXIS2_PLACEMENT_3D ( 'NONE', #1378, #2150, #2933 ) ;
#4627 = VECTOR ( 'NONE', #1975, 1000.000000000000000 ) ;
#4628 = FACE_BOUND ( 'NONE', #2181, .T. ) ;
#4629 = CARTESIAN_POINT ( 'NONE',  ( -4.950000000000000178, 0.000000000000000000, 1.750000000000000444 ) ) ;
#4630 = ORIENTED_EDGE ( 'NONE', *, *, #1324, .F. ) ;
#4631 = FACE_OUTER_BOUND ( 'NONE', #3232, .T. ) ;
#4632 = ORIENTED_EDGE ( 'NONE', *, *, #4803, .T. ) ;
#4633 = EDGE_LOOP ( 'NONE', ( #139, #4156, #1958, #2271 ) ) ;
#4634 = DIRECTION ( 'NONE',  ( 0.000000000000000000, -1.000000000000000000, -1.199175254041795517E-16 ) ) ;
#4635 = ORIENTED_EDGE ( 'NONE', *, *, #2409, .F. ) ;
#4636 = EDGE_CURVE ( 'NONE', #1821, #2543, #789, .T. ) ;
#4637 = EDGE_CURVE ( 'NONE', #1406, #2298, #5248, .T. ) ;
#4638 = CARTESIAN_POINT ( 'NONE',  ( 4.950000000000000178, 0.000000000000000000, 1.750000000000000444 ) ) ;
#4639 = DIRECTION ( 'NONE',  ( 0.000000000000000000, -1.000000000000000000, -0.000000000000000000 ) ) ;
#4640 = ORIENTED_EDGE ( 'NONE', *, *, #1635, .T. ) ;
#4641 = ORIENTED_EDGE ( 'NONE', *, *, #3192, .T. ) ;
#4642 = VECTOR ( 'NONE', #2129, 1000.000000000000000 ) ;
#4643 = EDGE_CURVE ( 'NONE', #3832, #4175, #3688, .T. ) ;
#4644 = LINE ( 'NONE', #3434, #4678 ) ;
#4645 = LINE ( 'NONE', #2242, #3889 ) ;
#4646 = CARTESIAN_POINT ( 'NONE',  ( -3.465000000000000746, 5.375000000000000000, -2.500000000000002220 ) ) ;
#4647 = VECTOR ( 'NONE', #4989, 1000.000000000000114 ) ;
#4648 = ORIENTED_EDGE ( 'NONE', *, *, #3813, .F. ) ;
#4649 = VECTOR ( 'NONE', #28, 1000.000000000000000 ) ;
#4650 =( GEOMETRIC_REPRESENTATION_CONTEXT ( 3 ) GLOBAL_UNCERTAINTY_ASSIGNED_CONTEXT ( ( #163 ) ) GLOBAL_UNIT_ASSIGNED_CONTEXT ( ( #448, #2420, #393 ) ) REPRESENTATION_CONTEXT ( 'NONE', 'WORKASPACE' ) );
#4651 =( LENGTH_UNIT ( ) NAMED_UNIT ( * ) SI_UNIT ( .MILLI., .METRE. ) );
#4652 = DIRECTION ( 'NONE',  ( 1.000000000000000000, -2.168404344971009115E-16, 0.000000000000000000 ) ) ;
#4653 = ORIENTED_EDGE ( 'NONE', *, *, #4213, .T. ) ;
#4654 = DIRECTION ( 'NONE',  ( 0.000000000000000000, 0.000000000000000000, -1.000000000000000000 ) ) ;
#4655 = ORIENTED_EDGE ( 'NONE', *, *, #3648, .F. ) ;
#4656 = VERTEX_POINT ( 'NONE', #363 ) ;
#4657 = VERTEX_POINT ( 'NONE', #1565 ) ;
#4658 = DIRECTION ( 'NONE',  ( 1.000000000000000000, 0.000000000000000000, 0.000000000000000000 ) ) ;
#4659 = ORIENTED_EDGE ( 'NONE', *, *, #1384, .F. ) ;
#4660 = VECTOR ( 'NONE', #3665, 1000.000000000000000 ) ;
#4661 = VECTOR ( 'NONE', #2612, 1000.000000000000000 ) ;
#4662 = ORIENTED_EDGE ( 'NONE', *, *, #1095, .F. ) ;
#4663 = CARTESIAN_POINT ( 'NONE',  ( -3.465000000000000746, 5.150000000000005684, 2.500000000000000444 ) ) ;
#4664 = DIRECTION ( 'NONE',  ( 0.000000000000000000, 1.421904488505579654E-16, -1.000000000000000000 ) ) ;
#4665 = CARTESIAN_POINT ( 'NONE',  ( -2.250000000000000444, 1.625000000000000222, 0.7500000000000000000 ) ) ;
#4666 = CARTESIAN_POINT ( 'NONE',  ( 5.450000000000000178, 6.500000000000000000, -2.225000000000000089 ) ) ;
#4667 = EDGE_CURVE ( 'NONE', #1741, #3507, #3634, .T. ) ;
#4668 = EDGE_LOOP ( 'NONE', ( #2724, #217, #2280, #4659 ) ) ;
#4669 = ORIENTED_EDGE ( 'NONE', *, *, #4549, .T. ) ;
#4670 = EDGE_CURVE ( 'NONE', #4330, #4153, #2831, .T. ) ;
#4671 = LINE ( 'NONE', #1015, #2469 ) ;
#4672 = EDGE_CURVE ( 'NONE', #2416, #2976, #4126, .T. ) ;
#4673 = PLANE ( 'NONE',  #4838 ) ;
#4674 = CARTESIAN_POINT ( 'NONE',  ( -4.250000000000000000, -1.750638370251823612E-15, 1.250000000000000666 ) ) ;
#4675 = EDGE_CURVE ( 'NONE', #5012, #3155, #3610, .T. ) ;
#4676 = EDGE_CURVE ( 'NONE', #3992, #3556, #1193, .T. ) ;
#4677 = VERTEX_POINT ( 'NONE', #3262 ) ;
#4678 = VECTOR ( 'NONE', #1738, 1000.000000000000000 ) ;
#4679 = CARTESIAN_POINT ( 'NONE',  ( -0.2500000000000000555, -2.725252258054540189, 1.749999999999999334 ) ) ;
#4680 = DIRECTION ( 'NONE',  ( 0.000000000000000000, 1.199175254041795517E-16, -1.000000000000000000 ) ) ;
#4681 = DIRECTION ( 'NONE',  ( 0.3236155771181867258, 0.8891264907159868169, 0.3236155771181865592 ) ) ;
#4682 = ORIENTED_EDGE ( 'NONE', *, *, #660, .F. ) ;
#4683 = ADVANCED_FACE ( 'NONE', ( #4499 ), #845, .T. ) ;
#4684 = AXIS2_PLACEMENT_3D ( 'NONE', #1174, #4738, #2248 ) ;
#4685 = AXIS2_PLACEMENT_3D ( 'NONE', #1019, #4731, #591 ) ;
#4686 = CARTESIAN_POINT ( 'NONE',  ( -0.2500000000000000000, 1.249999999999999778, 7.600252258054536192 ) ) ;
#4687 =( GEOMETRIC_REPRESENTATION_CONTEXT ( 3 ) GLOBAL_UNCERTAINTY_ASSIGNED_CONTEXT ( ( #4098 ) ) GLOBAL_UNIT_ASSIGNED_CONTEXT ( ( #2417, #4912, #3724 ) ) REPRESENTATION_CONTEXT ( 'NONE', 'WORKASPACE' ) );
#4688 = ORIENTED_EDGE ( 'NONE', *, *, #4405, .T. ) ;
#4689 = ORIENTED_EDGE ( 'NONE', *, *, #3194, .T. ) ;
#4690 = VERTEX_POINT ( 'NONE', #1361 ) ;
#4691 = CARTESIAN_POINT ( 'NONE',  ( 4.318674134265341635, 4.914168687704686178, 2.400000000000000799 ) ) ;
#4692 = VECTOR ( 'NONE', #656, 1000.000000000000000 ) ;
#4693 = EDGE_LOOP ( 'NONE', ( #3660, #1187, #4756, #1113 ) ) ;
#4694 = ORIENTED_EDGE ( 'NONE', *, *, #4108, .T. ) ;
#4695 = LINE ( 'NONE', #2704, #2211 ) ;
#4696 = PLANE ( 'NONE',  #979 ) ;
#4697 = LINE ( 'NONE', #3102, #2143 ) ;
#4698 = VECTOR ( 'NONE', #5142, 1000.000000000000000 ) ;
#4699 = PLANE ( 'NONE',  #379 ) ;
#4700 = ORIENTED_EDGE ( 'NONE', *, *, #2418, .F. ) ;
#4701 = EDGE_LOOP ( 'NONE', ( #4641, #4334, #4457, #364 ) ) ;
#4702 = DIRECTION ( 'NONE',  ( 1.000000000000000000, 0.000000000000000000, 0.000000000000000000 ) ) ;
#4703 = CARTESIAN_POINT ( 'NONE',  ( -0.2500000000000000000, -2.999999999999999556, 2.250000000000000000 ) ) ;
#4704 = FACE_OUTER_BOUND ( 'NONE', #119, .T. ) ;
#4705 = DIRECTION ( 'NONE',  ( 0.000000000000000000, 0.000000000000000000, -1.000000000000000000 ) ) ;
#4706 = DIRECTION ( 'NONE',  ( 1.000000000000000000, 0.000000000000000000, 0.000000000000000000 ) ) ;
#4707 = EDGE_LOOP ( 'NONE', ( #515, #4397, #2477, #3447 ) ) ;
#4708 = EDGE_CURVE ( 'NONE', #2780, #2676, #1335, .T. ) ;
#4709 = ADVANCED_FACE ( 'NONE', ( #1700 ), #1306, .F. ) ;
#4710 = CARTESIAN_POINT ( 'NONE',  ( 0.000000000000000000, 1.349999999999999645, 7.875000000000000000 ) ) ;
#4711 = DIRECTION ( 'NONE',  ( 0.7071067811865365815, -0.7071067811865585639, 0.000000000000000000 ) ) ;
#4712 = ADVANCED_FACE ( 'NONE', ( #3746 ), #2522, .T. ) ;
#4713 = LINE ( 'NONE', #2915, #2317 ) ;
#4714 = EDGE_LOOP ( 'NONE', ( #218, #1487, #1643, #4694, #2532, #3027 ) ) ;
#4715 = EDGE_CURVE ( 'NONE', #130, #987, #4606, .T. ) ;
#4716 = PLANE ( 'NONE',  #1289 ) ;
#4717 = ORIENTED_EDGE ( 'NONE', *, *, #4148, .T. ) ;
#4718 = VECTOR ( 'NONE', #4841, 1000.000000000000114 ) ;
#4719 = ORIENTED_EDGE ( 'NONE', *, *, #2604, .F. ) ;
#4720 = DIRECTION ( 'NONE',  ( 0.000000000000000000, -0.7071067811865393571, -0.7071067811865555663 ) ) ;
#4721 = ORIENTED_EDGE ( 'NONE', *, *, #362, .T. ) ;
#4722 = DIRECTION ( 'NONE',  ( -1.000000000000000000, 2.168404344971009115E-16, 0.000000000000000000 ) ) ;
#4723 = DIRECTION ( 'NONE',  ( -0.000000000000000000, -0.000000000000000000, 1.000000000000000000 ) ) ;
#4724 = CARTESIAN_POINT ( 'NONE',  ( 2.240000000000007319, 4.775000000000000355, -2.500000000000002220 ) ) ;
#4725 = DIRECTION ( 'NONE',  ( 1.000000000000000000, 0.000000000000000000, -0.000000000000000000 ) ) ;
#4726 = VERTEX_POINT ( 'NONE', #501 ) ;
#4727 = ORIENTED_EDGE ( 'NONE', *, *, #3553, .F. ) ;
#4728 = DIRECTION ( 'NONE',  ( -0.000000000000000000, -0.000000000000000000, 1.000000000000000000 ) ) ;
#4729 = DIRECTION ( 'NONE',  ( -0.7071067811865563435, -0.7071067811865388020, 0.000000000000000000 ) ) ;
#4730 = LINE ( 'NONE', #3914, #2609 ) ;
#4731 = DIRECTION ( 'NONE',  ( -0.000000000000000000, 0.000000000000000000, 1.000000000000000000 ) ) ;
#4732 = DIRECTION ( 'NONE',  ( 0.000000000000000000, -1.000000000000000000, 0.000000000000000000 ) ) ;
#4733 = ORIENTED_EDGE ( 'NONE', *, *, #1060, .F. ) ;
#4734 = CARTESIAN_POINT ( 'NONE',  ( 0.000000000000000000, 0.000000000000000000, 0.000000000000000000 ) ) ;
#4735 = LINE ( 'NONE', #2299, #931 ) ;
#4736 = DIRECTION ( 'NONE',  ( 1.000000000000000000, 0.000000000000000000, 0.000000000000000000 ) ) ;
#4737 = EDGE_CURVE ( 'NONE', #5104, #3908, #954, .T. ) ;
#4738 = DIRECTION ( 'NONE',  ( 0.000000000000000000, 1.000000000000000000, 0.000000000000000000 ) ) ;
#4739 = ORIENTED_EDGE ( 'NONE', *, *, #2395, .F. ) ;
#4740 = EDGE_CURVE ( 'NONE', #4889, #3857, #2759, .T. ) ;
#4741 = VECTOR ( 'NONE', #4297, 1000.000000000000000 ) ;
#4742 = DIRECTION ( 'NONE',  ( -1.000000000000000000, 0.000000000000000000, 0.000000000000000000 ) ) ;
#4743 = ORIENTED_EDGE ( 'NONE', *, *, #397, .F. ) ;
#4744 = CARTESIAN_POINT ( 'NONE',  ( -0.2500000000000000555, 1.750000000000000222, 7.600252258054536192 ) ) ;
#4745 = VERTEX_POINT ( 'NONE', #4154 ) ;
#4746 = EDGE_CURVE ( 'NONE', #3120, #4961, #2938, .T. ) ;
#4747 = AXIS2_PLACEMENT_3D ( 'NONE', #4524, #4875, #4459 ) ;
#4748 = ORIENTED_EDGE ( 'NONE', *, *, #4248, .T. ) ;
#4749 = FACE_OUTER_BOUND ( 'NONE', #853, .T. ) ;
#4750 = DIRECTION ( 'NONE',  ( 1.000000000000000000, 0.000000000000000000, 0.000000000000000000 ) ) ;
#4751 = CARTESIAN_POINT ( 'NONE',  ( 3.972363140661015368, 4.314340451562332923, 2.500000000000000444 ) ) ;
#4752 = LINE ( 'NONE', #4369, #1833 ) ;
#4753 = FACE_OUTER_BOUND ( 'NONE', #765, .T. ) ;
#4754 = VECTOR ( 'NONE', #1941, 1000.000000000000000 ) ;
#4755 = ORIENTED_EDGE ( 'NONE', *, *, #3520, .F. ) ;
#4756 = ORIENTED_EDGE ( 'NONE', *, *, #3191, .T. ) ;
#4757 = FACE_OUTER_BOUND ( 'NONE', #1860, .T. ) ;
#4758 = DIRECTION ( 'NONE',  ( -1.000000000000000000, 0.000000000000000000, -0.000000000000000000 ) ) ;
#4759 = AXIS2_PLACEMENT_3D ( 'NONE', #2952, #2536, #1322 ) ;
#4760 = LINE ( 'NONE', #2716, #4929 ) ;
#4761 = LINE ( 'NONE', #2318, #554 ) ;
#4762 = CARTESIAN_POINT ( 'NONE',  ( -3.750000000000000000, 6.499999999999997335, 1.250000000000000666 ) ) ;
#4763 = ORIENTED_EDGE ( 'NONE', *, *, #4607, .F. ) ;
#4764 = LINE ( 'NONE', #3575, #3307 ) ;
#4765 = CARTESIAN_POINT ( 'NONE',  ( 5.449999999999997513, 1.625000000000001332, -2.225000000000000089 ) ) ;
#4766 = VERTEX_POINT ( 'NONE', #551 ) ;
#4767 = VECTOR ( 'NONE', #991, 1000.000000000000000 ) ;
#4768 = FACE_OUTER_BOUND ( 'NONE', #146, .T. ) ;
#4769 = AXIS2_PLACEMENT_3D ( 'NONE', #865, #432, #4579 ) ;
#4770 = ORIENTED_EDGE ( 'NONE', *, *, #1897, .F. ) ;
#4771 = DIRECTION ( 'NONE',  ( 6.424901762877063495E-16, 1.000000000000000000, -0.000000000000000000 ) ) ;
#4772 = LINE ( 'NONE', #630, #4570 ) ;
#4773 = ORIENTED_EDGE ( 'NONE', *, *, #1768, .F. ) ;
#4774 = EDGE_CURVE ( 'NONE', #1741, #3585, #3403, .T. ) ;
#4775 = EDGE_CURVE ( 'NONE', #77, #884, #524, .T. ) ;
#4776 = DIRECTION ( 'NONE',  ( 1.000000000000000000, 0.000000000000000000, 0.000000000000000000 ) ) ;
#4777 = EDGE_CURVE ( 'NONE', #1127, #5241, #2548, .T. ) ;
#4778 = CARTESIAN_POINT ( 'NONE',  ( -5.450000000000001954, -10.14838099273102046, 2.225000000000000089 ) ) ;
#4779 = EDGE_CURVE ( 'NONE', #3404, #1845, #1580, .T. ) ;
#4780 = CARTESIAN_POINT ( 'NONE',  ( -5.950000000000000178, -1.808246407405795342, 1.750000000000000222 ) ) ;
#4781 = ADVANCED_FACE ( 'NONE', ( #977 ), #5070, .F. ) ;
#4782 = ORIENTED_EDGE ( 'NONE', *, *, #3586, .F. ) ;
#4783 = ORIENTED_EDGE ( 'NONE', *, *, #2826, .T. ) ;
#4784 = VECTOR ( 'NONE', #4064, 1000.000000000000000 ) ;
#4785 = CARTESIAN_POINT ( 'NONE',  ( 5.950000000000000178, -3.000000000000000000, -2.500000000000000000 ) ) ;
#4786 = LINE ( 'NONE', #4831, #4232 ) ;
#4787 = LINE ( 'NONE', #3542, #1158 ) ;
#4788 = ORIENTED_EDGE ( 'NONE', *, *, #4920, .F. ) ;
#4789 = SURFACE_STYLE_FILL_AREA ( #296 ) ;
#4790 = CARTESIAN_POINT ( 'NONE',  ( 5.449999999999997513, 1.625000000000001332, 2.225000000000000089 ) ) ;
#4791 = CARTESIAN_POINT ( 'NONE',  ( -5.124999999999999112, 2.299999999999999822, 2.224999999999999645 ) ) ;
#4792 = ORIENTED_EDGE ( 'NONE', *, *, #5163, .T. ) ;
#4793 = DIRECTION ( 'NONE',  ( -0.000000000000000000, -1.000000000000000000, -0.000000000000000000 ) ) ;
#4794 = LINE ( 'NONE', #4386, #1032 ) ;
#4795 = LINE ( 'NONE', #210, #4134 ) ;
#4796 = EDGE_LOOP ( 'NONE', ( #2371, #5202, #3215, #2510 ) ) ;
#4797 = VECTOR ( 'NONE', #866, 1000.000000000000000 ) ;
#4798 = VECTOR ( 'NONE', #787, 1000.000000000000000 ) ;
#4799 = VERTEX_POINT ( 'NONE', #3770 ) ;
#4800 = DIRECTION ( 'NONE',  ( 4.336808689942011327E-16, -1.057758217059028608E-16, 1.000000000000000000 ) ) ;
#4801 = CARTESIAN_POINT ( 'NONE',  ( -0.2500000000000002220, -8.753191851259118059E-16, -1.249999999999999556 ) ) ;
#4802 = CARTESIAN_POINT ( 'NONE',  ( -5.950000000000001066, 4.250000000000000000, -0.1000000000000004774 ) ) ;
#4803 = EDGE_CURVE ( 'NONE', #2298, #3385, #1748, .T. ) ;
#4804 = ORIENTED_EDGE ( 'NONE', *, *, #1857, .F. ) ;
#4805 = EDGE_CURVE ( 'NONE', #3459, #1127, #5018, .T. ) ;
#4806 = ORIENTED_EDGE ( 'NONE', *, *, #3749, .F. ) ;
#4807 = EDGE_CURVE ( 'NONE', #2856, #1820, #2597, .T. ) ;
#4808 = LINE ( 'NONE', #4703, #1090 ) ;
#4809 = DIRECTION ( 'NONE',  ( 0.000000000000000000, -3.960555881225586985E-17, 1.000000000000000000 ) ) ;
#4810 = CARTESIAN_POINT ( 'NONE',  ( -3.465000000000000302, 1.624999999999999778, -4.870572098594924348 ) ) ;
#4811 = ORIENTED_EDGE ( 'NONE', *, *, #1721, .T. ) ;
#4812 = ADVANCED_FACE ( 'NONE', ( #2203 ), #3823, .F. ) ;
#4813 = ORIENTED_EDGE ( 'NONE', *, *, #3162, .F. ) ;
#4814 = CARTESIAN_POINT ( 'NONE',  ( 4.765000000000000568, 5.624999999999994671, -2.500000000000000000 ) ) ;
#4815 = DIRECTION ( 'NONE',  ( -0.000000000000000000, 0.000000000000000000, 1.000000000000000000 ) ) ;
#4816 = ORIENTED_EDGE ( 'NONE', *, *, #890, .T. ) ;
#4817 = DIRECTION ( 'NONE',  ( -1.000000000000000000, -0.000000000000000000, -0.000000000000000000 ) ) ;
#4818 = EDGE_CURVE ( 'NONE', #2104, #3200, #235, .T. ) ;
#4819 = CARTESIAN_POINT ( 'NONE',  ( 3.690000000000000391, 5.375000000000000000, 2.224999999999999645 ) ) ;
#4820 = FACE_OUTER_BOUND ( 'NONE', #1089, .T. ) ;
#4821 = CARTESIAN_POINT ( 'NONE',  ( -5.950000000000001066, 4.250000000000000000, -0.1000000000000004774 ) ) ;
#4822 = VECTOR ( 'NONE', #5025, 1000.000000000000000 ) ;
#4823 = ORIENTED_EDGE ( 'NONE', *, *, #4316, .F. ) ;
#4824 = AXIS2_PLACEMENT_3D ( 'NONE', #3851, #3903, #1432 ) ;
#4825 = VECTOR ( 'NONE', #4424, 1000.000000000000000 ) ;
#4826 = CARTESIAN_POINT ( 'NONE',  ( -5.950000000000001066, 4.250000000000000000, -0.8500000000000005329 ) ) ;
#4827 = DIRECTION ( 'NONE',  ( -1.000000000000000000, -1.252287328451658890E-15, 0.000000000000000000 ) ) ;
#4828 = DIRECTION ( 'NONE',  ( 0.000000000000000000, -1.000000000000000000, 0.000000000000000000 ) ) ;
#4829 = ORIENTED_EDGE ( 'NONE', *, *, #1212, .F. ) ;
#4830 = LINE ( 'NONE', #342, #264 ) ;
#4831 = CARTESIAN_POINT ( 'NONE',  ( 4.950000000000000178, -3.000000000000000000, 0.7500000000000002220 ) ) ;
#4832 = CARTESIAN_POINT ( 'NONE',  ( -0.2500000000000000000, 1.250000000000000000, 2.400000000000000799 ) ) ;
#4833 = DIRECTION ( 'NONE',  ( 0.000000000000000000, 0.000000000000000000, -1.000000000000000000 ) ) ;
#4834 = ORIENTED_EDGE ( 'NONE', *, *, #2996, .T. ) ;
#4835 = ORIENTED_EDGE ( 'NONE', *, *, #1671, .F. ) ;
#4836 = EDGE_CURVE ( 'NONE', #3729, #2132, #1112, .T. ) ;
#4837 = ADVANCED_FACE ( 'NONE', ( #3150 ), #5095, .F. ) ;
#4838 = AXIS2_PLACEMENT_3D ( 'NONE', #1370, #2980, #968 ) ;
#4839 = DIRECTION ( 'NONE',  ( 0.7071067811865365815, -0.7071067811865585639, 0.000000000000000000 ) ) ;
#4840 = CARTESIAN_POINT ( 'NONE',  ( 5.449999999999997513, 1.625000000000001332, 2.225000000000000089 ) ) ;
#4841 = DIRECTION ( 'NONE',  ( -0.7071067811865584529, -0.7071067811865364705, 0.000000000000000000 ) ) ;
#4842 = EDGE_CURVE ( 'NONE', #523, #1868, #1087, .T. ) ;
#4843 = EDGE_CURVE ( 'NONE', #3589, #3404, #3097, .T. ) ;
#4844 = ORIENTED_EDGE ( 'NONE', *, *, #3368, .F. ) ;
#4845 = CARTESIAN_POINT ( 'NONE',  ( 4.765000000000000568, 6.250000000000006217, 2.500000000000000444 ) ) ;
#4846 = ORIENTED_EDGE ( 'NONE', *, *, #1114, .T. ) ;
#4847 = CARTESIAN_POINT ( 'NONE',  ( -0.2500000000000000555, 1.750000000000000444, 2.400000000000000799 ) ) ;
#4848 = ORIENTED_EDGE ( 'NONE', *, *, #3359, .F. ) ;
#4849 = VECTOR ( 'NONE', #4003, 1000.000000000000000 ) ;
#4850 = CARTESIAN_POINT ( 'NONE',  ( 4.765000000000000568, 5.624999999999994671, -2.500000000000000000 ) ) ;
#4851 = CARTESIAN_POINT ( 'NONE',  ( -1.749999999999999778, 1.624999999999998224, 1.250000000000000666 ) ) ;
#4852 = ORIENTED_EDGE ( 'NONE', *, *, #328, .T. ) ;
#4853 = DIRECTION ( 'NONE',  ( 0.000000000000000000, 1.000000000000000000, 0.000000000000000000 ) ) ;
#4854 = DIRECTION ( 'NONE',  ( 1.000000000000000000, 0.000000000000000000, 0.000000000000000000 ) ) ;
#4855 = EDGE_LOOP ( 'NONE', ( #5177, #3336, #4763, #1719, #2949, #4371 ) ) ;
#4856 = VECTOR ( 'NONE', #1059, 1000.000000000000000 ) ;
#4857 = DIRECTION ( 'NONE',  ( -1.084202172485502832E-16, 6.617026289364699094E-17, -1.000000000000000000 ) ) ;
#4858 =( NAMED_UNIT ( * ) SI_UNIT ( $, .STERADIAN. ) SOLID_ANGLE_UNIT ( ) );
#4859 = LINE ( 'NONE', #1969, #3015 ) ;
#4860 = ORIENTED_EDGE ( 'NONE', *, *, #2187, .T. ) ;
#4861 = ORIENTED_EDGE ( 'NONE', *, *, #4902, .T. ) ;
#4862 = DIRECTION ( 'NONE',  ( 0.7071067811865563435, -0.7071067811865388020, 0.000000000000000000 ) ) ;
#4863 = APPLICATION_PROTOCOL_DEFINITION ( 'draft international standard', 'automotive_design', 1998, #3678 ) ;
#4864 = ORIENTED_EDGE ( 'NONE', *, *, #3752, .T. ) ;
#4865 = DIRECTION ( 'NONE',  ( 0.000000000000000000, 0.000000000000000000, -1.000000000000000000 ) ) ;
#4866 = LINE ( 'NONE', #10, #5176 ) ;
#4867 = AXIS2_PLACEMENT_3D ( 'NONE', #4603, #1357, #3846 ) ;
#4868 = EDGE_CURVE ( 'NONE', #1071, #1694, #4795, .T. ) ;
#4869 = VECTOR ( 'NONE', #2601, 1000.000000000000000 ) ;
#4870 = ORIENTED_EDGE ( 'NONE', *, *, #632, .T. ) ;
#4871 =( GEOMETRIC_REPRESENTATION_CONTEXT ( 3 ) GLOBAL_UNCERTAINTY_ASSIGNED_CONTEXT ( ( #4534 ) ) GLOBAL_UNIT_ASSIGNED_CONTEXT ( ( #3141, #1178, #3574 ) ) REPRESENTATION_CONTEXT ( 'NONE', 'WORKASPACE' ) );
#4872 = EDGE_CURVE ( 'NONE', #3278, #2, #3074, .T. ) ;
#4873 = DIRECTION ( 'NONE',  ( 0.7071067811865388020, 0.7071067811865563435, 0.000000000000000000 ) ) ;
#4874 = VERTEX_POINT ( 'NONE', #5145 ) ;
#4875 = DIRECTION ( 'NONE',  ( -1.000000000000000000, 0.000000000000000000, 0.000000000000000000 ) ) ;
#4876 = CARTESIAN_POINT ( 'NONE',  ( 3.626052147056688213, 4.914168687704686178, 2.500000000000000444 ) ) ;
#4877 = ORIENTED_EDGE ( 'NONE', *, *, #568, .T. ) ;
#4878 = EDGE_CURVE ( 'NONE', #740, #258, #1139, .T. ) ;
#4879 = DIRECTION ( 'NONE',  ( -0.000000000000000000, 1.000000000000000000, -0.000000000000000000 ) ) ;
#4880 = CARTESIAN_POINT ( 'NONE',  ( 4.250000000000000000, 0.000000000000000000, -0.7499999999999995559 ) ) ;
#4881 = CARTESIAN_POINT ( 'NONE',  ( 3.465000000000001634, 4.775000000000000355, -2.500000000000002220 ) ) ;
#4882 = AXIS2_PLACEMENT_3D ( 'NONE', #1887, #1119, #3510 ) ;
#4883 = CARTESIAN_POINT ( 'NONE',  ( 3.465000000000000302, 1.625000000000001110, 2.225000000000000089 ) ) ;
#4884 = CARTESIAN_POINT ( 'NONE',  ( -1.749999999999999778, -1.312978777688867807E-15, 1.250000000000000444 ) ) ;
#4885 = AXIS2_PLACEMENT_3D ( 'NONE', #3582, #3683, #4035 ) ;
#4886 = ORIENTED_EDGE ( 'NONE', *, *, #1483, .T. ) ;
#4887 = CARTESIAN_POINT ( 'NONE',  ( 4.765000000000000568, 6.250000000000006217, -2.500000000000000000 ) ) ;
#4888 = FILL_AREA_STYLE_COLOUR ( '', #4568 ) ;
#4889 = VERTEX_POINT ( 'NONE', #4315 ) ;
#4890 = ORIENTED_EDGE ( 'NONE', *, *, #2478, .F. ) ;
#4891 = DIRECTION ( 'NONE',  ( 1.000000000000000000, 0.000000000000000000, -0.000000000000000000 ) ) ;
#4892 = PRODUCT_CONTEXT ( 'NONE', #5091, 'mechanical' ) ;
#4893 = CARTESIAN_POINT ( 'NONE',  ( 5.450000000000000178, -10.14838099273102046, 2.225000000000000089 ) ) ;
#4894 = CARTESIAN_POINT ( 'NONE',  ( 5.950000000000000178, 0.000000000000000000, 2.500000000000000444 ) ) ;
#4895 = ORIENTED_EDGE ( 'NONE', *, *, #2607, .F. ) ;
#4896 = EDGE_CURVE ( 'NONE', #2677, #153, #1934, .T. ) ;
#4897 = FACE_OUTER_BOUND ( 'NONE', #3317, .T. ) ;
#4898 = DIRECTION ( 'NONE',  ( 0.000000000000000000, -1.000000000000000000, 0.000000000000000000 ) ) ;
#4899 = EDGE_CURVE ( 'NONE', #5044, #2298, #3957, .T. ) ;
#4900 = ORIENTED_EDGE ( 'NONE', *, *, #3159, .T. ) ;
#4901 = VECTOR ( 'NONE', #1502, 1000.000000000000000 ) ;
#4902 = EDGE_CURVE ( 'NONE', #3925, #3858, #4772, .T. ) ;
#4903 = LINE ( 'NONE', #1672, #182 ) ;
#4904 = DIRECTION ( 'NONE',  ( 7.228014483236699514E-16, 1.000000000000000000, 0.000000000000000000 ) ) ;
#4905 = VERTEX_POINT ( 'NONE', #3555 ) ;
#4906 = DIRECTION ( 'NONE',  ( 1.084202172485502955E-16, -1.000000000000000000, 0.000000000000000000 ) ) ;
#4907 = EDGE_CURVE ( 'NONE', #4874, #1977, #3505, .T. ) ;
#4908 = DIRECTION ( 'NONE',  ( -1.000000000000000000, 0.000000000000000000, 0.000000000000000000 ) ) ;
#4909 = VECTOR ( 'NONE', #5118, 1000.000000000000000 ) ;
#4910 = AXIS2_PLACEMENT_3D ( 'NONE', #2290, #3906, #263 ) ;
#4911 = ORIENTED_EDGE ( 'NONE', *, *, #4346, .T. ) ;
#4912 =( NAMED_UNIT ( * ) PLANE_ANGLE_UNIT ( ) SI_UNIT ( $, .RADIAN. ) );
#4913 = CARTESIAN_POINT ( 'NONE',  ( -4.514999999999999680, 5.375000000000000000, -2.500000000000000000 ) ) ;
#4914 = DIRECTION ( 'NONE',  ( 1.000000000000000000, -2.168404344971009115E-16, 0.000000000000000000 ) ) ;
#4915 = CARTESIAN_POINT ( 'NONE',  ( 3.465000000000001634, 5.375000000000000000, -2.500000000000002220 ) ) ;
#4916 = DIRECTION ( 'NONE',  ( 1.000000000000000000, 2.869677711329157321E-32, -4.336808689942011820E-16 ) ) ;
#4917 = PLANE ( 'NONE',  #91 ) ;
#4918 = ORIENTED_EDGE ( 'NONE', *, *, #660, .T. ) ;
#4919 = EDGE_LOOP ( 'NONE', ( #3699, #1121, #710, #1264 ) ) ;
#4920 = EDGE_CURVE ( 'NONE', #3358, #2712, #3450, .T. ) ;
#4921 = VECTOR ( 'NONE', #3271, 999.9999999999998863 ) ;
#4922 = CARTESIAN_POINT ( 'NONE',  ( 2.250000000000000444, 6.499999999999999112, 0.7499999999999996669 ) ) ;
#4923 = APPLICATION_PROTOCOL_DEFINITION ( 'draft international standard', 'automotive_design', 1998, #5091 ) ;
#4924 = ORIENTED_EDGE ( 'NONE', *, *, #3292, .F. ) ;
#4925 = LINE ( 'NONE', #4546, #2115 ) ;
#4926 = PLANE ( 'NONE',  #151 ) ;
#4927 = FACE_OUTER_BOUND ( 'NONE', #1783, .T. ) ;
#4928 = VERTEX_POINT ( 'NONE', #2254 ) ;
#4929 = VECTOR ( 'NONE', #4352, 1000.000000000000000 ) ;
#4930 = LINE ( 'NONE', #101, #4943 ) ;
#4931 = CARTESIAN_POINT ( 'NONE',  ( -4.250000000000000000, -1.750638370251823612E-15, -1.249999999999999334 ) ) ;
#4932 = PLANE ( 'NONE',  #4540 ) ;
#4933 = ORIENTED_EDGE ( 'NONE', *, *, #753, .F. ) ;
#4934 = DIRECTION ( 'NONE',  ( 0.000000000000000000, -1.000000000000000000, 0.000000000000000000 ) ) ;
#4935 = CARTESIAN_POINT ( 'NONE',  ( 4.250000000000000000, 1.625000000000001332, -1.250000000000000000 ) ) ;
#4936 = LINE ( 'NONE', #3661, #135 ) ;
#4937 = EDGE_CURVE ( 'NONE', #1232, #4905, #3960, .T. ) ;
#4938 = ORIENTED_EDGE ( 'NONE', *, *, #686, .F. ) ;
#4939 = AXIS2_PLACEMENT_3D ( 'NONE', #3887, #5105, #358 ) ;
#4940 = ADVANCED_FACE ( 'NONE', ( #1037 ), #3477, .F. ) ;
#4941 = DIRECTION ( 'NONE',  ( -1.000000000000000000, 2.168404344971009115E-16, 0.000000000000000000 ) ) ;
#4942 = CARTESIAN_POINT ( 'NONE',  ( 2.240000000000007319, 4.775000000000000355, -2.225000000000000089 ) ) ;
#4943 = VECTOR ( 'NONE', #2405, 1000.000000000000000 ) ;
#4944 = LINE ( 'NONE', #2501, #1933 ) ;
#4945 = DIRECTION ( 'NONE',  ( -0.000000000000000000, -0.000000000000000000, 1.000000000000000000 ) ) ;
#4946 = ORIENTED_EDGE ( 'NONE', *, *, #1539, .F. ) ;
#4947 = VECTOR ( 'NONE', #1923, 1000.000000000000000 ) ;
#4948 = VECTOR ( 'NONE', #1851, 999.9999999999998863 ) ;
#4949 = FACE_OUTER_BOUND ( 'NONE', #2397, .T. ) ;
#4950 = PRESENTATION_LAYER_ASSIGNMENT (  '', '', ( #3738 ) ) ;
#4951 = DIRECTION ( 'NONE',  ( 1.000000000000000000, 0.000000000000000000, 0.000000000000000000 ) ) ;
#4952 = PLANE ( 'NONE',  #3972 ) ;
#4953 = CARTESIAN_POINT ( 'NONE',  ( -2.250000000000000444, -1.312978777688867807E-15, 1.250000000000000444 ) ) ;
#4954 = CLOSED_SHELL ( 'NONE', ( #43, #2897, #2192, #4541, #2610, #273, #5001, #4321, #2525, #49, #1253, #1632, #2866, #1088, #2164, #3131, #4683, #4012, #1441, #2963, #1795, #782 ) ) ;
#4955 = EDGE_LOOP ( 'NONE', ( #1945, #1613, #585, #646 ) ) ;
#4956 = CARTESIAN_POINT ( 'NONE',  ( -0.2500000000000001665, -2.725252258054537080, 0.2499999999999994171 ) ) ;
#4957 = VECTOR ( 'NONE', #2103, 1000.000000000000000 ) ;
#4958 = DIRECTION ( 'NONE',  ( 0.000000000000000000, 1.000000000000000000, 0.000000000000000000 ) ) ;
#4959 = VERTEX_POINT ( 'NONE', #4744 ) ;
#4960 = CARTESIAN_POINT ( 'NONE',  ( 0.2500000000000004441, 3.250000000000000000, 0.4000000000000010214 ) ) ;
#4961 = VERTEX_POINT ( 'NONE', #2700 ) ;
#4962 = FACE_OUTER_BOUND ( 'NONE', #4390, .T. ) ;
#4963 = CARTESIAN_POINT ( 'NONE',  ( 1.749999999999999778, 6.499999999999999112, -0.7499999999999994449 ) ) ;
#4964 = LINE ( 'NONE', #5019, #4948 ) ;
#4965 = ORIENTED_EDGE ( 'NONE', *, *, #3551, .T. ) ;
#4966 = EDGE_CURVE ( 'NONE', #4766, #4188, #4339, .T. ) ;
#4967 = DIRECTION ( 'NONE',  ( -0.000000000000000000, 0.000000000000000000, 1.000000000000000000 ) ) ;
#4968 = PLANE ( 'NONE',  #3101 ) ;
#4969 = CARTESIAN_POINT ( 'NONE',  ( -4.514999999999999680, 5.375000000000000000, 2.500000000000000444 ) ) ;
#4970 = CARTESIAN_POINT ( 'NONE',  ( -4.514999999999999680, 5.375000000000000000, -2.500000000000000000 ) ) ;
#4971 = EDGE_CURVE ( 'NONE', #2198, #4928, #282, .T. ) ;
#4972 = ORIENTED_EDGE ( 'NONE', *, *, #4777, .T. ) ;
#4973 = VECTOR ( 'NONE', #5011, 1000.000000000000000 ) ;
#4974 = EDGE_CURVE ( 'NONE', #213, #2198, #5170, .T. ) ;
#4975 = LINE ( 'NONE', #5030, #3393 ) ;
#4976 = VECTOR ( 'NONE', #3600, 1000.000000000000000 ) ;
#4977 = ORIENTED_EDGE ( 'NONE', *, *, #1445, .T. ) ;
#4978 = FACE_OUTER_BOUND ( 'NONE', #3291, .T. ) ;
#4979 = PLANE ( 'NONE',  #3112 ) ;
#4980 = EDGE_CURVE ( 'NONE', #3698, #4372, #406, .T. ) ;
#4981 = ORIENTED_EDGE ( 'NONE', *, *, #4643, .F. ) ;
#4982 = CARTESIAN_POINT ( 'NONE',  ( 0.2500000000000002220, -8.753191851259118059E-16, 0.7499999999999997780 ) ) ;
#4983 = DIRECTION ( 'NONE',  ( -0.7071067811865561215, 0.7071067811865389130, 0.000000000000000000 ) ) ;
#4984 = ORIENTED_EDGE ( 'NONE', *, *, #2904, .T. ) ;
#4985 = DIRECTION ( 'NONE',  ( 0.000000000000000000, -1.000000000000000000, 0.000000000000000000 ) ) ;
#4986 = VERTEX_POINT ( 'NONE', #3654 ) ;
#4987 = DIRECTION ( 'NONE',  ( 1.000000000000000000, 0.000000000000000000, 0.000000000000000000 ) ) ;
#4988 = ORIENTED_EDGE ( 'NONE', *, *, #3806, .F. ) ;
#4989 = DIRECTION ( 'NONE',  ( 0.3236155771181820628, 0.3236155771181821739, -0.8891264907159901476 ) ) ;
#4990 = ORIENTED_EDGE ( 'NONE', *, *, #1861, .T. ) ;
#4991 = CARTESIAN_POINT ( 'NONE',  ( 5.950000000000000178, 6.500000000000000000, 2.500000000000000444 ) ) ;
#4992 = DIRECTION ( 'NONE',  ( 0.000000000000000000, -1.000000000000000000, -1.338521200599385475E-16 ) ) ;
#4993 = DIRECTION ( 'NONE',  ( -1.000000000000000000, 0.000000000000000000, -0.000000000000000000 ) ) ;
#4994 = LINE ( 'NONE', #1285, #3527 ) ;
#4995 = VECTOR ( 'NONE', #636, 1000.000000000000000 ) ;
#4996 = ORIENTED_EDGE ( 'NONE', *, *, #4643, .T. ) ;
#4997 = VERTEX_POINT ( 'NONE', #3629 ) ;
#4998 = LINE ( 'NONE', #4189, #1011 ) ;
#4999 = CARTESIAN_POINT ( 'NONE',  ( -4.950000000000000178, 0.000000000000000000, -2.500000000000000000 ) ) ;
#5000 = DIRECTION ( 'NONE',  ( 0.000000000000000000, 1.000000000000000000, 0.000000000000000000 ) ) ;
#5001 = ADVANCED_FACE ( 'NONE', ( #2407 ), #779, .T. ) ;
#5002 = ORIENTED_EDGE ( 'NONE', *, *, #3983, .F. ) ;
#5003 = EDGE_CURVE ( 'NONE', #345, #944, #1585, .T. ) ;
#5004 = CARTESIAN_POINT ( 'NONE',  ( 0.000000000000000000, -2.999999999999999556, 2.149999999999999911 ) ) ;
#5005 = AXIS2_PLACEMENT_3D ( 'NONE', #2660, #637, #1494 ) ;
#5006 = EDGE_CURVE ( 'NONE', #3950, #2627, #5216, .T. ) ;
#5007 =( NAMED_UNIT ( * ) PLANE_ANGLE_UNIT ( ) SI_UNIT ( $, .RADIAN. ) );
#5008 = DIRECTION ( 'NONE',  ( -0.000000000000000000, -0.000000000000000000, 1.000000000000000000 ) ) ;
#5009 = ADVANCED_FACE ( 'NONE', ( #1666 ), #1561, .F. ) ;
#5010 = AXIS2_PLACEMENT_3D ( 'NONE', #4376, #2740, #5227 ) ;
#5011 = DIRECTION ( 'NONE',  ( 0.000000000000000000, -1.000000000000000000, 0.000000000000000000 ) ) ;
#5012 = VERTEX_POINT ( 'NONE', #3226 ) ;
#5013 = PRODUCT_DEFINITION_SHAPE ( 'NONE', 'NONE',  #5276 ) ;
#5014 = FACE_OUTER_BOUND ( 'NONE', #3391, .T. ) ;
#5015 = VECTOR ( 'NONE', #4595, 1000.000000000000000 ) ;
#5016 = EDGE_LOOP ( 'NONE', ( #837, #4682, #796, #4490 ) ) ;
#5017 = ORIENTED_EDGE ( 'NONE', *, *, #961, .F. ) ;
#5018 = LINE ( 'NONE', #2994, #1237 ) ;
#5019 = CARTESIAN_POINT ( 'NONE',  ( -2.465000000000001190, 5.149999999999999467, 2.224999999999999645 ) ) ;
#5020 = DIRECTION ( 'NONE',  ( -0.000000000000000000, -0.000000000000000000, 1.000000000000000000 ) ) ;
#5021 = ORIENTED_EDGE ( 'NONE', *, *, #4373, .T. ) ;
#5022 = VERTEX_POINT ( 'NONE', #3985 ) ;
#5023 = PLANE ( 'NONE',  #3053 ) ;
#5024 = CARTESIAN_POINT ( 'NONE',  ( 4.765000000000000568, 6.250000000000006217, -2.225000000000000089 ) ) ;
#5025 = DIRECTION ( 'NONE',  ( 0.000000000000000000, 1.000000000000000000, 0.000000000000000000 ) ) ;
#5026 = DIRECTION ( 'NONE',  ( 0.000000000000000000, 0.000000000000000000, -1.000000000000000000 ) ) ;
#5027 = ORIENTED_EDGE ( 'NONE', *, *, #5256, .T. ) ;
#5028 = VECTOR ( 'NONE', #3759, 1000.000000000000114 ) ;
#5029 = AXIS2_PLACEMENT_3D ( 'NONE', #4117, #2822, #3283 ) ;
#5030 = CARTESIAN_POINT ( 'NONE',  ( 5.449999999999999289, 6.500000000000000000, 0.1250000000000001110 ) ) ;
#5031 = DIRECTION ( 'NONE',  ( -0.000000000000000000, 0.000000000000000000, 1.000000000000000000 ) ) ;
#5032 = PLANE ( 'NONE',  #4322 ) ;
#5033 = DIRECTION ( 'NONE',  ( 1.000000000000000000, -2.168404344971009115E-16, 0.000000000000000000 ) ) ;
#5034 = VERTEX_POINT ( 'NONE', #2012 ) ;
#5035 = DIRECTION ( 'NONE',  ( -0.000000000000000000, 0.000000000000000000, 1.000000000000000000 ) ) ;
#5036 = CARTESIAN_POINT ( 'NONE',  ( 5.950000000000000178, 0.4250000000000017653, 2.500000000000000444 ) ) ;
#5037 = EDGE_CURVE ( 'NONE', #194, #1481, #1956, .T. ) ;
#5038 = CARTESIAN_POINT ( 'NONE',  ( -0.2500000000000000555, -2.999999999999999556, 1.749999999999999334 ) ) ;
#5039 = ORIENTED_EDGE ( 'NONE', *, *, #2827, .T. ) ;
#5040 = EDGE_CURVE ( 'NONE', #3155, #3070, #2823, .T. ) ;
#5041 = EDGE_CURVE ( 'NONE', #77, #755, #805, .T. ) ;
#5042 = VECTOR ( 'NONE', #1534, 1000.000000000000000 ) ;
#5043 = CARTESIAN_POINT ( 'NONE',  ( 4.514999999999999680, 5.375000000000000000, 2.500000000000000444 ) ) ;
#5044 = VERTEX_POINT ( 'NONE', #1239 ) ;
#5045 = CARTESIAN_POINT ( 'NONE',  ( 4.950000000000000178, -1.808246407405795342, 1.750000000000000222 ) ) ;
#5046 = ORIENTED_EDGE ( 'NONE', *, *, #4072, .F. ) ;
#5047 = AXIS2_PLACEMENT_3D ( 'NONE', #3633, #4468, #2778 ) ;
#5048 = DIRECTION ( 'NONE',  ( 0.000000000000000000, -1.000000000000000000, 0.000000000000000000 ) ) ;
#5049 = LINE ( 'NONE', #478, #1890 ) ;
#5050 = DIRECTION ( 'NONE',  ( -0.7071067811865389130, -0.7071067811865561215, 0.000000000000000000 ) ) ;
#5051 = EDGE_LOOP ( 'NONE', ( #1296, #3962, #1581, #5190 ) ) ;
#5052 = ORIENTED_EDGE ( 'NONE', *, *, #1671, .T. ) ;
#5053 = EDGE_CURVE ( 'NONE', #1875, #675, #1186, .T. ) ;
#5054 = CARTESIAN_POINT ( 'NONE',  ( 4.950000000000000178, -3.000000000000000000, 0.7500000000000002220 ) ) ;
#5055 = DIRECTION ( 'NONE',  ( -0.000000000000000000, -0.000000000000000000, 1.000000000000000000 ) ) ;
#5056 = FACE_OUTER_BOUND ( 'NONE', #3003, .T. ) ;
#5057 = ORIENTED_EDGE ( 'NONE', *, *, #3714, .F. ) ;
#5058 = AXIS2_PLACEMENT_3D ( 'NONE', #1329, #3343, #3313 ) ;
#5059 = VECTOR ( 'NONE', #2855, 1000.000000000000000 ) ;
#5060 = PLANE ( 'NONE',  #1555 ) ;
#5061 = DIRECTION ( 'NONE',  ( 0.000000000000000000, -1.000000000000000000, 0.000000000000000000 ) ) ;
#5062 =( REPRESENTATION_RELATIONSHIP ('NONE','NONE', #1653, #1488 ) REPRESENTATION_RELATIONSHIP_WITH_TRANSFORMATION ( #887 )SHAPE_REPRESENTATION_RELATIONSHIP( ) );
#5063 = EDGE_LOOP ( 'NONE', ( #2965, #1321, #4829, #3297 ) ) ;
#5064 = ORIENTED_EDGE ( 'NONE', *, *, #3977, .F. ) ;
#5065 = ADVANCED_FACE ( 'NONE', ( #3176 ), #4932, .F. ) ;
#5066 = DIRECTION ( 'NONE',  ( 0.000000000000000000, -0.7071067811865556774, 0.7071067811865394681 ) ) ;
#5067 = EDGE_CURVE ( 'NONE', #3507, #3385, #2434, .T. ) ;
#5068 = VERTEX_POINT ( 'NONE', #1162 ) ;
#5069 = ORIENTED_EDGE ( 'NONE', *, *, #4173, .F. ) ;
#5070 = PLANE ( 'NONE',  #802 ) ;
#5071 = ORIENTED_EDGE ( 'NONE', *, *, #726, .F. ) ;
#5072 = EDGE_CURVE ( 'NONE', #1457, #1999, #18, .T. ) ;
#5073 = EDGE_CURVE ( 'NONE', #2157, #2784, #434, .T. ) ;
#5074 = ADVANCED_FACE ( 'NONE', ( #836 ), #47, .T. ) ;
#5075 = CARTESIAN_POINT ( 'NONE',  ( -3.465000000000000302, 1.624999999999999556, 2.225000000000000089 ) ) ;
#5076 = EDGE_CURVE ( 'NONE', #3691, #1140, #1641, .T. ) ;
#5077 = CARTESIAN_POINT ( 'NONE',  ( -4.250000000000000000, 6.499999999999997335, -0.7499999999999990008 ) ) ;
#5078 = ORIENTED_EDGE ( 'NONE', *, *, #2264, .T. ) ;
#5079 = EDGE_LOOP ( 'NONE', ( #4823, #4114, #2186, #3544 ) ) ;
#5080 = VECTOR ( 'NONE', #4294, 1000.000000000000000 ) ;
#5081 = CARTESIAN_POINT ( 'NONE',  ( 3.465000000000000746, 5.150000000000004796, 2.224999999999999645 ) ) ;
#5082 = DIRECTION ( 'NONE',  ( -0.000000000000000000, -0.000000000000000000, 1.000000000000000000 ) ) ;
#5083 = DIRECTION ( 'NONE',  ( 1.000000000000000000, 0.000000000000000000, 0.000000000000000000 ) ) ;
#5084 = VECTOR ( 'NONE', #4532, 1000.000000000000114 ) ;
#5085 = ORIENTED_EDGE ( 'NONE', *, *, #428, .F. ) ;
#5086 = VECTOR ( 'NONE', #665, 1000.000000000000000 ) ;
#5087 = DIRECTION ( 'NONE',  ( 0.000000000000000000, -1.239088197126290866E-15, 1.000000000000000000 ) ) ;
#5088 = LINE ( 'NONE', #2246, #409 ) ;
#5089 = CARTESIAN_POINT ( 'NONE',  ( -5.015000000000000568, 6.499999999999998224, -2.500000000000000000 ) ) ;
#5090 = EDGE_LOOP ( 'NONE', ( #3055, #1363, #1778, #2215 ) ) ;
#5091 = APPLICATION_CONTEXT ( 'automotive_design' ) ;
#5092 = DIRECTION ( 'NONE',  ( 0.000000000000000000, 0.000000000000000000, 1.000000000000000000 ) ) ;
#5093 = VERTEX_POINT ( 'NONE', #4495 ) ;
#5094 = ORIENTED_EDGE ( 'NONE', *, *, #790, .T. ) ;
#5095 = PLANE ( 'NONE',  #4824 ) ;
#5096 = VERTEX_POINT ( 'NONE', #2460 ) ;
#5097 = VECTOR ( 'NONE', #671, 1000.000000000000114 ) ;
#5098 = VECTOR ( 'NONE', #670, 1000.000000000000000 ) ;
#5099 = LINE ( 'NONE', #3156, #529 ) ;
#5100 = LINE ( 'NONE', #5150, #5240 ) ;
#5101 = EDGE_CURVE ( 'NONE', #987, #1899, #4088, .T. ) ;
#5102 = ORIENTED_EDGE ( 'NONE', *, *, #526, .T. ) ;
#5103 = EDGE_CURVE ( 'NONE', #2334, #3935, #2881, .T. ) ;
#5104 = VERTEX_POINT ( 'NONE', #2909 ) ;
#5105 = DIRECTION ( 'NONE',  ( -0.000000000000000000, 0.000000000000000000, 1.000000000000000000 ) ) ;
#5106 = PLANE ( 'NONE',  #2443 ) ;
#5107 = CARTESIAN_POINT ( 'NONE',  ( 4.765000000000000568, 5.624999999999994671, -2.225000000000000089 ) ) ;
#5108 = ORIENTED_EDGE ( 'NONE', *, *, #333, .F. ) ;
#5109 = DIRECTION ( 'NONE',  ( 0.000000000000000000, 1.000000000000000000, 0.000000000000000000 ) ) ;
#5110 = PLANE ( 'NONE',  #1946 ) ;
#5111 = CARTESIAN_POINT ( 'NONE',  ( 5.449999999999999289, 6.275000000000004796, -0.1000000000000002137 ) ) ;
#5112 = EDGE_LOOP ( 'NONE', ( #3711, #2064, #319, #3904 ) ) ;
#5113 = EDGE_CURVE ( 'NONE', #1669, #4063, #103, .T. ) ;
#5114 = VECTOR ( 'NONE', #2369, 1000.000000000000000 ) ;
#5115 = PLANE ( 'NONE',  #1115 ) ;
#5116 = ORIENTED_EDGE ( 'NONE', *, *, #728, .F. ) ;
#5117 = CARTESIAN_POINT ( 'NONE',  ( -5.950000000000001066, 6.275000000000004796, -0.1000000000000002137 ) ) ;
#5118 = DIRECTION ( 'NONE',  ( -0.000000000000000000, -0.000000000000000000, 1.000000000000000000 ) ) ;
#5119 = VERTEX_POINT ( 'NONE', #4145 ) ;
#5120 = LINE ( 'NONE', #3455, #94 ) ;
#5121 = FACE_OUTER_BOUND ( 'NONE', #2713, .T. ) ;
#5122 = CARTESIAN_POINT ( 'NONE',  ( 0.2500000000000004441, 3.100000000000000533, 0.2500000000000002220 ) ) ;
#5123 = VECTOR ( 'NONE', #2325, 1000.000000000000000 ) ;
#5124 = LINE ( 'NONE', #311, #643 ) ;
#5125 = VECTOR ( 'NONE', #1804, 1000.000000000000000 ) ;
#5126 = ORIENTED_EDGE ( 'NONE', *, *, #2102, .T. ) ;
#5127 = ADVANCED_BREP_SHAPE_REPRESENTATION ( '', ( #745, #4280, #699 ), #1884 ) ;
#5128 = ADVANCED_FACE ( 'NONE', ( #620 ), #3864, .F. ) ;
#5129 = ORIENTED_EDGE ( 'NONE', *, *, #4775, .T. ) ;
#5130 = EDGE_CURVE ( 'NONE', #2627, #4961, #4580, .T. ) ;
#5131 = LINE ( 'NONE', #269, #1271 ) ;
#5132 = DIRECTION ( 'NONE',  ( -1.000000000000000000, -1.252287328451658890E-15, 0.000000000000000000 ) ) ;
#5133 = LINE ( 'NONE', #1471, #5252 ) ;
#5134 = ADVANCED_FACE ( 'NONE', ( #2517, #947 ), #1722, .F. ) ;
#5135 = ORIENTED_EDGE ( 'NONE', *, *, #5067, .T. ) ;
#5136 = EDGE_CURVE ( 'NONE', #4799, #1144, #4120, .T. ) ;
#5137 = DIRECTION ( 'NONE',  ( 0.000000000000000000, -1.000000000000000000, 0.000000000000000000 ) ) ;
#5138 = AXIS2_PLACEMENT_3D ( 'NONE', #933, #1366, #3381 ) ;
#5139 = FACE_OUTER_BOUND ( 'NONE', #2200, .T. ) ;
#5140 = VERTEX_POINT ( 'NONE', #1743 ) ;
#5141 = DIRECTION ( 'NONE',  ( 0.7071067811865561215, -0.7071067811865389130, 0.000000000000000000 ) ) ;
#5142 = DIRECTION ( 'NONE',  ( 0.000000000000000000, 0.000000000000000000, -1.000000000000000000 ) ) ;
#5143 = ORIENTED_EDGE ( 'NONE', *, *, #2549, .F. ) ;
#5144 = CARTESIAN_POINT ( 'NONE',  ( 2.240000000000005986, 5.375000000000000000, 2.225000000000000089 ) ) ;
#5145 = CARTESIAN_POINT ( 'NONE',  ( 4.514999999999999680, 5.375000000000000000, 2.225000000000000089 ) ) ;
#5146 = ORIENTED_EDGE ( 'NONE', *, *, #5073, .T. ) ;
#5147 = EDGE_CURVE ( 'NONE', #1050, #578, #2487, .T. ) ;
#5148 = CARTESIAN_POINT ( 'NONE',  ( 5.950000000000000178, 4.774999999999999467, -2.500000000000000000 ) ) ;
#5149 = LINE ( 'NONE', #3534, #2311 ) ;
#5150 = CARTESIAN_POINT ( 'NONE',  ( -0.2500000000000001665, 3.749999999999999556, 0.4000000000000010214 ) ) ;
#5151 = ORIENTED_EDGE ( 'NONE', *, *, #1762, .T. ) ;
#5152 = VERTEX_POINT ( 'NONE', #2099 ) ;
#5153 = DIRECTION ( 'NONE',  ( 1.000000000000000000, -2.168404344971009115E-16, 0.000000000000000000 ) ) ;
#5154 = LINE ( 'NONE', #4375, #5259 ) ;
#5155 = DIRECTION ( 'NONE',  ( 0.000000000000000000, 1.000000000000000000, 0.000000000000000000 ) ) ;
#5156 = DIRECTION ( 'NONE',  ( -0.000000000000000000, -0.000000000000000000, 1.000000000000000000 ) ) ;
#5157 = VERTEX_POINT ( 'NONE', #2565 ) ;
#5158 = DIRECTION ( 'NONE',  ( 1.000000000000000000, 0.000000000000000000, 0.000000000000000000 ) ) ;
#5159 = DIRECTION ( 'NONE',  ( 0.000000000000000000, 0.7071067811865561215, -0.7071067811865390240 ) ) ;
#5160 = CARTESIAN_POINT ( 'NONE',  ( -3.750000000000000000, 1.624999999999997780, 1.250000000000000888 ) ) ;
#5161 = ADVANCED_FACE ( 'NONE', ( #896 ), #3739, .F. ) ;
#5162 = VECTOR ( 'NONE', #1675, 1000.000000000000000 ) ;
#5163 = EDGE_CURVE ( 'NONE', #1071, #2104, #3709, .T. ) ;
#5164 = ORIENTED_EDGE ( 'NONE', *, *, #4675, .F. ) ;
#5165 = LINE ( 'NONE', #1846, #4856 ) ;
#5166 = ADVANCED_FACE ( 'NONE', ( #4600 ), #76, .T. ) ;
#5167 = LINE ( 'NONE', #3953, #2220 ) ;
#5168 = EDGE_CURVE ( 'NONE', #3190, #2720, #1769, .T. ) ;
#5169 = FACE_OUTER_BOUND ( 'NONE', #5051, .T. ) ;
#5170 = LINE ( 'NONE', #1513, #1662 ) ;
#5171 = ORIENTED_EDGE ( 'NONE', *, *, #3392, .F. ) ;
#5172 = VECTOR ( 'NONE', #4916, 1000.000000000000000 ) ;
#5173 = DIRECTION ( 'NONE',  ( 0.000000000000000000, -1.000000000000000000, 0.000000000000000000 ) ) ;
#5174 = DIRECTION ( 'NONE',  ( -1.000000000000000000, -0.000000000000000000, -0.000000000000000000 ) ) ;
#5175 = PLANE ( 'NONE',  #3181 ) ;
#5176 = VECTOR ( 'NONE', #4520, 1000.000000000000000 ) ;
#5177 = ORIENTED_EDGE ( 'NONE', *, *, #1013, .F. ) ;
#5178 = ORIENTED_EDGE ( 'NONE', *, *, #147, .F. ) ;
#5179 = LINE ( 'NONE', #1521, #1764 ) ;
#5180 = DIRECTION ( 'NONE',  ( 0.000000000000000000, -1.338521200599385475E-16, 1.000000000000000000 ) ) ;
#5181 = DIRECTION ( 'NONE',  ( -0.000000000000000000, -0.000000000000000000, 1.000000000000000000 ) ) ;
#5182 = ORIENTED_EDGE ( 'NONE', *, *, #1184, .T. ) ;
#5183 = DIRECTION ( 'NONE',  ( 1.000000000000000000, 2.168404344971008868E-16, 0.000000000000000000 ) ) ;
#5184 = LINE ( 'NONE', #2375, #4627 ) ;
#5185 = ORIENTED_EDGE ( 'NONE', *, *, #989, .T. ) ;
#5186 = VECTOR ( 'NONE', #4014, 1000.000000000000000 ) ;
#5187 = EDGE_CURVE ( 'NONE', #2444, #3100, #2171, .T. ) ;
#5188 = DIRECTION ( 'NONE',  ( -0.000000000000000000, -1.239088197126290669E-15, 1.000000000000000000 ) ) ;
#5189 = VECTOR ( 'NONE', #3893, 1000.000000000000000 ) ;
#5190 = ORIENTED_EDGE ( 'NONE', *, *, #3192, .F. ) ;
#5191 = DIRECTION ( 'NONE',  ( 1.000000000000000000, -0.000000000000000000, -0.000000000000000000 ) ) ;
#5192 = DIRECTION ( 'NONE',  ( -0.000000000000000000, -0.000000000000000000, 1.000000000000000000 ) ) ;
#5193 = ADVANCED_FACE ( 'NONE', ( #3397 ), #4197, .T. ) ;
#5194 = ORIENTED_EDGE ( 'NONE', *, *, #820, .T. ) ;
#5195 = VECTOR ( 'NONE', #4750, 1000.000000000000000 ) ;
#5196 = EDGE_CURVE ( 'NONE', #940, #1301, #2960, .T. ) ;
#5197 = CARTESIAN_POINT ( 'NONE',  ( -5.950000000000000178, 6.500000000000000000, 2.500000000000000444 ) ) ;
#5198 = DIRECTION ( 'NONE',  ( 0.7071067811865388020, -0.7071067811865563435, -0.000000000000000000 ) ) ;
#5199 = DIRECTION ( 'NONE',  ( 0.000000000000000000, 0.000000000000000000, -1.000000000000000000 ) ) ;
#5200 = ADVANCED_FACE ( 'NONE', ( #971 ), #1423, .T. ) ;
#5201 = ORIENTED_EDGE ( 'NONE', *, *, #4417, .F. ) ;
#5202 = ORIENTED_EDGE ( 'NONE', *, *, #211, .T. ) ;
#5203 = AXIS2_PLACEMENT_3D ( 'NONE', #1273, #2883, #4149 ) ;
#5204 = PLANE ( 'NONE',  #2276 ) ;
#5205 = CARTESIAN_POINT ( 'NONE',  ( 4.500000000000000888, 2.299999999999999822, 2.224999999999999645 ) ) ;
#5206 = CARTESIAN_POINT ( 'NONE',  ( -0.2500000000000001665, 3.100000000000000533, -0.2499999999999997780 ) ) ;
#5207 = ORIENTED_EDGE ( 'NONE', *, *, #3584, .T. ) ;
#5208 = ADVANCED_FACE ( 'NONE', ( #4276 ), #4250, .F. ) ;
#5209 = DIRECTION ( 'NONE',  ( 1.000000000000000000, 2.168404344971008868E-16, -0.000000000000000000 ) ) ;
#5210 = DIRECTION ( 'NONE',  ( 0.3236155771181854490, 0.8891264907159879272, -0.3236155771181851715 ) ) ;
#5211 = EDGE_LOOP ( 'NONE', ( #546, #2484, #1770, #3024 ) ) ;
#5212 = LINE ( 'NONE', #1558, #2789 ) ;
#5213 = CARTESIAN_POINT ( 'NONE',  ( -3.690000000000000391, 5.375000000000000000, 2.224999999999999645 ) ) ;
#5214 = ORIENTED_EDGE ( 'NONE', *, *, #2798, .T. ) ;
#5215 = CARTESIAN_POINT ( 'NONE',  ( 0.2500000000000006661, 1.250000000000000000, 2.400000000000000799 ) ) ;
#5216 = LINE ( 'NONE', #1611, #29 ) ;
#5217 = EDGE_LOOP ( 'NONE', ( #994, #1817, #2054, #569 ) ) ;
#5218 =( GEOMETRIC_REPRESENTATION_CONTEXT ( 3 ) GLOBAL_UNCERTAINTY_ASSIGNED_CONTEXT ( ( #3932 ) ) GLOBAL_UNIT_ASSIGNED_CONTEXT ( ( #4651, #5007, #1766 ) ) REPRESENTATION_CONTEXT ( 'NONE', 'WORKASPACE' ) );
#5219 = VECTOR ( 'NONE', #277, 1000.000000000000000 ) ;
#5220 = ORIENTED_EDGE ( 'NONE', *, *, #2221, .T. ) ;
#5221 = CARTESIAN_POINT ( 'NONE',  ( 4.318674134265341635, 4.914168687704686178, 2.500000000000000444 ) ) ;
#5222 = PLANE ( 'NONE',  #3183 ) ;
#5223 = EDGE_CURVE ( 'NONE', #675, #2334, #1450, .T. ) ;
#5224 = ORIENTED_EDGE ( 'NONE', *, *, #3094, .F. ) ;
#5225 = ADVANCED_FACE ( 'NONE', ( #4222 ), #1026, .T. ) ;
#5226 = DIRECTION ( 'NONE',  ( 1.000000000000000000, 0.000000000000000000, 0.000000000000000000 ) ) ;
#5227 = DIRECTION ( 'NONE',  ( -2.460600675144407758E-16, -1.000000000000000000, 0.000000000000000000 ) ) ;
#5228 = DIRECTION ( 'NONE',  ( 0.000000000000000000, -1.000000000000000000, 0.000000000000000000 ) ) ;
#5229 = DIRECTION ( 'NONE',  ( -1.000000000000000000, 2.168404344971009115E-16, 0.000000000000000000 ) ) ;
#5230 = ORIENTED_EDGE ( 'NONE', *, *, #99, .F. ) ;
#5231 = DIRECTION ( 'NONE',  ( 0.7071067811865388020, 0.7071067811865563435, 0.000000000000000000 ) ) ;
#5232 =( NAMED_UNIT ( * ) SI_UNIT ( $, .STERADIAN. ) SOLID_ANGLE_UNIT ( ) );
#5233 = CARTESIAN_POINT ( 'NONE',  ( -2.240000000000004210, 6.500000000000005329, -2.500000000000000000 ) ) ;
#5234 = ADVANCED_FACE ( 'NONE', ( #2196, #1790, #2222, #2617, #4195, #4628, #4598, #3416, #1053, #3468, #3811 ), #5060, .F. ) ;
#5235 = CARTESIAN_POINT ( 'NONE',  ( -1.749999999999999778, -1.312978777688867807E-15, 0.7500000000000000000 ) ) ;
#5236 = ORIENTED_EDGE ( 'NONE', *, *, #2414, .T. ) ;
#5237 = LINE ( 'NONE', #5213, #4005 ) ;
#5238 = LINE ( 'NONE', #2406, #570 ) ;
#5239 = CARTESIAN_POINT ( 'NONE',  ( 5.950000000000000178, 0.000000000000000000, -2.500000000000000000 ) ) ;
#5240 = VECTOR ( 'NONE', #1437, 1000.000000000000000 ) ;
#5241 = VERTEX_POINT ( 'NONE', #2169 ) ;
#5242 = AXIS2_PLACEMENT_3D ( 'NONE', #2179, #903, #1383 ) ;
#5243 = CARTESIAN_POINT ( 'NONE',  ( -4.765000000000000568, 5.624999999999993783, -2.500000000000000000 ) ) ;
#5244 = CARTESIAN_POINT ( 'NONE',  ( 0.2500000000000006106, 1.100000000000000533, 1.749999999999999556 ) ) ;
#5245 = EDGE_LOOP ( 'NONE', ( #3054, #2570, #1145, #1163 ) ) ;
#5246 = CARTESIAN_POINT ( 'NONE',  ( -5.950000000000001066, 0.4249999999999999889, 2.500000000000000000 ) ) ;
#5247 = CARTESIAN_POINT ( 'NONE',  ( -3.750000000000000000, 6.499999999999997335, -1.249999999999999334 ) ) ;
#5248 = LINE ( 'NONE', #1962, #3099 ) ;
#5249 = ORIENTED_EDGE ( 'NONE', *, *, #1892, .F. ) ;
#5250 = EDGE_CURVE ( 'NONE', #322, #5157, #1352, .T. ) ;
#5251 = CARTESIAN_POINT ( 'NONE',  ( 1.749999999999999778, 6.499999999999999112, -0.7499999999999994449 ) ) ;
#5252 = VECTOR ( 'NONE', #2297, 1000.000000000000000 ) ;
#5253 = SURFACE_SIDE_STYLE ('',( #33 ) ) ;
#5254 = DIRECTION ( 'NONE',  ( -1.000000000000000000, 0.000000000000000000, -0.000000000000000000 ) ) ;
#5255 = ORIENTED_EDGE ( 'NONE', *, *, #5072, .T. ) ;
#5256 = EDGE_CURVE ( 'NONE', #2444, #808, #2668, .T. ) ;
#5257 = ADVANCED_FACE ( 'NONE', ( #4305 ), #3838, .F. ) ;
#5258 = ORIENTED_EDGE ( 'NONE', *, *, #1670, .F. ) ;
#5259 = VECTOR ( 'NONE', #3568, 1000.000000000000000 ) ;
#5260 = CARTESIAN_POINT ( 'NONE',  ( 0.2500000000000006661, 1.100000000000000089, 2.400000000000000355 ) ) ;
#5261 = LINE ( 'NONE', #424, #334 ) ;
#5262 = DIRECTION ( 'NONE',  ( 0.000000000000000000, 0.000000000000000000, -1.000000000000000000 ) ) ;
#5263 = DIRECTION ( 'NONE',  ( 1.000000000000000000, -1.230300337572202153E-16, 0.000000000000000000 ) ) ;
#5264 = EDGE_CURVE ( 'NONE', #3075, #3729, #1814, .T. ) ;
#5265 = ORIENTED_EDGE ( 'NONE', *, *, #2285, .F. ) ;
#5266 = DIRECTION ( 'NONE',  ( 0.000000000000000000, -1.000000000000000000, 0.000000000000000000 ) ) ;
#5267 = ORIENTED_EDGE ( 'NONE', *, *, #726, .T. ) ;
#5268 = CARTESIAN_POINT ( 'NONE',  ( 5.015000000000000568, 6.499999999999999112, -2.500000000000000000 ) ) ;
#5269 = VERTEX_POINT ( 'NONE', #3439 ) ;
#5270 = ORIENTED_EDGE ( 'NONE', *, *, #3287, .F. ) ;
#5271 = VECTOR ( 'NONE', #5173, 1000.000000000000000 ) ;
#5272 = ORIENTED_EDGE ( 'NONE', *, *, #3060, .F. ) ;
#5273 = NEXT_ASSEMBLY_USAGE_OCCURRENCE ( 'NAUO1', ' ', ' ', #4618, #1614, $ ) ;
#5274 = NEXT_ASSEMBLY_USAGE_OCCURRENCE ( 'NAUO2', ' ', ' ', #4618, #2490, $ ) ;
#5275 = NEXT_ASSEMBLY_USAGE_OCCURRENCE ( 'NAUO3', ' ', ' ', #4618, #2490, $ ) ;
#5276 = NEXT_ASSEMBLY_USAGE_OCCURRENCE ( 'NAUO4', ' ', ' ', #4618, #2490, $ ) ;
#5277 = NEXT_ASSEMBLY_USAGE_OCCURRENCE ( 'NAUO5', ' ', ' ', #4618, #2490, $ ) ;
#5278 = NEXT_ASSEMBLY_USAGE_OCCURRENCE ( 'NAUO6', ' ', ' ', #4618, #2490, $ ) ;
ENDSEC;
END-ISO-10303-21;
